case_index,rep,threads,thread_order,order,method,schedule_index,case,seed,kvik_threads,blas_threads,numba_pool_ceiling,cache_bytes,n,m,cell,trait,rho,fst,n_tested,n_null,n_causal,h2,alpha,he_status,he_boundary,he_curvature_se_ratio,lambda_gc_all,lambda_gc_null,calibration_lambda,converged,cv_converged,loco_converged,cv_iterations,loco_iterations,cv_best,power_bonferroni,power_5e-8,null_rejection_0.05,null_rejection_0.01,null_rejection_0.001,wall_seconds,fit_seconds,peak_rss_bytes,user_seconds,system_seconds,cpu_wall_ratio,reported_threadpools
1,1,1,1,1,mixmogam-he,1,/Users/au507860/REPOS/mixmogam/benchmarks/results/20261003-hapnest-kvik-n50000-m20000/rho0.8_fst0_rep01/unstructured_mixed,20262486,1,1,8,4000000000.0,50000,20000,unstructured,mixed,0.8,0,20000,3300,10,0.5224043112576916,0.0,interior,none,192.15549261766844,2.7343265144365,0.9514282687379741,1.0,,True,True,15,8,"[0.01, 0.5]",1.0,1.0,0.04878787878787879,0.008484848484848486,0.0009090909090909091,64.20059095800389,59.58771308301948,3342368768,33.464245,25.945358,0.9253747062680799,[]
1,1,1,1,2,ldak-kvik,2,/Users/au507860/REPOS/mixmogam/benchmarks/results/20261003-hapnest-kvik-n50000-m20000/rho0.8_fst0_rep01/unstructured_mixed,20262486,,1,,,50000,20000,unstructured,mixed,0.8,0,20000,3300,10,0.2461,-1.0,,,,2.7385327384286344,0.9434594183942085,,,,,,,,1.0,1.0,0.04787878787878788,0.008787878787878787,0.0006060606060606061,33.49075354094384,,699580416,31.521372,0.795557,0.9649507874014005,[]
1,1,4,2,1,ldak-kvik,3,/Users/au507860/REPOS/mixmogam/benchmarks/results/20261003-hapnest-kvik-n50000-m20000/rho0.8_fst0_rep01/unstructured_mixed,20262486,,4,,,50000,20000,unstructured,mixed,0.8,0,20000,3300,10,0.2461,-1.0,,,,2.7385327384286344,0.9434594183942085,,,,,,,,1.0,1.0,0.04787878787878788,0.008787878787878787,0.0006060606060606061,28.160835876013152,,699072512,34.855141,1.1894179999999999,1.2799534487789141,[]
1,1,4,2,2,mixmogam-he,4,/Users/au507860/REPOS/mixmogam/benchmarks/results/20261003-hapnest-kvik-n50000-m20000/rho0.8_fst0_rep01/unstructured_mixed,20262486,4,1,8,4000000000.0,50000,20000,unstructured,mixed,0.8,0,20000,3300,10,0.5224043112576916,0.0,interior,none,192.15549261766844,2.734327794044084,0.9514280749882431,1.0,,True,True,15,8,"[0.01, 0.5]",1.0,1.0,0.04878787878787879,0.008484848484848486,0.0009090909090909091,31.35238712496357,26.95609691698337,4691410944,33.705691,6.911467,1.2955044806671063,"[{""user_api"": ""openmp"", ""internal_api"": ""openmp"", ""num_threads"": 8}]"
2,1,4,1,1,mixmogam-he,5,/Users/au507860/REPOS/mixmogam/benchmarks/results/20261003-hapnest-kvik-n50000-m20000/rho0.8_fst0.05_rep01/confounded-pc_mixed,20262486,4,1,8,4000000000.0,50000,20000,confounded-pc,mixed,0.8,0.05,20000,3300,10,0.5048844418224915,-1.0,interior,none,201.9827114956921,2.6235098716905836,0.9775947948294511,1.0,,True,True,10,8,"[0.01, 0.5]",1.0,1.0,0.055757575757575756,0.014242424242424242,0.0027272727272727275,32.06326220795745,27.974733792012557,4386963456,34.533379,6.454179,1.2783339927846677,"[{""user_api"": ""openmp"", ""internal_api"": ""openmp"", ""num_threads"": 8}]"
2,1,4,1,2,ldak-kvik,6,/Users/au507860/REPOS/mixmogam/benchmarks/results/20261003-hapnest-kvik-n50000-m20000/rho0.8_fst0.05_rep01/confounded-pc_mixed,20262486,,4,,,50000,20000,confounded-pc,mixed,0.8,0.05,20000,3300,10,0.2479,-1.0,,,,2.466464960796443,0.9189495137745044,,,,,,,,1.0,1.0,0.04787878787878788,0.013333333333333334,0.0030303030303030303,30.0947040420142,,701530112,37.254166999999995,1.034861,1.2722845835780932,[]
2,1,1,2,1,ldak-kvik,7,/Users/au507860/REPOS/mixmogam/benchmarks/results/20261003-hapnest-kvik-n50000-m20000/rho0.8_fst0.05_rep01/confounded-pc_mixed,20262486,,1,,,50000,20000,confounded-pc,mixed,0.8,0.05,20000,3300,10,0.2479,-1.0,,,,2.466464960796443,0.9189495137745044,,,,,,,,1.0,1.0,0.04787878787878788,0.013333333333333334,0.0030303030303030303,36.71405341604259,,702578688,34.754113,0.7500889999999999,0.9670466400881268,[]
2,1,1,2,2,mixmogam-he,8,/Users/au507860/REPOS/mixmogam/benchmarks/results/20261003-hapnest-kvik-n50000-m20000/rho0.8_fst0.05_rep01/confounded-pc_mixed,20262486,1,1,8,4000000000.0,50000,20000,confounded-pc,mixed,0.8,0.05,20000,3300,10,0.5048844418543909,-1.0,interior,none,201.9827115152676,2.623509895786739,0.9775946464390946,1.0,,True,True,10,8,"[0.01, 0.5]",1.0,1.0,0.055757575757575756,0.014242424242424242,0.0027272727272727275,51.06299520900939,46.367802750028204,4243243008,32.981525,13.75004,0.9151747720383396,[]
1,2,4,1,1,mixmogam-he,9,/Users/au507860/REPOS/mixmogam/benchmarks/results/20261003-hapnest-kvik-n50000-m20000/rho0.8_fst0_rep01/unstructured_mixed,20262486,4,1,8,4000000000.0,50000,20000,unstructured,mixed,0.8,0,20000,3300,10,0.5224043112576916,0.0,interior,none,192.15549261766844,2.734327794044084,0.9514280749882431,1.0,,True,True,15,8,"[0.01, 0.5]",1.0,1.0,0.04878787878787879,0.008484848484848486,0.0009090909090909091,50.297200832981616,40.7337269159616,4137975808,39.259814,13.86857,1.0562890801104359,"[{""user_api"": ""openmp"", ""internal_api"": ""openmp"", ""num_threads"": 8}]"
1,2,4,1,2,ldak-kvik,10,/Users/au507860/REPOS/mixmogam/benchmarks/results/20261003-hapnest-kvik-n50000-m20000/rho0.8_fst0_rep01/unstructured_mixed,20262486,,4,,,50000,20000,unstructured,mixed,0.8,0,20000,3300,10,0.2461,-1.0,,,,2.7385327384286344,0.9434594183942085,,,,,,,,1.0,1.0,0.04787878787878788,0.008787878787878787,0.0006060606060606061,24.50726633297745,,700563456,31.520933,0.851973,1.3209513276655582,[]
1,2,1,2,1,ldak-kvik,11,/Users/au507860/REPOS/mixmogam/benchmarks/results/20261003-hapnest-kvik-n50000-m20000/rho0.8_fst0_rep01/unstructured_mixed,20262486,,1,,,50000,20000,unstructured,mixed,0.8,0,20000,3300,10,0.2461,-1.0,,,,2.7385327384286344,0.9434594183942085,,,,,,,,1.0,1.0,0.04787878787878788,0.008787878787878787,0.0006060606060606061,33.4312614579685,,698974208,31.754457,0.779848,0.9731701282317389,[]
1,2,1,2,2,mixmogam-he,12,/Users/au507860/REPOS/mixmogam/benchmarks/results/20261003-hapnest-kvik-n50000-m20000/rho0.8_fst0_rep01/unstructured_mixed,20262486,1,1,8,4000000000.0,50000,20000,unstructured,mixed,0.8,0,20000,3300,10,0.5224043112576916,0.0,interior,none,192.15549261766844,2.7343265144365,0.9514282687379741,1.0,,True,True,15,8,"[0.01, 0.5]",1.0,1.0,0.04878787878787879,0.008484848484848486,0.0009090909090909091,58.83539558399934,54.42325112503022,4348788736,38.45675,16.959736,0.9418902592552784,[]
2,2,1,1,1,mixmogam-he,13,/Users/au507860/REPOS/mixmogam/benchmarks/results/20261003-hapnest-kvik-n50000-m20000/rho0.8_fst0.05_rep01/confounded-pc_mixed,20262486,1,1,8,4000000000.0,50000,20000,confounded-pc,mixed,0.8,0.05,20000,3300,10,0.5048844418543909,-1.0,interior,none,201.9827115152676,2.623509895786739,0.9775946464390946,1.0,,True,True,10,8,"[0.01, 0.5]",1.0,1.0,0.055757575757575756,0.014242424242424242,0.0027272727272727275,38.692350708006416,34.73982849996537,4302503936,27.522239,9.037022,0.9448705062118382,[]
2,2,1,1,2,ldak-kvik,14,/Users/au507860/REPOS/mixmogam/benchmarks/results/20261003-hapnest-kvik-n50000-m20000/rho0.8_fst0.05_rep01/confounded-pc_mixed,20262486,,1,,,50000,20000,confounded-pc,mixed,0.8,0.05,20000,3300,10,0.2479,-1.0,,,,2.466464960796443,0.9189495137745044,,,,,,,,1.0,1.0,0.04787878787878788,0.013333333333333334,0.0030303030303030303,39.63271466695005,,704364544,36.36795,1.1199729999999999,0.9458833015862372,[]
2,2,4,2,1,ldak-kvik,15,/Users/au507860/REPOS/mixmogam/benchmarks/results/20261003-hapnest-kvik-n50000-m20000/rho0.8_fst0.05_rep01/confounded-pc_mixed,20262486,,4,,,50000,20000,confounded-pc,mixed,0.8,0.05,20000,3300,10,0.2479,-1.0,,,,2.466464960796443,0.9189495137745044,,,,,,,,1.0,1.0,0.04787878787878788,0.013333333333333334,0.0030303030303030303,32.610626541951206,,698515456,39.180355000000006,1.3891360000000001,1.2440573917771958,[]
2,2,4,2,2,mixmogam-he,16,/Users/au507860/REPOS/mixmogam/benchmarks/results/20261003-hapnest-kvik-n50000-m20000/rho0.8_fst0.05_rep01/confounded-pc_mixed,20262486,4,1,8,4000000000.0,50000,20000,confounded-pc,mixed,0.8,0.05,20000,3300,10,0.5048844418224915,-1.0,interior,none,201.9827114956921,2.6235098716905836,0.9775947948294511,1.0,,True,True,10,8,"[0.01, 0.5]",1.0,1.0,0.055757575757575756,0.014242424242424242,0.0027272727272727275,38.61967516702134,27.773205625009723,4540219392,34.553068,7.316662,1.084155416090967,"[{""user_api"": ""openmp"", ""internal_api"": ""openmp"", ""num_threads"": 8}]"
1,3,1,1,1,mixmogam-he,17,/Users/au507860/REPOS/mixmogam/benchmarks/results/20261003-hapnest-kvik-n50000-m20000/rho0.8_fst0_rep01/unstructured_mixed,20262486,1,1,8,4000000000.0,50000,20000,unstructured,mixed,0.8,0,20000,3300,10,0.5224043112576916,0.0,interior,none,192.15549261766844,2.7343265144365,0.9514282687379741,1.0,,True,True,15,8,"[0.01, 0.5]",1.0,1.0,0.04878787878787879,0.008484848484848486,0.0009090909090909091,43.70817920897389,39.583702332980465,4546363392,32.970093,8.405511,0.9466329814879366,[]
1,3,1,1,2,ldak-kvik,18,/Users/au507860/REPOS/mixmogam/benchmarks/results/20261003-hapnest-kvik-n50000-m20000/rho0.8_fst0_rep01/unstructured_mixed,20262486,,1,,,50000,20000,unstructured,mixed,0.8,0,20000,3300,10,0.2461,-1.0,,,,2.7385327384286344,0.9434594183942085,,,,,,,,1.0,1.0,0.04787878787878788,0.008787878787878787,0.0006060606060606061,34.90195304196095,,699023360,32.598001000000004,1.064846,0.9644975156412815,[]
1,3,4,2,1,ldak-kvik,19,/Users/au507860/REPOS/mixmogam/benchmarks/results/20261003-hapnest-kvik-n50000-m20000/rho0.8_fst0_rep01/unstructured_mixed,20262486,,4,,,50000,20000,unstructured,mixed,0.8,0,20000,3300,10,0.2461,-1.0,,,,2.7385327384286344,0.9434594183942085,,,,,,,,1.0,1.0,0.04787878787878788,0.008787878787878787,0.0006060606060606061,25.452092207968235,,699645952,32.678771,1.08465,1.3265479601488221,[]
1,3,4,2,2,mixmogam-he,20,/Users/au507860/REPOS/mixmogam/benchmarks/results/20261003-hapnest-kvik-n50000-m20000/rho0.8_fst0_rep01/unstructured_mixed,20262486,4,1,8,4000000000.0,50000,20000,unstructured,mixed,0.8,0,20000,3300,10,0.5224043112576916,0.0,interior,none,192.15549261766844,2.734327794044084,0.9514280749882431,1.0,,True,True,15,8,"[0.01, 0.5]",1.0,1.0,0.04878787878787879,0.008484848484848486,0.0009090909090909091,33.221075666020624,29.053198291978333,5005688832,38.261461,4.858825,1.2979798256233028,"[{""user_api"": ""openmp"", ""internal_api"": ""openmp"", ""num_threads"": 8}]"
2,3,4,1,1,mixmogam-he,21,/Users/au507860/REPOS/mixmogam/benchmarks/results/20261003-hapnest-kvik-n50000-m20000/rho0.8_fst0.05_rep01/confounded-pc_mixed,20262486,4,1,8,4000000000.0,50000,20000,confounded-pc,mixed,0.8,0.05,20000,3300,10,0.5048844418224915,-1.0,interior,none,201.9827114956921,2.6235098716905836,0.9775947948294511,1.0,,True,True,10,8,"[0.01, 0.5]",1.0,1.0,0.055757575757575756,0.014242424242424242,0.0027272727272727275,27.029195000010077,22.526279082987458,5439438848,32.284841,4.605475,1.3648322119836067,"[{""user_api"": ""openmp"", ""internal_api"": ""openmp"", ""num_threads"": 8}]"
2,3,4,1,2,ldak-kvik,22,/Users/au507860/REPOS/mixmogam/benchmarks/results/20261003-hapnest-kvik-n50000-m20000/rho0.8_fst0.05_rep01/confounded-pc_mixed,20262486,,4,,,50000,20000,confounded-pc,mixed,0.8,0.05,20000,3300,10,0.2479,-1.0,,,,2.466464960796443,0.9189495137745044,,,,,,,,1.0,1.0,0.04787878787878788,0.013333333333333334,0.0030303030303030303,28.24522462504683,,701857792,36.427072,1.140895,1.3300643736671192,[]
2,3,1,2,1,ldak-kvik,23,/Users/au507860/REPOS/mixmogam/benchmarks/results/20261003-hapnest-kvik-n50000-m20000/rho0.8_fst0.05_rep01/confounded-pc_mixed,20262486,,1,,,50000,20000,confounded-pc,mixed,0.8,0.05,20000,3300,10,0.2479,-1.0,,,,2.466464960796443,0.9189495137745044,,,,,,,,1.0,1.0,0.04787878787878788,0.013333333333333334,0.0030303030303030303,40.540169165993575,,700579840,37.660697,1.146232,0.957246350924271,[]
2,3,1,2,2,mixmogam-he,24,/Users/au507860/REPOS/mixmogam/benchmarks/results/20261003-hapnest-kvik-n50000-m20000/rho0.8_fst0.05_rep01/confounded-pc_mixed,20262486,1,1,8,4000000000.0,50000,20000,confounded-pc,mixed,0.8,0.05,20000,3300,10,0.5048844418543909,-1.0,interior,none,201.9827115152676,2.623509895786739,0.9775946464390946,1.0,,True,True,10,8,"[0.01, 0.5]",1.0,1.0,0.055757575757575756,0.014242424242424242,0.0027272727272727275,39.00090133299818,34.36912216601195,4739432448,29.635069,7.849552,0.9611219156180046,[]
