case_index,rep,method,threads,reference_threads,subset,n,pearson_logp,spearman_logp,median_abs_log10_difference,max_abs_log10_difference
1,1,mixmogam-he,4,1,all_variants,20000,1.0,0.9999999999355003,2.3336559815123614e-07,9.443979877232778e-06
1,1,mixmogam-he,4,1,null_chromosomes,3300,0.9999999999997092,0.999999998998247,1.9395397862515679e-07,1.9501388774934014e-06
1,1,ldak-kvik,4,1,all_variants,20000,0.9999999999999999,1.0,0.0,0.0
1,1,ldak-kvik,4,1,null_chromosomes,3300,1.0,1.0,0.0,0.0
2,1,mixmogam-he,4,1,all_variants,20000,0.9999999999999968,0.9999999999504998,2.203978106685156e-07,1.1453444074049912e-05
2,1,mixmogam-he,4,1,null_chromosomes,3300,0.9999999999997603,0.9999999993321647,1.856776220693357e-07,1.6044228223766055e-06
2,1,ldak-kvik,4,1,all_variants,20000,1.0,1.0,0.0,0.0
2,1,ldak-kvik,4,1,null_chromosomes,3300,0.9999999999999999,0.9999999999999999,0.0,0.0
1,2,mixmogam-he,4,1,all_variants,20000,1.0,0.9999999999355003,2.3336559815123614e-07,9.443979877232778e-06
1,2,mixmogam-he,4,1,null_chromosomes,3300,0.9999999999997092,0.999999998998247,1.9395397862515679e-07,1.9501388774934014e-06
1,2,ldak-kvik,4,1,all_variants,20000,0.9999999999999999,1.0,0.0,0.0
1,2,ldak-kvik,4,1,null_chromosomes,3300,1.0,1.0,0.0,0.0
2,2,mixmogam-he,4,1,all_variants,20000,0.9999999999999968,0.9999999999504998,2.203978106685156e-07,1.1453444074049912e-05
2,2,mixmogam-he,4,1,null_chromosomes,3300,0.9999999999997603,0.9999999993321647,1.856776220693357e-07,1.6044228223766055e-06
2,2,ldak-kvik,4,1,all_variants,20000,1.0,1.0,0.0,0.0
2,2,ldak-kvik,4,1,null_chromosomes,3300,0.9999999999999999,0.9999999999999999,0.0,0.0
1,3,mixmogam-he,4,1,all_variants,20000,1.0,0.9999999999355003,2.3336559815123614e-07,9.443979877232778e-06
1,3,mixmogam-he,4,1,null_chromosomes,3300,0.9999999999997092,0.999999998998247,1.9395397862515679e-07,1.9501388774934014e-06
1,3,ldak-kvik,4,1,all_variants,20000,0.9999999999999999,1.0,0.0,0.0
1,3,ldak-kvik,4,1,null_chromosomes,3300,1.0,1.0,0.0,0.0
2,3,mixmogam-he,4,1,all_variants,20000,0.9999999999999968,0.9999999999504998,2.203978106685156e-07,1.1453444074049912e-05
2,3,mixmogam-he,4,1,null_chromosomes,3300,0.9999999999997603,0.9999999993321647,1.856776220693357e-07,1.6044228223766055e-06
2,3,ldak-kvik,4,1,all_variants,20000,1.0,1.0,0.0,0.0
2,3,ldak-kvik,4,1,null_chromosomes,3300,0.9999999999999999,0.9999999999999999,0.0,0.0
