case_index,rep,threads,thread_order,order,method,schedule_index,case,seed,hratt_threads,blas_threads,numba_pool_ceiling,cache_bytes,storage,loco_folds,n,m,cell,trait,rho,fst,n_tested,n_null,n_causal,h2,alpha,he_status,he_boundary,he_curvature_se_ratio,lambda_gc_all,lambda_gc_null,calibration_lambda,converged,cv_converged,loco_converged,cv_iterations,loco_iterations,cv_best,power_bonferroni,power_5e-8,null_rejection_0.05,null_rejection_0.01,null_rejection_0.001,wall_seconds,fit_seconds,peak_rss_bytes,user_seconds,system_seconds,cpu_wall_ratio,reported_threadpools
1,1,1,1,1,mixmogam-he,1,/Users/au507860/REPOS/mixmogam/benchmarks/results/20261003-hapnest-kvik-n50000-m20000/rho0.8_fst0_rep01/unstructured_mixed,20262486,1,1,8,,int8,,50000,20000,unstructured,mixed,0.8,0,20000,3300,10,0.5224038468548765,0.0,interior,none,192.14659595040467,2.7163345246093176,0.9457218581225674,1.0,,True,True,15,8,"[0.01, 0.5]",1.0,1.0,0.048484848484848485,0.008181818181818182,0.0009090909090909091,44.728560958988965,40.59004141704645,1481097216,37.454796,6.171103,0.9753476987556122,[]
1,1,4,2,1,mixmogam-he,2,/Users/au507860/REPOS/mixmogam/benchmarks/results/20261003-hapnest-kvik-n50000-m20000/rho0.8_fst0_rep01/unstructured_mixed,20262486,4,1,8,,int8,,50000,20000,unstructured,mixed,0.8,0,20000,3300,10,0.5224038468548765,0.0,interior,none,192.14659595040467,2.716334856379292,0.9457232980092424,1.0,,True,True,15,8,"[0.01, 0.5]",1.0,1.0,0.048484848484848485,0.008181818181818182,0.0009090909090909091,29.723871207912453,25.790219207992777,1489387520,35.719365,4.353822,1.3481819618883484,"[{""user_api"": ""openmp"", ""internal_api"": ""openmp"", ""num_threads"": 8}]"
2,1,4,1,1,mixmogam-he,3,/Users/au507860/REPOS/mixmogam/benchmarks/results/20261003-hapnest-kvik-n50000-m20000/rho0.8_fst0.05_rep01/confounded-pc_mixed,20262486,4,1,8,,int8,,50000,20000,confounded-pc,mixed,0.8,0.05,20000,3300,10,0.5048847238554967,-1.0,interior,none,201.98224045588785,2.617207183094928,0.9836560905551005,1.0,,True,True,10,8,"[0.01, 0.5]",1.0,1.0,0.057272727272727274,0.012727272727272728,0.0027272727272727275,29.210019916994497,25.340512832975946,1502560256,33.664148,4.46302,1.3052770285109416,"[{""user_api"": ""openmp"", ""internal_api"": ""openmp"", ""num_threads"": 8}]"
2,1,1,2,1,mixmogam-he,4,/Users/au507860/REPOS/mixmogam/benchmarks/results/20261003-hapnest-kvik-n50000-m20000/rho0.8_fst0.05_rep01/confounded-pc_mixed,20262486,1,1,8,,int8,,50000,20000,confounded-pc,mixed,0.8,0.05,20000,3300,10,0.5048847238554967,-1.0,interior,none,201.98224045588785,2.617215298832387,0.9836714588267282,1.0,,True,True,10,8,"[0.01, 0.5]",1.0,1.0,0.057272727272727274,0.012727272727272728,0.0027272727272727275,46.60568395804148,42.74047187506221,1530462208,35.859239,7.765092,0.9360302713135688,[]
1,2,4,1,1,mixmogam-he,5,/Users/au507860/REPOS/mixmogam/benchmarks/results/20261003-hapnest-kvik-n50000-m20000/rho0.8_fst0_rep01/unstructured_mixed,20262486,4,1,8,,int8,,50000,20000,unstructured,mixed,0.8,0,20000,3300,10,0.5224038468548765,0.0,interior,none,192.14659595040467,2.716334856379292,0.9457232980092424,1.0,,True,True,15,8,"[0.01, 0.5]",1.0,1.0,0.048484848484848485,0.008181818181818182,0.0009090909090909091,47.487527874996886,41.79276275006123,1410859008,44.505857,15.666621,1.2671217200102343,"[{""user_api"": ""openmp"", ""internal_api"": ""openmp"", ""num_threads"": 8}]"
1,2,1,2,1,mixmogam-he,6,/Users/au507860/REPOS/mixmogam/benchmarks/results/20261003-hapnest-kvik-n50000-m20000/rho0.8_fst0_rep01/unstructured_mixed,20262486,1,1,8,,int8,,50000,20000,unstructured,mixed,0.8,0,20000,3300,10,0.5224038468548765,0.0,interior,none,192.14659595040467,2.7163345246093176,0.9457218581225674,1.0,,True,True,15,8,"[0.01, 0.5]",1.0,1.0,0.048484848484848485,0.008181818181818182,0.0009090909090909091,46.245058041997254,42.15391991706565,1444823040,37.817302,6.44907,0.9572130271692962,[]
2,2,1,1,1,mixmogam-he,7,/Users/au507860/REPOS/mixmogam/benchmarks/results/20261003-hapnest-kvik-n50000-m20000/rho0.8_fst0.05_rep01/confounded-pc_mixed,20262486,1,1,8,,int8,,50000,20000,confounded-pc,mixed,0.8,0.05,20000,3300,10,0.5048847238554967,-1.0,interior,none,201.98224045588785,2.617215298832387,0.9836714588267282,1.0,,True,True,10,8,"[0.01, 0.5]",1.0,1.0,0.057272727272727274,0.012727272727272728,0.0027272727272727275,43.09268887504004,39.09778020798694,1532198912,35.606564,6.392944,0.9746318713550217,[]
2,2,4,2,1,mixmogam-he,8,/Users/au507860/REPOS/mixmogam/benchmarks/results/20261003-hapnest-kvik-n50000-m20000/rho0.8_fst0.05_rep01/confounded-pc_mixed,20262486,4,1,8,,int8,,50000,20000,confounded-pc,mixed,0.8,0.05,20000,3300,10,0.5048847238554967,-1.0,interior,none,201.98224045588785,2.617207183094928,0.9836560905551005,1.0,,True,True,10,8,"[0.01, 0.5]",1.0,1.0,0.057272727272727274,0.012727272727272728,0.0027272727272727275,39.234146291040815,32.827235082979314,1389068288,37.586679,12.19784,1.2689079209394796,"[{""user_api"": ""openmp"", ""internal_api"": ""openmp"", ""num_threads"": 8}]"
1,3,1,1,1,mixmogam-he,9,/Users/au507860/REPOS/mixmogam/benchmarks/results/20261003-hapnest-kvik-n50000-m20000/rho0.8_fst0_rep01/unstructured_mixed,20262486,1,1,8,,int8,,50000,20000,unstructured,mixed,0.8,0,20000,3300,10,0.5224038468548765,0.0,interior,none,192.14659595040467,2.7163345246093176,0.9457218581225674,1.0,,True,True,15,8,"[0.01, 0.5]",1.0,1.0,0.048484848484848485,0.008181818181818182,0.0009090909090909091,46.39602691703476,41.91320370801259,1498710016,38.422352,6.433794,0.9668100693236432,[]
1,3,4,2,1,mixmogam-he,10,/Users/au507860/REPOS/mixmogam/benchmarks/results/20261003-hapnest-kvik-n50000-m20000/rho0.8_fst0_rep01/unstructured_mixed,20262486,4,1,8,,int8,,50000,20000,unstructured,mixed,0.8,0,20000,3300,10,0.5224038468548765,0.0,interior,none,192.14659595040467,2.716334856379292,0.9457232980092424,1.0,,True,True,15,8,"[0.01, 0.5]",1.0,1.0,0.048484848484848485,0.008181818181818182,0.0009090909090909091,33.146689584013075,29.165062041021883,1454620672,37.597585,8.618324,1.3942843035007129,"[{""user_api"": ""openmp"", ""internal_api"": ""openmp"", ""num_threads"": 8}]"
2,3,4,1,1,mixmogam-he,11,/Users/au507860/REPOS/mixmogam/benchmarks/results/20261003-hapnest-kvik-n50000-m20000/rho0.8_fst0.05_rep01/confounded-pc_mixed,20262486,4,1,8,,int8,,50000,20000,confounded-pc,mixed,0.8,0.05,20000,3300,10,0.5048847238554967,-1.0,interior,none,201.98224045588785,2.617207183094928,0.9836560905551005,1.0,,True,True,10,8,"[0.01, 0.5]",1.0,1.0,0.057272727272727274,0.012727272727272728,0.0027272727272727275,28.713749499991536,24.751940833055414,1600765952,33.155665,4.000926,1.2940347968143606,"[{""user_api"": ""openmp"", ""internal_api"": ""openmp"", ""num_threads"": 8}]"
2,3,1,2,1,mixmogam-he,12,/Users/au507860/REPOS/mixmogam/benchmarks/results/20261003-hapnest-kvik-n50000-m20000/rho0.8_fst0.05_rep01/confounded-pc_mixed,20262486,1,1,8,,int8,,50000,20000,confounded-pc,mixed,0.8,0.05,20000,3300,10,0.5048847238554967,-1.0,interior,none,201.98224045588785,2.617215298832387,0.9836714588267282,1.0,,True,True,10,8,"[0.01, 0.5]",1.0,1.0,0.057272727272727274,0.012727272727272728,0.0027272727272727275,40.68130829103757,36.9376787499059,1584365568,34.693927,5.403725,0.9856529616289124,[]
