case_index,rep,threads,thread_order,order,method,schedule_index,case,seed,hratt_threads,blas_threads,numba_pool_ceiling,cache_bytes,storage,loco_folds,n,m,cell,trait,rho,fst,stratum,n_null,lambda_gc,rejection_0.05,rejection_0.01,rejection_0.001
1,1,1,1,1,mixmogam-he,1,/Users/au507860/REPOS/mixmogam/benchmarks/results/20261003-hapnest-kvik-n50000-m20000/rho0.8_fst0_rep01/unstructured_mixed,20262486,1,1,8,,int8,,50000,20000,unstructured,mixed,0.8,0,all_null,3300,0.9457218581225674,0.048484848484848485,0.008181818181818182,0.0009090909090909091
1,1,1,1,1,mixmogam-he,1,/Users/au507860/REPOS/mixmogam/benchmarks/results/20261003-hapnest-kvik-n50000-m20000/rho0.8_fst0_rep01/unstructured_mixed,20262486,1,1,8,,int8,,50000,20000,unstructured,mixed,0.8,0,loading_q1,678,0.9221571133982072,0.032448377581120944,0.007374631268436578,0.0
1,1,1,1,1,mixmogam-he,1,/Users/au507860/REPOS/mixmogam/benchmarks/results/20261003-hapnest-kvik-n50000-m20000/rho0.8_fst0_rep01/unstructured_mixed,20262486,1,1,8,,int8,,50000,20000,unstructured,mixed,0.8,0,loading_q2,668,0.9058098252610466,0.038922155688622756,0.005988023952095809,0.0
1,1,1,1,1,mixmogam-he,1,/Users/au507860/REPOS/mixmogam/benchmarks/results/20261003-hapnest-kvik-n50000-m20000/rho0.8_fst0_rep01/unstructured_mixed,20262486,1,1,8,,int8,,50000,20000,unstructured,mixed,0.8,0,loading_q3,692,0.9706086439122726,0.05057803468208093,0.01300578034682081,0.001445086705202312
1,1,1,1,1,mixmogam-he,1,/Users/au507860/REPOS/mixmogam/benchmarks/results/20261003-hapnest-kvik-n50000-m20000/rho0.8_fst0_rep01/unstructured_mixed,20262486,1,1,8,,int8,,50000,20000,unstructured,mixed,0.8,0,loading_q4,653,0.83567726472889,0.05819295558958652,0.004594180704441042,0.0030627871362940277
1,1,1,1,1,mixmogam-he,1,/Users/au507860/REPOS/mixmogam/benchmarks/results/20261003-hapnest-kvik-n50000-m20000/rho0.8_fst0_rep01/unstructured_mixed,20262486,1,1,8,,int8,,50000,20000,unstructured,mixed,0.8,0,loading_q5,609,1.059548305694166,0.06403940886699508,0.009852216748768473,0.0
1,1,1,1,1,mixmogam-he,1,/Users/au507860/REPOS/mixmogam/benchmarks/results/20261003-hapnest-kvik-n50000-m20000/rho0.8_fst0_rep01/unstructured_mixed,20262486,1,1,8,,int8,,50000,20000,unstructured,mixed,0.8,0,maf_q1,655,0.9935165804356649,0.05648854961832061,0.007633587786259542,0.0
1,1,1,1,1,mixmogam-he,1,/Users/au507860/REPOS/mixmogam/benchmarks/results/20261003-hapnest-kvik-n50000-m20000/rho0.8_fst0_rep01/unstructured_mixed,20262486,1,1,8,,int8,,50000,20000,unstructured,mixed,0.8,0,maf_q2,608,0.9751151169874837,0.03453947368421053,0.006578947368421052,0.001644736842105263
1,1,1,1,1,mixmogam-he,1,/Users/au507860/REPOS/mixmogam/benchmarks/results/20261003-hapnest-kvik-n50000-m20000/rho0.8_fst0_rep01/unstructured_mixed,20262486,1,1,8,,int8,,50000,20000,unstructured,mixed,0.8,0,maf_q3,660,0.9170068873736619,0.05303030303030303,0.006060606060606061,0.0
1,1,1,1,1,mixmogam-he,1,/Users/au507860/REPOS/mixmogam/benchmarks/results/20261003-hapnest-kvik-n50000-m20000/rho0.8_fst0_rep01/unstructured_mixed,20262486,1,1,8,,int8,,50000,20000,unstructured,mixed,0.8,0,maf_q4,701,0.8991386167563472,0.05563480741797432,0.011412268188302425,0.0014265335235378032
1,1,1,1,1,mixmogam-he,1,/Users/au507860/REPOS/mixmogam/benchmarks/results/20261003-hapnest-kvik-n50000-m20000/rho0.8_fst0_rep01/unstructured_mixed,20262486,1,1,8,,int8,,50000,20000,unstructured,mixed,0.8,0,maf_q5,676,0.9545090696669144,0.04142011834319527,0.008875739644970414,0.0014792899408284023
1,1,1,1,1,mixmogam-he,1,/Users/au507860/REPOS/mixmogam/benchmarks/results/20261003-hapnest-kvik-n50000-m20000/rho0.8_fst0_rep01/unstructured_mixed,20262486,1,1,8,,int8,,50000,20000,unstructured,mixed,0.8,0,ld_q1,679,0.8991386167563472,0.05154639175257732,0.007363770250368188,0.0014727540500736377
1,1,1,1,1,mixmogam-he,1,/Users/au507860/REPOS/mixmogam/benchmarks/results/20261003-hapnest-kvik-n50000-m20000/rho0.8_fst0_rep01/unstructured_mixed,20262486,1,1,8,,int8,,50000,20000,unstructured,mixed,0.8,0,ld_q2,636,0.906985658686066,0.05188679245283019,0.006289308176100629,0.0
1,1,1,1,1,mixmogam-he,1,/Users/au507860/REPOS/mixmogam/benchmarks/results/20261003-hapnest-kvik-n50000-m20000/rho0.8_fst0_rep01/unstructured_mixed,20262486,1,1,8,,int8,,50000,20000,unstructured,mixed,0.8,0,ld_q3,634,0.973053764860011,0.04258675078864353,0.00946372239747634,0.0015772870662460567
1,1,1,1,1,mixmogam-he,1,/Users/au507860/REPOS/mixmogam/benchmarks/results/20261003-hapnest-kvik-n50000-m20000/rho0.8_fst0_rep01/unstructured_mixed,20262486,1,1,8,,int8,,50000,20000,unstructured,mixed,0.8,0,ld_q4,681,1.006643794159773,0.049926578560939794,0.00881057268722467,0.0014684287812041115
1,1,1,1,1,mixmogam-he,1,/Users/au507860/REPOS/mixmogam/benchmarks/results/20261003-hapnest-kvik-n50000-m20000/rho0.8_fst0_rep01/unstructured_mixed,20262486,1,1,8,,int8,,50000,20000,unstructured,mixed,0.8,0,ld_q5,670,0.9485811336629313,0.04626865671641791,0.008955223880597015,0.0
1,1,4,2,1,mixmogam-he,2,/Users/au507860/REPOS/mixmogam/benchmarks/results/20261003-hapnest-kvik-n50000-m20000/rho0.8_fst0_rep01/unstructured_mixed,20262486,4,1,8,,int8,,50000,20000,unstructured,mixed,0.8,0,all_null,3300,0.9457232980092424,0.048484848484848485,0.008181818181818182,0.0009090909090909091
1,1,4,2,1,mixmogam-he,2,/Users/au507860/REPOS/mixmogam/benchmarks/results/20261003-hapnest-kvik-n50000-m20000/rho0.8_fst0_rep01/unstructured_mixed,20262486,4,1,8,,int8,,50000,20000,unstructured,mixed,0.8,0,loading_q1,678,0.9221579813756565,0.032448377581120944,0.007374631268436578,0.0
1,1,4,2,1,mixmogam-he,2,/Users/au507860/REPOS/mixmogam/benchmarks/results/20261003-hapnest-kvik-n50000-m20000/rho0.8_fst0_rep01/unstructured_mixed,20262486,4,1,8,,int8,,50000,20000,unstructured,mixed,0.8,0,loading_q2,668,0.905809028344826,0.038922155688622756,0.005988023952095809,0.0
1,1,4,2,1,mixmogam-he,2,/Users/au507860/REPOS/mixmogam/benchmarks/results/20261003-hapnest-kvik-n50000-m20000/rho0.8_fst0_rep01/unstructured_mixed,20262486,4,1,8,,int8,,50000,20000,unstructured,mixed,0.8,0,loading_q3,692,0.9706083891543709,0.05057803468208093,0.01300578034682081,0.001445086705202312
1,1,4,2,1,mixmogam-he,2,/Users/au507860/REPOS/mixmogam/benchmarks/results/20261003-hapnest-kvik-n50000-m20000/rho0.8_fst0_rep01/unstructured_mixed,20262486,4,1,8,,int8,,50000,20000,unstructured,mixed,0.8,0,loading_q4,653,0.8356761647725809,0.05819295558958652,0.004594180704441042,0.0030627871362940277
1,1,4,2,1,mixmogam-he,2,/Users/au507860/REPOS/mixmogam/benchmarks/results/20261003-hapnest-kvik-n50000-m20000/rho0.8_fst0_rep01/unstructured_mixed,20262486,4,1,8,,int8,,50000,20000,unstructured,mixed,0.8,0,loading_q5,609,1.0595519486556078,0.06403940886699508,0.009852216748768473,0.0
1,1,4,2,1,mixmogam-he,2,/Users/au507860/REPOS/mixmogam/benchmarks/results/20261003-hapnest-kvik-n50000-m20000/rho0.8_fst0_rep01/unstructured_mixed,20262486,4,1,8,,int8,,50000,20000,unstructured,mixed,0.8,0,maf_q1,655,0.9935178246834342,0.05648854961832061,0.007633587786259542,0.0
1,1,4,2,1,mixmogam-he,2,/Users/au507860/REPOS/mixmogam/benchmarks/results/20261003-hapnest-kvik-n50000-m20000/rho0.8_fst0_rep01/unstructured_mixed,20262486,4,1,8,,int8,,50000,20000,unstructured,mixed,0.8,0,maf_q2,608,0.9751146037206483,0.03453947368421053,0.006578947368421052,0.001644736842105263
1,1,4,2,1,mixmogam-he,2,/Users/au507860/REPOS/mixmogam/benchmarks/results/20261003-hapnest-kvik-n50000-m20000/rho0.8_fst0_rep01/unstructured_mixed,20262486,4,1,8,,int8,,50000,20000,unstructured,mixed,0.8,0,maf_q3,660,0.9170066235813854,0.05303030303030303,0.006060606060606061,0.0
1,1,4,2,1,mixmogam-he,2,/Users/au507860/REPOS/mixmogam/benchmarks/results/20261003-hapnest-kvik-n50000-m20000/rho0.8_fst0_rep01/unstructured_mixed,20262486,4,1,8,,int8,,50000,20000,unstructured,mixed,0.8,0,maf_q4,701,0.8991416777931606,0.05563480741797432,0.011412268188302425,0.0014265335235378032
1,1,4,2,1,mixmogam-he,2,/Users/au507860/REPOS/mixmogam/benchmarks/results/20261003-hapnest-kvik-n50000-m20000/rho0.8_fst0_rep01/unstructured_mixed,20262486,4,1,8,,int8,,50000,20000,unstructured,mixed,0.8,0,maf_q5,676,0.9545103056674484,0.04142011834319527,0.008875739644970414,0.0014792899408284023
1,1,4,2,1,mixmogam-he,2,/Users/au507860/REPOS/mixmogam/benchmarks/results/20261003-hapnest-kvik-n50000-m20000/rho0.8_fst0_rep01/unstructured_mixed,20262486,4,1,8,,int8,,50000,20000,unstructured,mixed,0.8,0,ld_q1,679,0.8991416777931606,0.05154639175257732,0.007363770250368188,0.0014727540500736377
1,1,4,2,1,mixmogam-he,2,/Users/au507860/REPOS/mixmogam/benchmarks/results/20261003-hapnest-kvik-n50000-m20000/rho0.8_fst0_rep01/unstructured_mixed,20262486,4,1,8,,int8,,50000,20000,unstructured,mixed,0.8,0,ld_q2,636,0.9069846930785491,0.05188679245283019,0.006289308176100629,0.0
1,1,4,2,1,mixmogam-he,2,/Users/au507860/REPOS/mixmogam/benchmarks/results/20261003-hapnest-kvik-n50000-m20000/rho0.8_fst0_rep01/unstructured_mixed,20262486,4,1,8,,int8,,50000,20000,unstructured,mixed,0.8,0,ld_q3,634,0.9730545352592668,0.04258675078864353,0.00946372239747634,0.0015772870662460567
1,1,4,2,1,mixmogam-he,2,/Users/au507860/REPOS/mixmogam/benchmarks/results/20261003-hapnest-kvik-n50000-m20000/rho0.8_fst0_rep01/unstructured_mixed,20262486,4,1,8,,int8,,50000,20000,unstructured,mixed,0.8,0,ld_q4,681,1.006644558028136,0.049926578560939794,0.00881057268722467,0.0014684287812041115
1,1,4,2,1,mixmogam-he,2,/Users/au507860/REPOS/mixmogam/benchmarks/results/20261003-hapnest-kvik-n50000-m20000/rho0.8_fst0_rep01/unstructured_mixed,20262486,4,1,8,,int8,,50000,20000,unstructured,mixed,0.8,0,ld_q5,670,0.948582810590918,0.04626865671641791,0.008955223880597015,0.0
2,1,4,1,1,mixmogam-he,3,/Users/au507860/REPOS/mixmogam/benchmarks/results/20261003-hapnest-kvik-n50000-m20000/rho0.8_fst0.05_rep01/confounded-pc_mixed,20262486,4,1,8,,int8,,50000,20000,confounded-pc,mixed,0.8,0.05,all_null,3300,0.9836560905551005,0.057272727272727274,0.012727272727272728,0.0027272727272727275
2,1,4,1,1,mixmogam-he,3,/Users/au507860/REPOS/mixmogam/benchmarks/results/20261003-hapnest-kvik-n50000-m20000/rho0.8_fst0.05_rep01/confounded-pc_mixed,20262486,4,1,8,,int8,,50000,20000,confounded-pc,mixed,0.8,0.05,loading_q1,623,1.1159360785572008,0.07223113964686999,0.019261637239165328,0.008025682182985553
2,1,4,1,1,mixmogam-he,3,/Users/au507860/REPOS/mixmogam/benchmarks/results/20261003-hapnest-kvik-n50000-m20000/rho0.8_fst0.05_rep01/confounded-pc_mixed,20262486,4,1,8,,int8,,50000,20000,confounded-pc,mixed,0.8,0.05,loading_q2,633,0.9513755569652904,0.06003159557661927,0.01263823064770932,0.001579778830963665
2,1,4,1,1,mixmogam-he,3,/Users/au507860/REPOS/mixmogam/benchmarks/results/20261003-hapnest-kvik-n50000-m20000/rho0.8_fst0.05_rep01/confounded-pc_mixed,20262486,4,1,8,,int8,,50000,20000,confounded-pc,mixed,0.8,0.05,loading_q3,678,0.9491854628643432,0.05752212389380531,0.0058997050147492625,0.0
2,1,4,1,1,mixmogam-he,3,/Users/au507860/REPOS/mixmogam/benchmarks/results/20261003-hapnest-kvik-n50000-m20000/rho0.8_fst0.05_rep01/confounded-pc_mixed,20262486,4,1,8,,int8,,50000,20000,confounded-pc,mixed,0.8,0.05,loading_q4,693,0.9020304666044351,0.05194805194805195,0.017316017316017316,0.004329004329004329
2,1,4,1,1,mixmogam-he,3,/Users/au507860/REPOS/mixmogam/benchmarks/results/20261003-hapnest-kvik-n50000-m20000/rho0.8_fst0.05_rep01/confounded-pc_mixed,20262486,4,1,8,,int8,,50000,20000,confounded-pc,mixed,0.8,0.05,loading_q5,673,1.0344082299368669,0.04606240713224369,0.008915304606240713,0.0
2,1,4,1,1,mixmogam-he,3,/Users/au507860/REPOS/mixmogam/benchmarks/results/20261003-hapnest-kvik-n50000-m20000/rho0.8_fst0.05_rep01/confounded-pc_mixed,20262486,4,1,8,,int8,,50000,20000,confounded-pc,mixed,0.8,0.05,maf_q1,666,0.9251900908217874,0.046546546546546545,0.006006006006006006,0.0045045045045045045
2,1,4,1,1,mixmogam-he,3,/Users/au507860/REPOS/mixmogam/benchmarks/results/20261003-hapnest-kvik-n50000-m20000/rho0.8_fst0.05_rep01/confounded-pc_mixed,20262486,4,1,8,,int8,,50000,20000,confounded-pc,mixed,0.8,0.05,maf_q2,623,1.0766056545296465,0.05778491171749599,0.016051364365971106,0.0032102728731942215
2,1,4,1,1,mixmogam-he,3,/Users/au507860/REPOS/mixmogam/benchmarks/results/20261003-hapnest-kvik-n50000-m20000/rho0.8_fst0.05_rep01/confounded-pc_mixed,20262486,4,1,8,,int8,,50000,20000,confounded-pc,mixed,0.8,0.05,maf_q3,649,1.1624348597832905,0.06471494607087827,0.020030816640986132,0.0
2,1,4,1,1,mixmogam-he,3,/Users/au507860/REPOS/mixmogam/benchmarks/results/20261003-hapnest-kvik-n50000-m20000/rho0.8_fst0.05_rep01/confounded-pc_mixed,20262486,4,1,8,,int8,,50000,20000,confounded-pc,mixed,0.8,0.05,maf_q4,682,0.9305441855722034,0.05571847507331378,0.008797653958944282,0.002932551319648094
2,1,4,1,1,mixmogam-he,3,/Users/au507860/REPOS/mixmogam/benchmarks/results/20261003-hapnest-kvik-n50000-m20000/rho0.8_fst0.05_rep01/confounded-pc_mixed,20262486,4,1,8,,int8,,50000,20000,confounded-pc,mixed,0.8,0.05,maf_q5,680,0.9188358831508836,0.061764705882352944,0.013235294117647059,0.0029411764705882353
2,1,4,1,1,mixmogam-he,3,/Users/au507860/REPOS/mixmogam/benchmarks/results/20261003-hapnest-kvik-n50000-m20000/rho0.8_fst0.05_rep01/confounded-pc_mixed,20262486,4,1,8,,int8,,50000,20000,confounded-pc,mixed,0.8,0.05,ld_q1,706,0.9461012102798312,0.03541076487252125,0.0084985835694051,0.0
2,1,4,1,1,mixmogam-he,3,/Users/au507860/REPOS/mixmogam/benchmarks/results/20261003-hapnest-kvik-n50000-m20000/rho0.8_fst0.05_rep01/confounded-pc_mixed,20262486,4,1,8,,int8,,50000,20000,confounded-pc,mixed,0.8,0.05,ld_q2,646,1.0434253837110388,0.05727554179566564,0.01238390092879257,0.0030959752321981426
2,1,4,1,1,mixmogam-he,3,/Users/au507860/REPOS/mixmogam/benchmarks/results/20261003-hapnest-kvik-n50000-m20000/rho0.8_fst0.05_rep01/confounded-pc_mixed,20262486,4,1,8,,int8,,50000,20000,confounded-pc,mixed,0.8,0.05,ld_q3,652,0.9959811363457601,0.06134969325153374,0.018404907975460124,0.003067484662576687
2,1,4,1,1,mixmogam-he,3,/Users/au507860/REPOS/mixmogam/benchmarks/results/20261003-hapnest-kvik-n50000-m20000/rho0.8_fst0.05_rep01/confounded-pc_mixed,20262486,4,1,8,,int8,,50000,20000,confounded-pc,mixed,0.8,0.05,ld_q4,636,0.9854087572948215,0.06132075471698113,0.007861635220125786,0.0015723270440251573
2,1,4,1,1,mixmogam-he,3,/Users/au507860/REPOS/mixmogam/benchmarks/results/20261003-hapnest-kvik-n50000-m20000/rho0.8_fst0.05_rep01/confounded-pc_mixed,20262486,4,1,8,,int8,,50000,20000,confounded-pc,mixed,0.8,0.05,ld_q5,660,0.8861203990682599,0.07272727272727272,0.016666666666666666,0.006060606060606061
2,1,1,2,1,mixmogam-he,4,/Users/au507860/REPOS/mixmogam/benchmarks/results/20261003-hapnest-kvik-n50000-m20000/rho0.8_fst0.05_rep01/confounded-pc_mixed,20262486,1,1,8,,int8,,50000,20000,confounded-pc,mixed,0.8,0.05,all_null,3300,0.9836714588267282,0.057272727272727274,0.012727272727272728,0.0027272727272727275
2,1,1,2,1,mixmogam-he,4,/Users/au507860/REPOS/mixmogam/benchmarks/results/20261003-hapnest-kvik-n50000-m20000/rho0.8_fst0.05_rep01/confounded-pc_mixed,20262486,1,1,8,,int8,,50000,20000,confounded-pc,mixed,0.8,0.05,loading_q1,623,1.1159464746036927,0.07223113964686999,0.019261637239165328,0.008025682182985553
2,1,1,2,1,mixmogam-he,4,/Users/au507860/REPOS/mixmogam/benchmarks/results/20261003-hapnest-kvik-n50000-m20000/rho0.8_fst0.05_rep01/confounded-pc_mixed,20262486,1,1,8,,int8,,50000,20000,confounded-pc,mixed,0.8,0.05,loading_q2,633,0.9513888031870781,0.06003159557661927,0.01263823064770932,0.001579778830963665
2,1,1,2,1,mixmogam-he,4,/Users/au507860/REPOS/mixmogam/benchmarks/results/20261003-hapnest-kvik-n50000-m20000/rho0.8_fst0.05_rep01/confounded-pc_mixed,20262486,1,1,8,,int8,,50000,20000,confounded-pc,mixed,0.8,0.05,loading_q3,678,0.9491749463431578,0.05752212389380531,0.0058997050147492625,0.0
2,1,1,2,1,mixmogam-he,4,/Users/au507860/REPOS/mixmogam/benchmarks/results/20261003-hapnest-kvik-n50000-m20000/rho0.8_fst0.05_rep01/confounded-pc_mixed,20262486,1,1,8,,int8,,50000,20000,confounded-pc,mixed,0.8,0.05,loading_q4,693,0.9020380461563163,0.05194805194805195,0.017316017316017316,0.004329004329004329
2,1,1,2,1,mixmogam-he,4,/Users/au507860/REPOS/mixmogam/benchmarks/results/20261003-hapnest-kvik-n50000-m20000/rho0.8_fst0.05_rep01/confounded-pc_mixed,20262486,1,1,8,,int8,,50000,20000,confounded-pc,mixed,0.8,0.05,loading_q5,673,1.0344027841302454,0.04606240713224369,0.008915304606240713,0.0
2,1,1,2,1,mixmogam-he,4,/Users/au507860/REPOS/mixmogam/benchmarks/results/20261003-hapnest-kvik-n50000-m20000/rho0.8_fst0.05_rep01/confounded-pc_mixed,20262486,1,1,8,,int8,,50000,20000,confounded-pc,mixed,0.8,0.05,maf_q1,666,0.925191464903661,0.046546546546546545,0.006006006006006006,0.0045045045045045045
2,1,1,2,1,mixmogam-he,4,/Users/au507860/REPOS/mixmogam/benchmarks/results/20261003-hapnest-kvik-n50000-m20000/rho0.8_fst0.05_rep01/confounded-pc_mixed,20262486,1,1,8,,int8,,50000,20000,confounded-pc,mixed,0.8,0.05,maf_q2,623,1.07660353174745,0.05778491171749599,0.016051364365971106,0.0032102728731942215
2,1,1,2,1,mixmogam-he,4,/Users/au507860/REPOS/mixmogam/benchmarks/results/20261003-hapnest-kvik-n50000-m20000/rho0.8_fst0.05_rep01/confounded-pc_mixed,20262486,1,1,8,,int8,,50000,20000,confounded-pc,mixed,0.8,0.05,maf_q3,649,1.1624508008880299,0.06471494607087827,0.020030816640986132,0.0
2,1,1,2,1,mixmogam-he,4,/Users/au507860/REPOS/mixmogam/benchmarks/results/20261003-hapnest-kvik-n50000-m20000/rho0.8_fst0.05_rep01/confounded-pc_mixed,20262486,1,1,8,,int8,,50000,20000,confounded-pc,mixed,0.8,0.05,maf_q4,682,0.9305514882319439,0.05571847507331378,0.008797653958944282,0.002932551319648094
2,1,1,2,1,mixmogam-he,4,/Users/au507860/REPOS/mixmogam/benchmarks/results/20261003-hapnest-kvik-n50000-m20000/rho0.8_fst0.05_rep01/confounded-pc_mixed,20262486,1,1,8,,int8,,50000,20000,confounded-pc,mixed,0.8,0.05,maf_q5,680,0.9188412775899073,0.061764705882352944,0.013235294117647059,0.0029411764705882353
2,1,1,2,1,mixmogam-he,4,/Users/au507860/REPOS/mixmogam/benchmarks/results/20261003-hapnest-kvik-n50000-m20000/rho0.8_fst0.05_rep01/confounded-pc_mixed,20262486,1,1,8,,int8,,50000,20000,confounded-pc,mixed,0.8,0.05,ld_q1,706,0.9461185658991108,0.03541076487252125,0.0084985835694051,0.0
2,1,1,2,1,mixmogam-he,4,/Users/au507860/REPOS/mixmogam/benchmarks/results/20261003-hapnest-kvik-n50000-m20000/rho0.8_fst0.05_rep01/confounded-pc_mixed,20262486,1,1,8,,int8,,50000,20000,confounded-pc,mixed,0.8,0.05,ld_q2,646,1.043419987207369,0.05727554179566564,0.01238390092879257,0.0030959752321981426
2,1,1,2,1,mixmogam-he,4,/Users/au507860/REPOS/mixmogam/benchmarks/results/20261003-hapnest-kvik-n50000-m20000/rho0.8_fst0.05_rep01/confounded-pc_mixed,20262486,1,1,8,,int8,,50000,20000,confounded-pc,mixed,0.8,0.05,ld_q3,652,0.9959745896565629,0.06134969325153374,0.018404907975460124,0.003067484662576687
2,1,1,2,1,mixmogam-he,4,/Users/au507860/REPOS/mixmogam/benchmarks/results/20261003-hapnest-kvik-n50000-m20000/rho0.8_fst0.05_rep01/confounded-pc_mixed,20262486,1,1,8,,int8,,50000,20000,confounded-pc,mixed,0.8,0.05,ld_q4,636,0.9854236995557535,0.06132075471698113,0.007861635220125786,0.0015723270440251573
2,1,1,2,1,mixmogam-he,4,/Users/au507860/REPOS/mixmogam/benchmarks/results/20261003-hapnest-kvik-n50000-m20000/rho0.8_fst0.05_rep01/confounded-pc_mixed,20262486,1,1,8,,int8,,50000,20000,confounded-pc,mixed,0.8,0.05,ld_q5,660,0.8861264262526032,0.07272727272727272,0.016666666666666666,0.006060606060606061
1,2,4,1,1,mixmogam-he,5,/Users/au507860/REPOS/mixmogam/benchmarks/results/20261003-hapnest-kvik-n50000-m20000/rho0.8_fst0_rep01/unstructured_mixed,20262486,4,1,8,,int8,,50000,20000,unstructured,mixed,0.8,0,all_null,3300,0.9457232980092424,0.048484848484848485,0.008181818181818182,0.0009090909090909091
1,2,4,1,1,mixmogam-he,5,/Users/au507860/REPOS/mixmogam/benchmarks/results/20261003-hapnest-kvik-n50000-m20000/rho0.8_fst0_rep01/unstructured_mixed,20262486,4,1,8,,int8,,50000,20000,unstructured,mixed,0.8,0,loading_q1,678,0.9221579813756565,0.032448377581120944,0.007374631268436578,0.0
1,2,4,1,1,mixmogam-he,5,/Users/au507860/REPOS/mixmogam/benchmarks/results/20261003-hapnest-kvik-n50000-m20000/rho0.8_fst0_rep01/unstructured_mixed,20262486,4,1,8,,int8,,50000,20000,unstructured,mixed,0.8,0,loading_q2,668,0.905809028344826,0.038922155688622756,0.005988023952095809,0.0
1,2,4,1,1,mixmogam-he,5,/Users/au507860/REPOS/mixmogam/benchmarks/results/20261003-hapnest-kvik-n50000-m20000/rho0.8_fst0_rep01/unstructured_mixed,20262486,4,1,8,,int8,,50000,20000,unstructured,mixed,0.8,0,loading_q3,692,0.9706083891543709,0.05057803468208093,0.01300578034682081,0.001445086705202312
1,2,4,1,1,mixmogam-he,5,/Users/au507860/REPOS/mixmogam/benchmarks/results/20261003-hapnest-kvik-n50000-m20000/rho0.8_fst0_rep01/unstructured_mixed,20262486,4,1,8,,int8,,50000,20000,unstructured,mixed,0.8,0,loading_q4,653,0.8356761647725809,0.05819295558958652,0.004594180704441042,0.0030627871362940277
1,2,4,1,1,mixmogam-he,5,/Users/au507860/REPOS/mixmogam/benchmarks/results/20261003-hapnest-kvik-n50000-m20000/rho0.8_fst0_rep01/unstructured_mixed,20262486,4,1,8,,int8,,50000,20000,unstructured,mixed,0.8,0,loading_q5,609,1.0595519486556078,0.06403940886699508,0.009852216748768473,0.0
1,2,4,1,1,mixmogam-he,5,/Users/au507860/REPOS/mixmogam/benchmarks/results/20261003-hapnest-kvik-n50000-m20000/rho0.8_fst0_rep01/unstructured_mixed,20262486,4,1,8,,int8,,50000,20000,unstructured,mixed,0.8,0,maf_q1,655,0.9935178246834342,0.05648854961832061,0.007633587786259542,0.0
1,2,4,1,1,mixmogam-he,5,/Users/au507860/REPOS/mixmogam/benchmarks/results/20261003-hapnest-kvik-n50000-m20000/rho0.8_fst0_rep01/unstructured_mixed,20262486,4,1,8,,int8,,50000,20000,unstructured,mixed,0.8,0,maf_q2,608,0.9751146037206483,0.03453947368421053,0.006578947368421052,0.001644736842105263
1,2,4,1,1,mixmogam-he,5,/Users/au507860/REPOS/mixmogam/benchmarks/results/20261003-hapnest-kvik-n50000-m20000/rho0.8_fst0_rep01/unstructured_mixed,20262486,4,1,8,,int8,,50000,20000,unstructured,mixed,0.8,0,maf_q3,660,0.9170066235813854,0.05303030303030303,0.006060606060606061,0.0
1,2,4,1,1,mixmogam-he,5,/Users/au507860/REPOS/mixmogam/benchmarks/results/20261003-hapnest-kvik-n50000-m20000/rho0.8_fst0_rep01/unstructured_mixed,20262486,4,1,8,,int8,,50000,20000,unstructured,mixed,0.8,0,maf_q4,701,0.8991416777931606,0.05563480741797432,0.011412268188302425,0.0014265335235378032
1,2,4,1,1,mixmogam-he,5,/Users/au507860/REPOS/mixmogam/benchmarks/results/20261003-hapnest-kvik-n50000-m20000/rho0.8_fst0_rep01/unstructured_mixed,20262486,4,1,8,,int8,,50000,20000,unstructured,mixed,0.8,0,maf_q5,676,0.9545103056674484,0.04142011834319527,0.008875739644970414,0.0014792899408284023
1,2,4,1,1,mixmogam-he,5,/Users/au507860/REPOS/mixmogam/benchmarks/results/20261003-hapnest-kvik-n50000-m20000/rho0.8_fst0_rep01/unstructured_mixed,20262486,4,1,8,,int8,,50000,20000,unstructured,mixed,0.8,0,ld_q1,679,0.8991416777931606,0.05154639175257732,0.007363770250368188,0.0014727540500736377
1,2,4,1,1,mixmogam-he,5,/Users/au507860/REPOS/mixmogam/benchmarks/results/20261003-hapnest-kvik-n50000-m20000/rho0.8_fst0_rep01/unstructured_mixed,20262486,4,1,8,,int8,,50000,20000,unstructured,mixed,0.8,0,ld_q2,636,0.9069846930785491,0.05188679245283019,0.006289308176100629,0.0
1,2,4,1,1,mixmogam-he,5,/Users/au507860/REPOS/mixmogam/benchmarks/results/20261003-hapnest-kvik-n50000-m20000/rho0.8_fst0_rep01/unstructured_mixed,20262486,4,1,8,,int8,,50000,20000,unstructured,mixed,0.8,0,ld_q3,634,0.9730545352592668,0.04258675078864353,0.00946372239747634,0.0015772870662460567
1,2,4,1,1,mixmogam-he,5,/Users/au507860/REPOS/mixmogam/benchmarks/results/20261003-hapnest-kvik-n50000-m20000/rho0.8_fst0_rep01/unstructured_mixed,20262486,4,1,8,,int8,,50000,20000,unstructured,mixed,0.8,0,ld_q4,681,1.006644558028136,0.049926578560939794,0.00881057268722467,0.0014684287812041115
1,2,4,1,1,mixmogam-he,5,/Users/au507860/REPOS/mixmogam/benchmarks/results/20261003-hapnest-kvik-n50000-m20000/rho0.8_fst0_rep01/unstructured_mixed,20262486,4,1,8,,int8,,50000,20000,unstructured,mixed,0.8,0,ld_q5,670,0.948582810590918,0.04626865671641791,0.008955223880597015,0.0
1,2,1,2,1,mixmogam-he,6,/Users/au507860/REPOS/mixmogam/benchmarks/results/20261003-hapnest-kvik-n50000-m20000/rho0.8_fst0_rep01/unstructured_mixed,20262486,1,1,8,,int8,,50000,20000,unstructured,mixed,0.8,0,all_null,3300,0.9457218581225674,0.048484848484848485,0.008181818181818182,0.0009090909090909091
1,2,1,2,1,mixmogam-he,6,/Users/au507860/REPOS/mixmogam/benchmarks/results/20261003-hapnest-kvik-n50000-m20000/rho0.8_fst0_rep01/unstructured_mixed,20262486,1,1,8,,int8,,50000,20000,unstructured,mixed,0.8,0,loading_q1,678,0.9221571133982072,0.032448377581120944,0.007374631268436578,0.0
1,2,1,2,1,mixmogam-he,6,/Users/au507860/REPOS/mixmogam/benchmarks/results/20261003-hapnest-kvik-n50000-m20000/rho0.8_fst0_rep01/unstructured_mixed,20262486,1,1,8,,int8,,50000,20000,unstructured,mixed,0.8,0,loading_q2,668,0.9058098252610466,0.038922155688622756,0.005988023952095809,0.0
1,2,1,2,1,mixmogam-he,6,/Users/au507860/REPOS/mixmogam/benchmarks/results/20261003-hapnest-kvik-n50000-m20000/rho0.8_fst0_rep01/unstructured_mixed,20262486,1,1,8,,int8,,50000,20000,unstructured,mixed,0.8,0,loading_q3,692,0.9706086439122726,0.05057803468208093,0.01300578034682081,0.001445086705202312
1,2,1,2,1,mixmogam-he,6,/Users/au507860/REPOS/mixmogam/benchmarks/results/20261003-hapnest-kvik-n50000-m20000/rho0.8_fst0_rep01/unstructured_mixed,20262486,1,1,8,,int8,,50000,20000,unstructured,mixed,0.8,0,loading_q4,653,0.83567726472889,0.05819295558958652,0.004594180704441042,0.0030627871362940277
1,2,1,2,1,mixmogam-he,6,/Users/au507860/REPOS/mixmogam/benchmarks/results/20261003-hapnest-kvik-n50000-m20000/rho0.8_fst0_rep01/unstructured_mixed,20262486,1,1,8,,int8,,50000,20000,unstructured,mixed,0.8,0,loading_q5,609,1.059548305694166,0.06403940886699508,0.009852216748768473,0.0
1,2,1,2,1,mixmogam-he,6,/Users/au507860/REPOS/mixmogam/benchmarks/results/20261003-hapnest-kvik-n50000-m20000/rho0.8_fst0_rep01/unstructured_mixed,20262486,1,1,8,,int8,,50000,20000,unstructured,mixed,0.8,0,maf_q1,655,0.9935165804356649,0.05648854961832061,0.007633587786259542,0.0
1,2,1,2,1,mixmogam-he,6,/Users/au507860/REPOS/mixmogam/benchmarks/results/20261003-hapnest-kvik-n50000-m20000/rho0.8_fst0_rep01/unstructured_mixed,20262486,1,1,8,,int8,,50000,20000,unstructured,mixed,0.8,0,maf_q2,608,0.9751151169874837,0.03453947368421053,0.006578947368421052,0.001644736842105263
1,2,1,2,1,mixmogam-he,6,/Users/au507860/REPOS/mixmogam/benchmarks/results/20261003-hapnest-kvik-n50000-m20000/rho0.8_fst0_rep01/unstructured_mixed,20262486,1,1,8,,int8,,50000,20000,unstructured,mixed,0.8,0,maf_q3,660,0.9170068873736619,0.05303030303030303,0.006060606060606061,0.0
1,2,1,2,1,mixmogam-he,6,/Users/au507860/REPOS/mixmogam/benchmarks/results/20261003-hapnest-kvik-n50000-m20000/rho0.8_fst0_rep01/unstructured_mixed,20262486,1,1,8,,int8,,50000,20000,unstructured,mixed,0.8,0,maf_q4,701,0.8991386167563472,0.05563480741797432,0.011412268188302425,0.0014265335235378032
1,2,1,2,1,mixmogam-he,6,/Users/au507860/REPOS/mixmogam/benchmarks/results/20261003-hapnest-kvik-n50000-m20000/rho0.8_fst0_rep01/unstructured_mixed,20262486,1,1,8,,int8,,50000,20000,unstructured,mixed,0.8,0,maf_q5,676,0.9545090696669144,0.04142011834319527,0.008875739644970414,0.0014792899408284023
1,2,1,2,1,mixmogam-he,6,/Users/au507860/REPOS/mixmogam/benchmarks/results/20261003-hapnest-kvik-n50000-m20000/rho0.8_fst0_rep01/unstructured_mixed,20262486,1,1,8,,int8,,50000,20000,unstructured,mixed,0.8,0,ld_q1,679,0.8991386167563472,0.05154639175257732,0.007363770250368188,0.0014727540500736377
1,2,1,2,1,mixmogam-he,6,/Users/au507860/REPOS/mixmogam/benchmarks/results/20261003-hapnest-kvik-n50000-m20000/rho0.8_fst0_rep01/unstructured_mixed,20262486,1,1,8,,int8,,50000,20000,unstructured,mixed,0.8,0,ld_q2,636,0.906985658686066,0.05188679245283019,0.006289308176100629,0.0
1,2,1,2,1,mixmogam-he,6,/Users/au507860/REPOS/mixmogam/benchmarks/results/20261003-hapnest-kvik-n50000-m20000/rho0.8_fst0_rep01/unstructured_mixed,20262486,1,1,8,,int8,,50000,20000,unstructured,mixed,0.8,0,ld_q3,634,0.973053764860011,0.04258675078864353,0.00946372239747634,0.0015772870662460567
1,2,1,2,1,mixmogam-he,6,/Users/au507860/REPOS/mixmogam/benchmarks/results/20261003-hapnest-kvik-n50000-m20000/rho0.8_fst0_rep01/unstructured_mixed,20262486,1,1,8,,int8,,50000,20000,unstructured,mixed,0.8,0,ld_q4,681,1.006643794159773,0.049926578560939794,0.00881057268722467,0.0014684287812041115
1,2,1,2,1,mixmogam-he,6,/Users/au507860/REPOS/mixmogam/benchmarks/results/20261003-hapnest-kvik-n50000-m20000/rho0.8_fst0_rep01/unstructured_mixed,20262486,1,1,8,,int8,,50000,20000,unstructured,mixed,0.8,0,ld_q5,670,0.9485811336629313,0.04626865671641791,0.008955223880597015,0.0
2,2,1,1,1,mixmogam-he,7,/Users/au507860/REPOS/mixmogam/benchmarks/results/20261003-hapnest-kvik-n50000-m20000/rho0.8_fst0.05_rep01/confounded-pc_mixed,20262486,1,1,8,,int8,,50000,20000,confounded-pc,mixed,0.8,0.05,all_null,3300,0.9836714588267282,0.057272727272727274,0.012727272727272728,0.0027272727272727275
2,2,1,1,1,mixmogam-he,7,/Users/au507860/REPOS/mixmogam/benchmarks/results/20261003-hapnest-kvik-n50000-m20000/rho0.8_fst0.05_rep01/confounded-pc_mixed,20262486,1,1,8,,int8,,50000,20000,confounded-pc,mixed,0.8,0.05,loading_q1,623,1.1159464746036927,0.07223113964686999,0.019261637239165328,0.008025682182985553
2,2,1,1,1,mixmogam-he,7,/Users/au507860/REPOS/mixmogam/benchmarks/results/20261003-hapnest-kvik-n50000-m20000/rho0.8_fst0.05_rep01/confounded-pc_mixed,20262486,1,1,8,,int8,,50000,20000,confounded-pc,mixed,0.8,0.05,loading_q2,633,0.9513888031870781,0.06003159557661927,0.01263823064770932,0.001579778830963665
2,2,1,1,1,mixmogam-he,7,/Users/au507860/REPOS/mixmogam/benchmarks/results/20261003-hapnest-kvik-n50000-m20000/rho0.8_fst0.05_rep01/confounded-pc_mixed,20262486,1,1,8,,int8,,50000,20000,confounded-pc,mixed,0.8,0.05,loading_q3,678,0.9491749463431578,0.05752212389380531,0.0058997050147492625,0.0
2,2,1,1,1,mixmogam-he,7,/Users/au507860/REPOS/mixmogam/benchmarks/results/20261003-hapnest-kvik-n50000-m20000/rho0.8_fst0.05_rep01/confounded-pc_mixed,20262486,1,1,8,,int8,,50000,20000,confounded-pc,mixed,0.8,0.05,loading_q4,693,0.9020380461563163,0.05194805194805195,0.017316017316017316,0.004329004329004329
2,2,1,1,1,mixmogam-he,7,/Users/au507860/REPOS/mixmogam/benchmarks/results/20261003-hapnest-kvik-n50000-m20000/rho0.8_fst0.05_rep01/confounded-pc_mixed,20262486,1,1,8,,int8,,50000,20000,confounded-pc,mixed,0.8,0.05,loading_q5,673,1.0344027841302454,0.04606240713224369,0.008915304606240713,0.0
2,2,1,1,1,mixmogam-he,7,/Users/au507860/REPOS/mixmogam/benchmarks/results/20261003-hapnest-kvik-n50000-m20000/rho0.8_fst0.05_rep01/confounded-pc_mixed,20262486,1,1,8,,int8,,50000,20000,confounded-pc,mixed,0.8,0.05,maf_q1,666,0.925191464903661,0.046546546546546545,0.006006006006006006,0.0045045045045045045
2,2,1,1,1,mixmogam-he,7,/Users/au507860/REPOS/mixmogam/benchmarks/results/20261003-hapnest-kvik-n50000-m20000/rho0.8_fst0.05_rep01/confounded-pc_mixed,20262486,1,1,8,,int8,,50000,20000,confounded-pc,mixed,0.8,0.05,maf_q2,623,1.07660353174745,0.05778491171749599,0.016051364365971106,0.0032102728731942215
2,2,1,1,1,mixmogam-he,7,/Users/au507860/REPOS/mixmogam/benchmarks/results/20261003-hapnest-kvik-n50000-m20000/rho0.8_fst0.05_rep01/confounded-pc_mixed,20262486,1,1,8,,int8,,50000,20000,confounded-pc,mixed,0.8,0.05,maf_q3,649,1.1624508008880299,0.06471494607087827,0.020030816640986132,0.0
2,2,1,1,1,mixmogam-he,7,/Users/au507860/REPOS/mixmogam/benchmarks/results/20261003-hapnest-kvik-n50000-m20000/rho0.8_fst0.05_rep01/confounded-pc_mixed,20262486,1,1,8,,int8,,50000,20000,confounded-pc,mixed,0.8,0.05,maf_q4,682,0.9305514882319439,0.05571847507331378,0.008797653958944282,0.002932551319648094
2,2,1,1,1,mixmogam-he,7,/Users/au507860/REPOS/mixmogam/benchmarks/results/20261003-hapnest-kvik-n50000-m20000/rho0.8_fst0.05_rep01/confounded-pc_mixed,20262486,1,1,8,,int8,,50000,20000,confounded-pc,mixed,0.8,0.05,maf_q5,680,0.9188412775899073,0.061764705882352944,0.013235294117647059,0.0029411764705882353
2,2,1,1,1,mixmogam-he,7,/Users/au507860/REPOS/mixmogam/benchmarks/results/20261003-hapnest-kvik-n50000-m20000/rho0.8_fst0.05_rep01/confounded-pc_mixed,20262486,1,1,8,,int8,,50000,20000,confounded-pc,mixed,0.8,0.05,ld_q1,706,0.9461185658991108,0.03541076487252125,0.0084985835694051,0.0
2,2,1,1,1,mixmogam-he,7,/Users/au507860/REPOS/mixmogam/benchmarks/results/20261003-hapnest-kvik-n50000-m20000/rho0.8_fst0.05_rep01/confounded-pc_mixed,20262486,1,1,8,,int8,,50000,20000,confounded-pc,mixed,0.8,0.05,ld_q2,646,1.043419987207369,0.05727554179566564,0.01238390092879257,0.0030959752321981426
2,2,1,1,1,mixmogam-he,7,/Users/au507860/REPOS/mixmogam/benchmarks/results/20261003-hapnest-kvik-n50000-m20000/rho0.8_fst0.05_rep01/confounded-pc_mixed,20262486,1,1,8,,int8,,50000,20000,confounded-pc,mixed,0.8,0.05,ld_q3,652,0.9959745896565629,0.06134969325153374,0.018404907975460124,0.003067484662576687
2,2,1,1,1,mixmogam-he,7,/Users/au507860/REPOS/mixmogam/benchmarks/results/20261003-hapnest-kvik-n50000-m20000/rho0.8_fst0.05_rep01/confounded-pc_mixed,20262486,1,1,8,,int8,,50000,20000,confounded-pc,mixed,0.8,0.05,ld_q4,636,0.9854236995557535,0.06132075471698113,0.007861635220125786,0.0015723270440251573
2,2,1,1,1,mixmogam-he,7,/Users/au507860/REPOS/mixmogam/benchmarks/results/20261003-hapnest-kvik-n50000-m20000/rho0.8_fst0.05_rep01/confounded-pc_mixed,20262486,1,1,8,,int8,,50000,20000,confounded-pc,mixed,0.8,0.05,ld_q5,660,0.8861264262526032,0.07272727272727272,0.016666666666666666,0.006060606060606061
2,2,4,2,1,mixmogam-he,8,/Users/au507860/REPOS/mixmogam/benchmarks/results/20261003-hapnest-kvik-n50000-m20000/rho0.8_fst0.05_rep01/confounded-pc_mixed,20262486,4,1,8,,int8,,50000,20000,confounded-pc,mixed,0.8,0.05,all_null,3300,0.9836560905551005,0.057272727272727274,0.012727272727272728,0.0027272727272727275
2,2,4,2,1,mixmogam-he,8,/Users/au507860/REPOS/mixmogam/benchmarks/results/20261003-hapnest-kvik-n50000-m20000/rho0.8_fst0.05_rep01/confounded-pc_mixed,20262486,4,1,8,,int8,,50000,20000,confounded-pc,mixed,0.8,0.05,loading_q1,623,1.1159360785572008,0.07223113964686999,0.019261637239165328,0.008025682182985553
2,2,4,2,1,mixmogam-he,8,/Users/au507860/REPOS/mixmogam/benchmarks/results/20261003-hapnest-kvik-n50000-m20000/rho0.8_fst0.05_rep01/confounded-pc_mixed,20262486,4,1,8,,int8,,50000,20000,confounded-pc,mixed,0.8,0.05,loading_q2,633,0.9513755569652904,0.06003159557661927,0.01263823064770932,0.001579778830963665
2,2,4,2,1,mixmogam-he,8,/Users/au507860/REPOS/mixmogam/benchmarks/results/20261003-hapnest-kvik-n50000-m20000/rho0.8_fst0.05_rep01/confounded-pc_mixed,20262486,4,1,8,,int8,,50000,20000,confounded-pc,mixed,0.8,0.05,loading_q3,678,0.9491854628643432,0.05752212389380531,0.0058997050147492625,0.0
2,2,4,2,1,mixmogam-he,8,/Users/au507860/REPOS/mixmogam/benchmarks/results/20261003-hapnest-kvik-n50000-m20000/rho0.8_fst0.05_rep01/confounded-pc_mixed,20262486,4,1,8,,int8,,50000,20000,confounded-pc,mixed,0.8,0.05,loading_q4,693,0.9020304666044351,0.05194805194805195,0.017316017316017316,0.004329004329004329
2,2,4,2,1,mixmogam-he,8,/Users/au507860/REPOS/mixmogam/benchmarks/results/20261003-hapnest-kvik-n50000-m20000/rho0.8_fst0.05_rep01/confounded-pc_mixed,20262486,4,1,8,,int8,,50000,20000,confounded-pc,mixed,0.8,0.05,loading_q5,673,1.0344082299368669,0.04606240713224369,0.008915304606240713,0.0
2,2,4,2,1,mixmogam-he,8,/Users/au507860/REPOS/mixmogam/benchmarks/results/20261003-hapnest-kvik-n50000-m20000/rho0.8_fst0.05_rep01/confounded-pc_mixed,20262486,4,1,8,,int8,,50000,20000,confounded-pc,mixed,0.8,0.05,maf_q1,666,0.9251900908217874,0.046546546546546545,0.006006006006006006,0.0045045045045045045
2,2,4,2,1,mixmogam-he,8,/Users/au507860/REPOS/mixmogam/benchmarks/results/20261003-hapnest-kvik-n50000-m20000/rho0.8_fst0.05_rep01/confounded-pc_mixed,20262486,4,1,8,,int8,,50000,20000,confounded-pc,mixed,0.8,0.05,maf_q2,623,1.0766056545296465,0.05778491171749599,0.016051364365971106,0.0032102728731942215
2,2,4,2,1,mixmogam-he,8,/Users/au507860/REPOS/mixmogam/benchmarks/results/20261003-hapnest-kvik-n50000-m20000/rho0.8_fst0.05_rep01/confounded-pc_mixed,20262486,4,1,8,,int8,,50000,20000,confounded-pc,mixed,0.8,0.05,maf_q3,649,1.1624348597832905,0.06471494607087827,0.020030816640986132,0.0
2,2,4,2,1,mixmogam-he,8,/Users/au507860/REPOS/mixmogam/benchmarks/results/20261003-hapnest-kvik-n50000-m20000/rho0.8_fst0.05_rep01/confounded-pc_mixed,20262486,4,1,8,,int8,,50000,20000,confounded-pc,mixed,0.8,0.05,maf_q4,682,0.9305441855722034,0.05571847507331378,0.008797653958944282,0.002932551319648094
2,2,4,2,1,mixmogam-he,8,/Users/au507860/REPOS/mixmogam/benchmarks/results/20261003-hapnest-kvik-n50000-m20000/rho0.8_fst0.05_rep01/confounded-pc_mixed,20262486,4,1,8,,int8,,50000,20000,confounded-pc,mixed,0.8,0.05,maf_q5,680,0.9188358831508836,0.061764705882352944,0.013235294117647059,0.0029411764705882353
2,2,4,2,1,mixmogam-he,8,/Users/au507860/REPOS/mixmogam/benchmarks/results/20261003-hapnest-kvik-n50000-m20000/rho0.8_fst0.05_rep01/confounded-pc_mixed,20262486,4,1,8,,int8,,50000,20000,confounded-pc,mixed,0.8,0.05,ld_q1,706,0.9461012102798312,0.03541076487252125,0.0084985835694051,0.0
2,2,4,2,1,mixmogam-he,8,/Users/au507860/REPOS/mixmogam/benchmarks/results/20261003-hapnest-kvik-n50000-m20000/rho0.8_fst0.05_rep01/confounded-pc_mixed,20262486,4,1,8,,int8,,50000,20000,confounded-pc,mixed,0.8,0.05,ld_q2,646,1.0434253837110388,0.05727554179566564,0.01238390092879257,0.0030959752321981426
2,2,4,2,1,mixmogam-he,8,/Users/au507860/REPOS/mixmogam/benchmarks/results/20261003-hapnest-kvik-n50000-m20000/rho0.8_fst0.05_rep01/confounded-pc_mixed,20262486,4,1,8,,int8,,50000,20000,confounded-pc,mixed,0.8,0.05,ld_q3,652,0.9959811363457601,0.06134969325153374,0.018404907975460124,0.003067484662576687
2,2,4,2,1,mixmogam-he,8,/Users/au507860/REPOS/mixmogam/benchmarks/results/20261003-hapnest-kvik-n50000-m20000/rho0.8_fst0.05_rep01/confounded-pc_mixed,20262486,4,1,8,,int8,,50000,20000,confounded-pc,mixed,0.8,0.05,ld_q4,636,0.9854087572948215,0.06132075471698113,0.007861635220125786,0.0015723270440251573
2,2,4,2,1,mixmogam-he,8,/Users/au507860/REPOS/mixmogam/benchmarks/results/20261003-hapnest-kvik-n50000-m20000/rho0.8_fst0.05_rep01/confounded-pc_mixed,20262486,4,1,8,,int8,,50000,20000,confounded-pc,mixed,0.8,0.05,ld_q5,660,0.8861203990682599,0.07272727272727272,0.016666666666666666,0.006060606060606061
1,3,1,1,1,mixmogam-he,9,/Users/au507860/REPOS/mixmogam/benchmarks/results/20261003-hapnest-kvik-n50000-m20000/rho0.8_fst0_rep01/unstructured_mixed,20262486,1,1,8,,int8,,50000,20000,unstructured,mixed,0.8,0,all_null,3300,0.9457218581225674,0.048484848484848485,0.008181818181818182,0.0009090909090909091
1,3,1,1,1,mixmogam-he,9,/Users/au507860/REPOS/mixmogam/benchmarks/results/20261003-hapnest-kvik-n50000-m20000/rho0.8_fst0_rep01/unstructured_mixed,20262486,1,1,8,,int8,,50000,20000,unstructured,mixed,0.8,0,loading_q1,678,0.9221571133982072,0.032448377581120944,0.007374631268436578,0.0
1,3,1,1,1,mixmogam-he,9,/Users/au507860/REPOS/mixmogam/benchmarks/results/20261003-hapnest-kvik-n50000-m20000/rho0.8_fst0_rep01/unstructured_mixed,20262486,1,1,8,,int8,,50000,20000,unstructured,mixed,0.8,0,loading_q2,668,0.9058098252610466,0.038922155688622756,0.005988023952095809,0.0
1,3,1,1,1,mixmogam-he,9,/Users/au507860/REPOS/mixmogam/benchmarks/results/20261003-hapnest-kvik-n50000-m20000/rho0.8_fst0_rep01/unstructured_mixed,20262486,1,1,8,,int8,,50000,20000,unstructured,mixed,0.8,0,loading_q3,692,0.9706086439122726,0.05057803468208093,0.01300578034682081,0.001445086705202312
1,3,1,1,1,mixmogam-he,9,/Users/au507860/REPOS/mixmogam/benchmarks/results/20261003-hapnest-kvik-n50000-m20000/rho0.8_fst0_rep01/unstructured_mixed,20262486,1,1,8,,int8,,50000,20000,unstructured,mixed,0.8,0,loading_q4,653,0.83567726472889,0.05819295558958652,0.004594180704441042,0.0030627871362940277
1,3,1,1,1,mixmogam-he,9,/Users/au507860/REPOS/mixmogam/benchmarks/results/20261003-hapnest-kvik-n50000-m20000/rho0.8_fst0_rep01/unstructured_mixed,20262486,1,1,8,,int8,,50000,20000,unstructured,mixed,0.8,0,loading_q5,609,1.059548305694166,0.06403940886699508,0.009852216748768473,0.0
1,3,1,1,1,mixmogam-he,9,/Users/au507860/REPOS/mixmogam/benchmarks/results/20261003-hapnest-kvik-n50000-m20000/rho0.8_fst0_rep01/unstructured_mixed,20262486,1,1,8,,int8,,50000,20000,unstructured,mixed,0.8,0,maf_q1,655,0.9935165804356649,0.05648854961832061,0.007633587786259542,0.0
1,3,1,1,1,mixmogam-he,9,/Users/au507860/REPOS/mixmogam/benchmarks/results/20261003-hapnest-kvik-n50000-m20000/rho0.8_fst0_rep01/unstructured_mixed,20262486,1,1,8,,int8,,50000,20000,unstructured,mixed,0.8,0,maf_q2,608,0.9751151169874837,0.03453947368421053,0.006578947368421052,0.001644736842105263
1,3,1,1,1,mixmogam-he,9,/Users/au507860/REPOS/mixmogam/benchmarks/results/20261003-hapnest-kvik-n50000-m20000/rho0.8_fst0_rep01/unstructured_mixed,20262486,1,1,8,,int8,,50000,20000,unstructured,mixed,0.8,0,maf_q3,660,0.9170068873736619,0.05303030303030303,0.006060606060606061,0.0
1,3,1,1,1,mixmogam-he,9,/Users/au507860/REPOS/mixmogam/benchmarks/results/20261003-hapnest-kvik-n50000-m20000/rho0.8_fst0_rep01/unstructured_mixed,20262486,1,1,8,,int8,,50000,20000,unstructured,mixed,0.8,0,maf_q4,701,0.8991386167563472,0.05563480741797432,0.011412268188302425,0.0014265335235378032
1,3,1,1,1,mixmogam-he,9,/Users/au507860/REPOS/mixmogam/benchmarks/results/20261003-hapnest-kvik-n50000-m20000/rho0.8_fst0_rep01/unstructured_mixed,20262486,1,1,8,,int8,,50000,20000,unstructured,mixed,0.8,0,maf_q5,676,0.9545090696669144,0.04142011834319527,0.008875739644970414,0.0014792899408284023
1,3,1,1,1,mixmogam-he,9,/Users/au507860/REPOS/mixmogam/benchmarks/results/20261003-hapnest-kvik-n50000-m20000/rho0.8_fst0_rep01/unstructured_mixed,20262486,1,1,8,,int8,,50000,20000,unstructured,mixed,0.8,0,ld_q1,679,0.8991386167563472,0.05154639175257732,0.007363770250368188,0.0014727540500736377
1,3,1,1,1,mixmogam-he,9,/Users/au507860/REPOS/mixmogam/benchmarks/results/20261003-hapnest-kvik-n50000-m20000/rho0.8_fst0_rep01/unstructured_mixed,20262486,1,1,8,,int8,,50000,20000,unstructured,mixed,0.8,0,ld_q2,636,0.906985658686066,0.05188679245283019,0.006289308176100629,0.0
1,3,1,1,1,mixmogam-he,9,/Users/au507860/REPOS/mixmogam/benchmarks/results/20261003-hapnest-kvik-n50000-m20000/rho0.8_fst0_rep01/unstructured_mixed,20262486,1,1,8,,int8,,50000,20000,unstructured,mixed,0.8,0,ld_q3,634,0.973053764860011,0.04258675078864353,0.00946372239747634,0.0015772870662460567
1,3,1,1,1,mixmogam-he,9,/Users/au507860/REPOS/mixmogam/benchmarks/results/20261003-hapnest-kvik-n50000-m20000/rho0.8_fst0_rep01/unstructured_mixed,20262486,1,1,8,,int8,,50000,20000,unstructured,mixed,0.8,0,ld_q4,681,1.006643794159773,0.049926578560939794,0.00881057268722467,0.0014684287812041115
1,3,1,1,1,mixmogam-he,9,/Users/au507860/REPOS/mixmogam/benchmarks/results/20261003-hapnest-kvik-n50000-m20000/rho0.8_fst0_rep01/unstructured_mixed,20262486,1,1,8,,int8,,50000,20000,unstructured,mixed,0.8,0,ld_q5,670,0.9485811336629313,0.04626865671641791,0.008955223880597015,0.0
1,3,4,2,1,mixmogam-he,10,/Users/au507860/REPOS/mixmogam/benchmarks/results/20261003-hapnest-kvik-n50000-m20000/rho0.8_fst0_rep01/unstructured_mixed,20262486,4,1,8,,int8,,50000,20000,unstructured,mixed,0.8,0,all_null,3300,0.9457232980092424,0.048484848484848485,0.008181818181818182,0.0009090909090909091
1,3,4,2,1,mixmogam-he,10,/Users/au507860/REPOS/mixmogam/benchmarks/results/20261003-hapnest-kvik-n50000-m20000/rho0.8_fst0_rep01/unstructured_mixed,20262486,4,1,8,,int8,,50000,20000,unstructured,mixed,0.8,0,loading_q1,678,0.9221579813756565,0.032448377581120944,0.007374631268436578,0.0
1,3,4,2,1,mixmogam-he,10,/Users/au507860/REPOS/mixmogam/benchmarks/results/20261003-hapnest-kvik-n50000-m20000/rho0.8_fst0_rep01/unstructured_mixed,20262486,4,1,8,,int8,,50000,20000,unstructured,mixed,0.8,0,loading_q2,668,0.905809028344826,0.038922155688622756,0.005988023952095809,0.0
1,3,4,2,1,mixmogam-he,10,/Users/au507860/REPOS/mixmogam/benchmarks/results/20261003-hapnest-kvik-n50000-m20000/rho0.8_fst0_rep01/unstructured_mixed,20262486,4,1,8,,int8,,50000,20000,unstructured,mixed,0.8,0,loading_q3,692,0.9706083891543709,0.05057803468208093,0.01300578034682081,0.001445086705202312
1,3,4,2,1,mixmogam-he,10,/Users/au507860/REPOS/mixmogam/benchmarks/results/20261003-hapnest-kvik-n50000-m20000/rho0.8_fst0_rep01/unstructured_mixed,20262486,4,1,8,,int8,,50000,20000,unstructured,mixed,0.8,0,loading_q4,653,0.8356761647725809,0.05819295558958652,0.004594180704441042,0.0030627871362940277
1,3,4,2,1,mixmogam-he,10,/Users/au507860/REPOS/mixmogam/benchmarks/results/20261003-hapnest-kvik-n50000-m20000/rho0.8_fst0_rep01/unstructured_mixed,20262486,4,1,8,,int8,,50000,20000,unstructured,mixed,0.8,0,loading_q5,609,1.0595519486556078,0.06403940886699508,0.009852216748768473,0.0
1,3,4,2,1,mixmogam-he,10,/Users/au507860/REPOS/mixmogam/benchmarks/results/20261003-hapnest-kvik-n50000-m20000/rho0.8_fst0_rep01/unstructured_mixed,20262486,4,1,8,,int8,,50000,20000,unstructured,mixed,0.8,0,maf_q1,655,0.9935178246834342,0.05648854961832061,0.007633587786259542,0.0
1,3,4,2,1,mixmogam-he,10,/Users/au507860/REPOS/mixmogam/benchmarks/results/20261003-hapnest-kvik-n50000-m20000/rho0.8_fst0_rep01/unstructured_mixed,20262486,4,1,8,,int8,,50000,20000,unstructured,mixed,0.8,0,maf_q2,608,0.9751146037206483,0.03453947368421053,0.006578947368421052,0.001644736842105263
1,3,4,2,1,mixmogam-he,10,/Users/au507860/REPOS/mixmogam/benchmarks/results/20261003-hapnest-kvik-n50000-m20000/rho0.8_fst0_rep01/unstructured_mixed,20262486,4,1,8,,int8,,50000,20000,unstructured,mixed,0.8,0,maf_q3,660,0.9170066235813854,0.05303030303030303,0.006060606060606061,0.0
1,3,4,2,1,mixmogam-he,10,/Users/au507860/REPOS/mixmogam/benchmarks/results/20261003-hapnest-kvik-n50000-m20000/rho0.8_fst0_rep01/unstructured_mixed,20262486,4,1,8,,int8,,50000,20000,unstructured,mixed,0.8,0,maf_q4,701,0.8991416777931606,0.05563480741797432,0.011412268188302425,0.0014265335235378032
1,3,4,2,1,mixmogam-he,10,/Users/au507860/REPOS/mixmogam/benchmarks/results/20261003-hapnest-kvik-n50000-m20000/rho0.8_fst0_rep01/unstructured_mixed,20262486,4,1,8,,int8,,50000,20000,unstructured,mixed,0.8,0,maf_q5,676,0.9545103056674484,0.04142011834319527,0.008875739644970414,0.0014792899408284023
1,3,4,2,1,mixmogam-he,10,/Users/au507860/REPOS/mixmogam/benchmarks/results/20261003-hapnest-kvik-n50000-m20000/rho0.8_fst0_rep01/unstructured_mixed,20262486,4,1,8,,int8,,50000,20000,unstructured,mixed,0.8,0,ld_q1,679,0.8991416777931606,0.05154639175257732,0.007363770250368188,0.0014727540500736377
1,3,4,2,1,mixmogam-he,10,/Users/au507860/REPOS/mixmogam/benchmarks/results/20261003-hapnest-kvik-n50000-m20000/rho0.8_fst0_rep01/unstructured_mixed,20262486,4,1,8,,int8,,50000,20000,unstructured,mixed,0.8,0,ld_q2,636,0.9069846930785491,0.05188679245283019,0.006289308176100629,0.0
1,3,4,2,1,mixmogam-he,10,/Users/au507860/REPOS/mixmogam/benchmarks/results/20261003-hapnest-kvik-n50000-m20000/rho0.8_fst0_rep01/unstructured_mixed,20262486,4,1,8,,int8,,50000,20000,unstructured,mixed,0.8,0,ld_q3,634,0.9730545352592668,0.04258675078864353,0.00946372239747634,0.0015772870662460567
1,3,4,2,1,mixmogam-he,10,/Users/au507860/REPOS/mixmogam/benchmarks/results/20261003-hapnest-kvik-n50000-m20000/rho0.8_fst0_rep01/unstructured_mixed,20262486,4,1,8,,int8,,50000,20000,unstructured,mixed,0.8,0,ld_q4,681,1.006644558028136,0.049926578560939794,0.00881057268722467,0.0014684287812041115
1,3,4,2,1,mixmogam-he,10,/Users/au507860/REPOS/mixmogam/benchmarks/results/20261003-hapnest-kvik-n50000-m20000/rho0.8_fst0_rep01/unstructured_mixed,20262486,4,1,8,,int8,,50000,20000,unstructured,mixed,0.8,0,ld_q5,670,0.948582810590918,0.04626865671641791,0.008955223880597015,0.0
2,3,4,1,1,mixmogam-he,11,/Users/au507860/REPOS/mixmogam/benchmarks/results/20261003-hapnest-kvik-n50000-m20000/rho0.8_fst0.05_rep01/confounded-pc_mixed,20262486,4,1,8,,int8,,50000,20000,confounded-pc,mixed,0.8,0.05,all_null,3300,0.9836560905551005,0.057272727272727274,0.012727272727272728,0.0027272727272727275
2,3,4,1,1,mixmogam-he,11,/Users/au507860/REPOS/mixmogam/benchmarks/results/20261003-hapnest-kvik-n50000-m20000/rho0.8_fst0.05_rep01/confounded-pc_mixed,20262486,4,1,8,,int8,,50000,20000,confounded-pc,mixed,0.8,0.05,loading_q1,623,1.1159360785572008,0.07223113964686999,0.019261637239165328,0.008025682182985553
2,3,4,1,1,mixmogam-he,11,/Users/au507860/REPOS/mixmogam/benchmarks/results/20261003-hapnest-kvik-n50000-m20000/rho0.8_fst0.05_rep01/confounded-pc_mixed,20262486,4,1,8,,int8,,50000,20000,confounded-pc,mixed,0.8,0.05,loading_q2,633,0.9513755569652904,0.06003159557661927,0.01263823064770932,0.001579778830963665
2,3,4,1,1,mixmogam-he,11,/Users/au507860/REPOS/mixmogam/benchmarks/results/20261003-hapnest-kvik-n50000-m20000/rho0.8_fst0.05_rep01/confounded-pc_mixed,20262486,4,1,8,,int8,,50000,20000,confounded-pc,mixed,0.8,0.05,loading_q3,678,0.9491854628643432,0.05752212389380531,0.0058997050147492625,0.0
2,3,4,1,1,mixmogam-he,11,/Users/au507860/REPOS/mixmogam/benchmarks/results/20261003-hapnest-kvik-n50000-m20000/rho0.8_fst0.05_rep01/confounded-pc_mixed,20262486,4,1,8,,int8,,50000,20000,confounded-pc,mixed,0.8,0.05,loading_q4,693,0.9020304666044351,0.05194805194805195,0.017316017316017316,0.004329004329004329
2,3,4,1,1,mixmogam-he,11,/Users/au507860/REPOS/mixmogam/benchmarks/results/20261003-hapnest-kvik-n50000-m20000/rho0.8_fst0.05_rep01/confounded-pc_mixed,20262486,4,1,8,,int8,,50000,20000,confounded-pc,mixed,0.8,0.05,loading_q5,673,1.0344082299368669,0.04606240713224369,0.008915304606240713,0.0
2,3,4,1,1,mixmogam-he,11,/Users/au507860/REPOS/mixmogam/benchmarks/results/20261003-hapnest-kvik-n50000-m20000/rho0.8_fst0.05_rep01/confounded-pc_mixed,20262486,4,1,8,,int8,,50000,20000,confounded-pc,mixed,0.8,0.05,maf_q1,666,0.9251900908217874,0.046546546546546545,0.006006006006006006,0.0045045045045045045
2,3,4,1,1,mixmogam-he,11,/Users/au507860/REPOS/mixmogam/benchmarks/results/20261003-hapnest-kvik-n50000-m20000/rho0.8_fst0.05_rep01/confounded-pc_mixed,20262486,4,1,8,,int8,,50000,20000,confounded-pc,mixed,0.8,0.05,maf_q2,623,1.0766056545296465,0.05778491171749599,0.016051364365971106,0.0032102728731942215
2,3,4,1,1,mixmogam-he,11,/Users/au507860/REPOS/mixmogam/benchmarks/results/20261003-hapnest-kvik-n50000-m20000/rho0.8_fst0.05_rep01/confounded-pc_mixed,20262486,4,1,8,,int8,,50000,20000,confounded-pc,mixed,0.8,0.05,maf_q3,649,1.1624348597832905,0.06471494607087827,0.020030816640986132,0.0
2,3,4,1,1,mixmogam-he,11,/Users/au507860/REPOS/mixmogam/benchmarks/results/20261003-hapnest-kvik-n50000-m20000/rho0.8_fst0.05_rep01/confounded-pc_mixed,20262486,4,1,8,,int8,,50000,20000,confounded-pc,mixed,0.8,0.05,maf_q4,682,0.9305441855722034,0.05571847507331378,0.008797653958944282,0.002932551319648094
2,3,4,1,1,mixmogam-he,11,/Users/au507860/REPOS/mixmogam/benchmarks/results/20261003-hapnest-kvik-n50000-m20000/rho0.8_fst0.05_rep01/confounded-pc_mixed,20262486,4,1,8,,int8,,50000,20000,confounded-pc,mixed,0.8,0.05,maf_q5,680,0.9188358831508836,0.061764705882352944,0.013235294117647059,0.0029411764705882353
2,3,4,1,1,mixmogam-he,11,/Users/au507860/REPOS/mixmogam/benchmarks/results/20261003-hapnest-kvik-n50000-m20000/rho0.8_fst0.05_rep01/confounded-pc_mixed,20262486,4,1,8,,int8,,50000,20000,confounded-pc,mixed,0.8,0.05,ld_q1,706,0.9461012102798312,0.03541076487252125,0.0084985835694051,0.0
2,3,4,1,1,mixmogam-he,11,/Users/au507860/REPOS/mixmogam/benchmarks/results/20261003-hapnest-kvik-n50000-m20000/rho0.8_fst0.05_rep01/confounded-pc_mixed,20262486,4,1,8,,int8,,50000,20000,confounded-pc,mixed,0.8,0.05,ld_q2,646,1.0434253837110388,0.05727554179566564,0.01238390092879257,0.0030959752321981426
2,3,4,1,1,mixmogam-he,11,/Users/au507860/REPOS/mixmogam/benchmarks/results/20261003-hapnest-kvik-n50000-m20000/rho0.8_fst0.05_rep01/confounded-pc_mixed,20262486,4,1,8,,int8,,50000,20000,confounded-pc,mixed,0.8,0.05,ld_q3,652,0.9959811363457601,0.06134969325153374,0.018404907975460124,0.003067484662576687
2,3,4,1,1,mixmogam-he,11,/Users/au507860/REPOS/mixmogam/benchmarks/results/20261003-hapnest-kvik-n50000-m20000/rho0.8_fst0.05_rep01/confounded-pc_mixed,20262486,4,1,8,,int8,,50000,20000,confounded-pc,mixed,0.8,0.05,ld_q4,636,0.9854087572948215,0.06132075471698113,0.007861635220125786,0.0015723270440251573
2,3,4,1,1,mixmogam-he,11,/Users/au507860/REPOS/mixmogam/benchmarks/results/20261003-hapnest-kvik-n50000-m20000/rho0.8_fst0.05_rep01/confounded-pc_mixed,20262486,4,1,8,,int8,,50000,20000,confounded-pc,mixed,0.8,0.05,ld_q5,660,0.8861203990682599,0.07272727272727272,0.016666666666666666,0.006060606060606061
2,3,1,2,1,mixmogam-he,12,/Users/au507860/REPOS/mixmogam/benchmarks/results/20261003-hapnest-kvik-n50000-m20000/rho0.8_fst0.05_rep01/confounded-pc_mixed,20262486,1,1,8,,int8,,50000,20000,confounded-pc,mixed,0.8,0.05,all_null,3300,0.9836714588267282,0.057272727272727274,0.012727272727272728,0.0027272727272727275
2,3,1,2,1,mixmogam-he,12,/Users/au507860/REPOS/mixmogam/benchmarks/results/20261003-hapnest-kvik-n50000-m20000/rho0.8_fst0.05_rep01/confounded-pc_mixed,20262486,1,1,8,,int8,,50000,20000,confounded-pc,mixed,0.8,0.05,loading_q1,623,1.1159464746036927,0.07223113964686999,0.019261637239165328,0.008025682182985553
2,3,1,2,1,mixmogam-he,12,/Users/au507860/REPOS/mixmogam/benchmarks/results/20261003-hapnest-kvik-n50000-m20000/rho0.8_fst0.05_rep01/confounded-pc_mixed,20262486,1,1,8,,int8,,50000,20000,confounded-pc,mixed,0.8,0.05,loading_q2,633,0.9513888031870781,0.06003159557661927,0.01263823064770932,0.001579778830963665
2,3,1,2,1,mixmogam-he,12,/Users/au507860/REPOS/mixmogam/benchmarks/results/20261003-hapnest-kvik-n50000-m20000/rho0.8_fst0.05_rep01/confounded-pc_mixed,20262486,1,1,8,,int8,,50000,20000,confounded-pc,mixed,0.8,0.05,loading_q3,678,0.9491749463431578,0.05752212389380531,0.0058997050147492625,0.0
2,3,1,2,1,mixmogam-he,12,/Users/au507860/REPOS/mixmogam/benchmarks/results/20261003-hapnest-kvik-n50000-m20000/rho0.8_fst0.05_rep01/confounded-pc_mixed,20262486,1,1,8,,int8,,50000,20000,confounded-pc,mixed,0.8,0.05,loading_q4,693,0.9020380461563163,0.05194805194805195,0.017316017316017316,0.004329004329004329
2,3,1,2,1,mixmogam-he,12,/Users/au507860/REPOS/mixmogam/benchmarks/results/20261003-hapnest-kvik-n50000-m20000/rho0.8_fst0.05_rep01/confounded-pc_mixed,20262486,1,1,8,,int8,,50000,20000,confounded-pc,mixed,0.8,0.05,loading_q5,673,1.0344027841302454,0.04606240713224369,0.008915304606240713,0.0
2,3,1,2,1,mixmogam-he,12,/Users/au507860/REPOS/mixmogam/benchmarks/results/20261003-hapnest-kvik-n50000-m20000/rho0.8_fst0.05_rep01/confounded-pc_mixed,20262486,1,1,8,,int8,,50000,20000,confounded-pc,mixed,0.8,0.05,maf_q1,666,0.925191464903661,0.046546546546546545,0.006006006006006006,0.0045045045045045045
2,3,1,2,1,mixmogam-he,12,/Users/au507860/REPOS/mixmogam/benchmarks/results/20261003-hapnest-kvik-n50000-m20000/rho0.8_fst0.05_rep01/confounded-pc_mixed,20262486,1,1,8,,int8,,50000,20000,confounded-pc,mixed,0.8,0.05,maf_q2,623,1.07660353174745,0.05778491171749599,0.016051364365971106,0.0032102728731942215
2,3,1,2,1,mixmogam-he,12,/Users/au507860/REPOS/mixmogam/benchmarks/results/20261003-hapnest-kvik-n50000-m20000/rho0.8_fst0.05_rep01/confounded-pc_mixed,20262486,1,1,8,,int8,,50000,20000,confounded-pc,mixed,0.8,0.05,maf_q3,649,1.1624508008880299,0.06471494607087827,0.020030816640986132,0.0
2,3,1,2,1,mixmogam-he,12,/Users/au507860/REPOS/mixmogam/benchmarks/results/20261003-hapnest-kvik-n50000-m20000/rho0.8_fst0.05_rep01/confounded-pc_mixed,20262486,1,1,8,,int8,,50000,20000,confounded-pc,mixed,0.8,0.05,maf_q4,682,0.9305514882319439,0.05571847507331378,0.008797653958944282,0.002932551319648094
2,3,1,2,1,mixmogam-he,12,/Users/au507860/REPOS/mixmogam/benchmarks/results/20261003-hapnest-kvik-n50000-m20000/rho0.8_fst0.05_rep01/confounded-pc_mixed,20262486,1,1,8,,int8,,50000,20000,confounded-pc,mixed,0.8,0.05,maf_q5,680,0.9188412775899073,0.061764705882352944,0.013235294117647059,0.0029411764705882353
2,3,1,2,1,mixmogam-he,12,/Users/au507860/REPOS/mixmogam/benchmarks/results/20261003-hapnest-kvik-n50000-m20000/rho0.8_fst0.05_rep01/confounded-pc_mixed,20262486,1,1,8,,int8,,50000,20000,confounded-pc,mixed,0.8,0.05,ld_q1,706,0.9461185658991108,0.03541076487252125,0.0084985835694051,0.0
2,3,1,2,1,mixmogam-he,12,/Users/au507860/REPOS/mixmogam/benchmarks/results/20261003-hapnest-kvik-n50000-m20000/rho0.8_fst0.05_rep01/confounded-pc_mixed,20262486,1,1,8,,int8,,50000,20000,confounded-pc,mixed,0.8,0.05,ld_q2,646,1.043419987207369,0.05727554179566564,0.01238390092879257,0.0030959752321981426
2,3,1,2,1,mixmogam-he,12,/Users/au507860/REPOS/mixmogam/benchmarks/results/20261003-hapnest-kvik-n50000-m20000/rho0.8_fst0.05_rep01/confounded-pc_mixed,20262486,1,1,8,,int8,,50000,20000,confounded-pc,mixed,0.8,0.05,ld_q3,652,0.9959745896565629,0.06134969325153374,0.018404907975460124,0.003067484662576687
2,3,1,2,1,mixmogam-he,12,/Users/au507860/REPOS/mixmogam/benchmarks/results/20261003-hapnest-kvik-n50000-m20000/rho0.8_fst0.05_rep01/confounded-pc_mixed,20262486,1,1,8,,int8,,50000,20000,confounded-pc,mixed,0.8,0.05,ld_q4,636,0.9854236995557535,0.06132075471698113,0.007861635220125786,0.0015723270440251573
2,3,1,2,1,mixmogam-he,12,/Users/au507860/REPOS/mixmogam/benchmarks/results/20261003-hapnest-kvik-n50000-m20000/rho0.8_fst0.05_rep01/confounded-pc_mixed,20262486,1,1,8,,int8,,50000,20000,confounded-pc,mixed,0.8,0.05,ld_q5,660,0.8861264262526032,0.07272727272727272,0.016666666666666666,0.006060606060606061
