case,case_index,rep,method,order,n,m,cell,trait,rho,fst,stratum,n_null,lambda_gc,rejection_0.05,rejection_0.01,rejection_0.001
/Users/au507860/REPOS/mixmogam/benchmarks/results/20261003-hapnest-kvik-n50000/rho0.8_fst0_rep01/unstructured_mixed,1,1,mixmogam-he,1,50000,12000,unstructured,mixed,0.8,0,all_null,2000,0.936383520706268,0.045,0.0095,0.001
/Users/au507860/REPOS/mixmogam/benchmarks/results/20261003-hapnest-kvik-n50000/rho0.8_fst0_rep01/unstructured_mixed,1,1,mixmogam-he,1,50000,12000,unstructured,mixed,0.8,0,loading_q1,401,1.0589787680045535,0.04987531172069826,0.017456359102244388,0.004987531172069825
/Users/au507860/REPOS/mixmogam/benchmarks/results/20261003-hapnest-kvik-n50000/rho0.8_fst0_rep01/unstructured_mixed,1,1,mixmogam-he,1,50000,12000,unstructured,mixed,0.8,0,loading_q2,374,0.9180306022086213,0.06417112299465241,0.0106951871657754,0.0
/Users/au507860/REPOS/mixmogam/benchmarks/results/20261003-hapnest-kvik-n50000/rho0.8_fst0_rep01/unstructured_mixed,1,1,mixmogam-he,1,50000,12000,unstructured,mixed,0.8,0,loading_q3,414,0.977683690879068,0.036231884057971016,0.007246376811594203,0.0
/Users/au507860/REPOS/mixmogam/benchmarks/results/20261003-hapnest-kvik-n50000/rho0.8_fst0_rep01/unstructured_mixed,1,1,mixmogam-he,1,50000,12000,unstructured,mixed,0.8,0,loading_q4,391,0.8761428526082138,0.03836317135549872,0.0025575447570332483,0.0
/Users/au507860/REPOS/mixmogam/benchmarks/results/20261003-hapnest-kvik-n50000/rho0.8_fst0_rep01/unstructured_mixed,1,1,mixmogam-he,1,50000,12000,unstructured,mixed,0.8,0,loading_q5,420,0.9211641538290644,0.0380952380952381,0.009523809523809525,0.0
/Users/au507860/REPOS/mixmogam/benchmarks/results/20261003-hapnest-kvik-n50000/rho0.8_fst0_rep01/unstructured_mixed,1,1,mixmogam-he,1,50000,12000,unstructured,mixed,0.8,0,maf_q1,392,1.0176970897971886,0.04336734693877551,0.012755102040816327,0.002551020408163265
/Users/au507860/REPOS/mixmogam/benchmarks/results/20261003-hapnest-kvik-n50000/rho0.8_fst0_rep01/unstructured_mixed,1,1,mixmogam-he,1,50000,12000,unstructured,mixed,0.8,0,maf_q2,418,1.0346903941252885,0.03588516746411483,0.009569377990430622,0.0
/Users/au507860/REPOS/mixmogam/benchmarks/results/20261003-hapnest-kvik-n50000/rho0.8_fst0_rep01/unstructured_mixed,1,1,mixmogam-he,1,50000,12000,unstructured,mixed,0.8,0,maf_q3,370,0.8367811244382305,0.04864864864864865,0.005405405405405406,0.0
/Users/au507860/REPOS/mixmogam/benchmarks/results/20261003-hapnest-kvik-n50000/rho0.8_fst0_rep01/unstructured_mixed,1,1,mixmogam-he,1,50000,12000,unstructured,mixed,0.8,0,maf_q4,421,0.9103851809802688,0.040380047505938245,0.011876484560570071,0.0023752969121140144
/Users/au507860/REPOS/mixmogam/benchmarks/results/20261003-hapnest-kvik-n50000/rho0.8_fst0_rep01/unstructured_mixed,1,1,mixmogam-he,1,50000,12000,unstructured,mixed,0.8,0,maf_q5,399,0.7527574421281915,0.05764411027568922,0.007518796992481203,0.0
/Users/au507860/REPOS/mixmogam/benchmarks/results/20261003-hapnest-kvik-n50000/rho0.8_fst0_rep01/unstructured_mixed,1,1,mixmogam-he,1,50000,12000,unstructured,mixed,0.8,0,ld_q1,424,0.8667315689947078,0.04481132075471698,0.01179245283018868,0.0023584905660377358
/Users/au507860/REPOS/mixmogam/benchmarks/results/20261003-hapnest-kvik-n50000/rho0.8_fst0_rep01/unstructured_mixed,1,1,mixmogam-he,1,50000,12000,unstructured,mixed,0.8,0,ld_q2,410,0.9813730434418403,0.03170731707317073,0.004878048780487805,0.0
/Users/au507860/REPOS/mixmogam/benchmarks/results/20261003-hapnest-kvik-n50000/rho0.8_fst0_rep01/unstructured_mixed,1,1,mixmogam-he,1,50000,12000,unstructured,mixed,0.8,0,ld_q3,375,0.8866101905877439,0.037333333333333336,0.010666666666666666,0.0
/Users/au507860/REPOS/mixmogam/benchmarks/results/20261003-hapnest-kvik-n50000/rho0.8_fst0_rep01/unstructured_mixed,1,1,mixmogam-he,1,50000,12000,unstructured,mixed,0.8,0,ld_q4,374,0.9991645459655947,0.0481283422459893,0.008021390374331552,0.0
/Users/au507860/REPOS/mixmogam/benchmarks/results/20261003-hapnest-kvik-n50000/rho0.8_fst0_rep01/unstructured_mixed,1,1,mixmogam-he,1,50000,12000,unstructured,mixed,0.8,0,ld_q5,417,0.9368961892717119,0.06235011990407674,0.011990407673860911,0.002398081534772182
/Users/au507860/REPOS/mixmogam/benchmarks/results/20261003-hapnest-kvik-n50000/rho0.8_fst0_rep01/unstructured_mixed,1,1,mixmogam-reml,2,50000,12000,unstructured,mixed,0.8,0,all_null,2000,0.9477959681197307,0.045,0.009,0.001
/Users/au507860/REPOS/mixmogam/benchmarks/results/20261003-hapnest-kvik-n50000/rho0.8_fst0_rep01/unstructured_mixed,1,1,mixmogam-reml,2,50000,12000,unstructured,mixed,0.8,0,loading_q1,401,1.038199587411232,0.04987531172069826,0.014962593516209476,0.004987531172069825
/Users/au507860/REPOS/mixmogam/benchmarks/results/20261003-hapnest-kvik-n50000/rho0.8_fst0_rep01/unstructured_mixed,1,1,mixmogam-reml,2,50000,12000,unstructured,mixed,0.8,0,loading_q2,374,0.9291744608452276,0.06417112299465241,0.0106951871657754,0.0
/Users/au507860/REPOS/mixmogam/benchmarks/results/20261003-hapnest-kvik-n50000/rho0.8_fst0_rep01/unstructured_mixed,1,1,mixmogam-reml,2,50000,12000,unstructured,mixed,0.8,0,loading_q3,414,0.9805228553315206,0.036231884057971016,0.007246376811594203,0.0
/Users/au507860/REPOS/mixmogam/benchmarks/results/20261003-hapnest-kvik-n50000/rho0.8_fst0_rep01/unstructured_mixed,1,1,mixmogam-reml,2,50000,12000,unstructured,mixed,0.8,0,loading_q4,391,0.8686643511896942,0.03836317135549872,0.0025575447570332483,0.0
/Users/au507860/REPOS/mixmogam/benchmarks/results/20261003-hapnest-kvik-n50000/rho0.8_fst0_rep01/unstructured_mixed,1,1,mixmogam-reml,2,50000,12000,unstructured,mixed,0.8,0,loading_q5,420,0.9136894943229024,0.0380952380952381,0.009523809523809525,0.0
/Users/au507860/REPOS/mixmogam/benchmarks/results/20261003-hapnest-kvik-n50000/rho0.8_fst0_rep01/unstructured_mixed,1,1,mixmogam-reml,2,50000,12000,unstructured,mixed,0.8,0,maf_q1,392,1.027042508551046,0.04336734693877551,0.012755102040816327,0.002551020408163265
/Users/au507860/REPOS/mixmogam/benchmarks/results/20261003-hapnest-kvik-n50000/rho0.8_fst0_rep01/unstructured_mixed,1,1,mixmogam-reml,2,50000,12000,unstructured,mixed,0.8,0,maf_q2,418,1.0498649484009324,0.03588516746411483,0.009569377990430622,0.0
/Users/au507860/REPOS/mixmogam/benchmarks/results/20261003-hapnest-kvik-n50000/rho0.8_fst0_rep01/unstructured_mixed,1,1,mixmogam-reml,2,50000,12000,unstructured,mixed,0.8,0,maf_q3,370,0.8590916567031102,0.04864864864864865,0.005405405405405406,0.0
/Users/au507860/REPOS/mixmogam/benchmarks/results/20261003-hapnest-kvik-n50000/rho0.8_fst0_rep01/unstructured_mixed,1,1,mixmogam-reml,2,50000,12000,unstructured,mixed,0.8,0,maf_q4,421,0.9100424551527453,0.040380047505938245,0.009501187648456057,0.0023752969121140144
/Users/au507860/REPOS/mixmogam/benchmarks/results/20261003-hapnest-kvik-n50000/rho0.8_fst0_rep01/unstructured_mixed,1,1,mixmogam-reml,2,50000,12000,unstructured,mixed,0.8,0,maf_q5,399,0.7808739249170606,0.05764411027568922,0.007518796992481203,0.0
/Users/au507860/REPOS/mixmogam/benchmarks/results/20261003-hapnest-kvik-n50000/rho0.8_fst0_rep01/unstructured_mixed,1,1,mixmogam-reml,2,50000,12000,unstructured,mixed,0.8,0,ld_q1,424,0.8683963128093624,0.04481132075471698,0.01179245283018868,0.0023584905660377358
/Users/au507860/REPOS/mixmogam/benchmarks/results/20261003-hapnest-kvik-n50000/rho0.8_fst0_rep01/unstructured_mixed,1,1,mixmogam-reml,2,50000,12000,unstructured,mixed,0.8,0,ld_q2,410,1.0025854874092235,0.03170731707317073,0.004878048780487805,0.0
/Users/au507860/REPOS/mixmogam/benchmarks/results/20261003-hapnest-kvik-n50000/rho0.8_fst0_rep01/unstructured_mixed,1,1,mixmogam-reml,2,50000,12000,unstructured,mixed,0.8,0,ld_q3,375,0.9224340240605605,0.037333333333333336,0.010666666666666666,0.0
/Users/au507860/REPOS/mixmogam/benchmarks/results/20261003-hapnest-kvik-n50000/rho0.8_fst0_rep01/unstructured_mixed,1,1,mixmogam-reml,2,50000,12000,unstructured,mixed,0.8,0,ld_q4,374,0.9941395818654007,0.0481283422459893,0.008021390374331552,0.0
/Users/au507860/REPOS/mixmogam/benchmarks/results/20261003-hapnest-kvik-n50000/rho0.8_fst0_rep01/unstructured_mixed,1,1,mixmogam-reml,2,50000,12000,unstructured,mixed,0.8,0,ld_q5,417,0.9362663556069513,0.06235011990407674,0.009592326139088728,0.002398081534772182
/Users/au507860/REPOS/mixmogam/benchmarks/results/20261003-hapnest-kvik-n50000/rho0.8_fst0_rep01/unstructured_mixed,1,1,ldak-kvik,3,50000,12000,unstructured,mixed,0.8,0,all_null,2000,0.963178973222567,0.046,0.011,0.001
/Users/au507860/REPOS/mixmogam/benchmarks/results/20261003-hapnest-kvik-n50000/rho0.8_fst0_rep01/unstructured_mixed,1,1,ldak-kvik,3,50000,12000,unstructured,mixed,0.8,0,loading_q1,401,1.0235743301278808,0.059850374064837904,0.017456359102244388,0.004987531172069825
/Users/au507860/REPOS/mixmogam/benchmarks/results/20261003-hapnest-kvik-n50000/rho0.8_fst0_rep01/unstructured_mixed,1,1,ldak-kvik,3,50000,12000,unstructured,mixed,0.8,0,loading_q2,374,0.9032249094452184,0.06149732620320856,0.013368983957219251,0.0
/Users/au507860/REPOS/mixmogam/benchmarks/results/20261003-hapnest-kvik-n50000/rho0.8_fst0_rep01/unstructured_mixed,1,1,ldak-kvik,3,50000,12000,unstructured,mixed,0.8,0,loading_q3,414,0.9969942019340658,0.036231884057971016,0.007246376811594203,0.0
/Users/au507860/REPOS/mixmogam/benchmarks/results/20261003-hapnest-kvik-n50000/rho0.8_fst0_rep01/unstructured_mixed,1,1,ldak-kvik,3,50000,12000,unstructured,mixed,0.8,0,loading_q4,391,0.8985836709344376,0.03580562659846547,0.005115089514066497,0.0
/Users/au507860/REPOS/mixmogam/benchmarks/results/20261003-hapnest-kvik-n50000/rho0.8_fst0_rep01/unstructured_mixed,1,1,ldak-kvik,3,50000,12000,unstructured,mixed,0.8,0,loading_q5,420,0.976411090307321,0.0380952380952381,0.011904761904761904,0.0
/Users/au507860/REPOS/mixmogam/benchmarks/results/20261003-hapnest-kvik-n50000/rho0.8_fst0_rep01/unstructured_mixed,1,1,ldak-kvik,3,50000,12000,unstructured,mixed,0.8,0,maf_q1,392,1.0064195221144563,0.04081632653061224,0.012755102040816327,0.002551020408163265
/Users/au507860/REPOS/mixmogam/benchmarks/results/20261003-hapnest-kvik-n50000/rho0.8_fst0_rep01/unstructured_mixed,1,1,ldak-kvik,3,50000,12000,unstructured,mixed,0.8,0,maf_q2,418,1.1086163479141249,0.04066985645933014,0.009569377990430622,0.0
/Users/au507860/REPOS/mixmogam/benchmarks/results/20261003-hapnest-kvik-n50000/rho0.8_fst0_rep01/unstructured_mixed,1,1,ldak-kvik,3,50000,12000,unstructured,mixed,0.8,0,maf_q3,370,0.8866487634659683,0.051351351351351354,0.013513513513513514,0.0
/Users/au507860/REPOS/mixmogam/benchmarks/results/20261003-hapnest-kvik-n50000/rho0.8_fst0_rep01/unstructured_mixed,1,1,ldak-kvik,3,50000,12000,unstructured,mixed,0.8,0,maf_q4,421,0.9412460734909796,0.040380047505938245,0.009501187648456057,0.0023752969121140144
/Users/au507860/REPOS/mixmogam/benchmarks/results/20261003-hapnest-kvik-n50000/rho0.8_fst0_rep01/unstructured_mixed,1,1,ldak-kvik,3,50000,12000,unstructured,mixed,0.8,0,maf_q5,399,0.8100959237347752,0.05764411027568922,0.010025062656641603,0.0
/Users/au507860/REPOS/mixmogam/benchmarks/results/20261003-hapnest-kvik-n50000/rho0.8_fst0_rep01/unstructured_mixed,1,1,ldak-kvik,3,50000,12000,unstructured,mixed,0.8,0,ld_q1,424,0.9133424389353665,0.04481132075471698,0.014150943396226415,0.0023584905660377358
/Users/au507860/REPOS/mixmogam/benchmarks/results/20261003-hapnest-kvik-n50000/rho0.8_fst0_rep01/unstructured_mixed,1,1,ldak-kvik,3,50000,12000,unstructured,mixed,0.8,0,ld_q2,410,1.0147521301916798,0.03170731707317073,0.004878048780487805,0.0
/Users/au507860/REPOS/mixmogam/benchmarks/results/20261003-hapnest-kvik-n50000/rho0.8_fst0_rep01/unstructured_mixed,1,1,ldak-kvik,3,50000,12000,unstructured,mixed,0.8,0,ld_q3,375,0.91730336997222,0.04533333333333334,0.010666666666666666,0.0
/Users/au507860/REPOS/mixmogam/benchmarks/results/20261003-hapnest-kvik-n50000/rho0.8_fst0_rep01/unstructured_mixed,1,1,ldak-kvik,3,50000,12000,unstructured,mixed,0.8,0,ld_q4,374,0.9921535417284911,0.0481283422459893,0.013368983957219251,0.0
/Users/au507860/REPOS/mixmogam/benchmarks/results/20261003-hapnest-kvik-n50000/rho0.8_fst0_rep01/unstructured_mixed,1,1,ldak-kvik,3,50000,12000,unstructured,mixed,0.8,0,ld_q5,417,0.9464820443928215,0.05995203836930456,0.011990407673860911,0.002398081534772182
/Users/au507860/REPOS/mixmogam/benchmarks/results/20261003-hapnest-kvik-n50000/rho0.8_fst0.05_rep01/confounded-pc_mixed,2,1,mixmogam-reml,1,50000,12000,confounded-pc,mixed,0.8,0.05,all_null,2000,1.0503433086411247,0.052,0.0105,0.0005
/Users/au507860/REPOS/mixmogam/benchmarks/results/20261003-hapnest-kvik-n50000/rho0.8_fst0.05_rep01/confounded-pc_mixed,2,1,mixmogam-reml,1,50000,12000,confounded-pc,mixed,0.8,0.05,loading_q1,396,0.8439158166553782,0.06313131313131314,0.007575757575757576,0.0
/Users/au507860/REPOS/mixmogam/benchmarks/results/20261003-hapnest-kvik-n50000/rho0.8_fst0.05_rep01/confounded-pc_mixed,2,1,mixmogam-reml,1,50000,12000,confounded-pc,mixed,0.8,0.05,loading_q2,398,1.1141952814847247,0.035175879396984924,0.007537688442211055,0.0
/Users/au507860/REPOS/mixmogam/benchmarks/results/20261003-hapnest-kvik-n50000/rho0.8_fst0.05_rep01/confounded-pc_mixed,2,1,mixmogam-reml,1,50000,12000,confounded-pc,mixed,0.8,0.05,loading_q3,383,1.2065729960731697,0.057441253263707574,0.013054830287206266,0.0
/Users/au507860/REPOS/mixmogam/benchmarks/results/20261003-hapnest-kvik-n50000/rho0.8_fst0.05_rep01/confounded-pc_mixed,2,1,mixmogam-reml,1,50000,12000,confounded-pc,mixed,0.8,0.05,loading_q4,413,1.144714955025448,0.053268765133171914,0.014527845036319613,0.0
/Users/au507860/REPOS/mixmogam/benchmarks/results/20261003-hapnest-kvik-n50000/rho0.8_fst0.05_rep01/confounded-pc_mixed,2,1,mixmogam-reml,1,50000,12000,confounded-pc,mixed,0.8,0.05,loading_q5,410,0.9722820642712714,0.05121951219512195,0.00975609756097561,0.0024390243902439024
/Users/au507860/REPOS/mixmogam/benchmarks/results/20261003-hapnest-kvik-n50000/rho0.8_fst0.05_rep01/confounded-pc_mixed,2,1,mixmogam-reml,1,50000,12000,confounded-pc,mixed,0.8,0.05,maf_q1,392,1.0040618428510792,0.05102040816326531,0.015306122448979591,0.0
/Users/au507860/REPOS/mixmogam/benchmarks/results/20261003-hapnest-kvik-n50000/rho0.8_fst0.05_rep01/confounded-pc_mixed,2,1,mixmogam-reml,1,50000,12000,confounded-pc,mixed,0.8,0.05,maf_q2,372,0.9894354164318522,0.04032258064516129,0.005376344086021506,0.0
/Users/au507860/REPOS/mixmogam/benchmarks/results/20261003-hapnest-kvik-n50000/rho0.8_fst0.05_rep01/confounded-pc_mixed,2,1,mixmogam-reml,1,50000,12000,confounded-pc,mixed,0.8,0.05,maf_q3,429,1.0424281633018744,0.06526806526806526,0.011655011655011656,0.0
/Users/au507860/REPOS/mixmogam/benchmarks/results/20261003-hapnest-kvik-n50000/rho0.8_fst0.05_rep01/confounded-pc_mixed,2,1,mixmogam-reml,1,50000,12000,confounded-pc,mixed,0.8,0.05,maf_q4,403,1.1196094302710575,0.05707196029776675,0.007444168734491315,0.0024813895781637717
/Users/au507860/REPOS/mixmogam/benchmarks/results/20261003-hapnest-kvik-n50000/rho0.8_fst0.05_rep01/confounded-pc_mixed,2,1,mixmogam-reml,1,50000,12000,confounded-pc,mixed,0.8,0.05,maf_q5,404,1.0712148051184587,0.04455445544554455,0.012376237623762377,0.0
/Users/au507860/REPOS/mixmogam/benchmarks/results/20261003-hapnest-kvik-n50000/rho0.8_fst0.05_rep01/confounded-pc_mixed,2,1,mixmogam-reml,1,50000,12000,confounded-pc,mixed,0.8,0.05,ld_q1,372,1.1169219518753306,0.06451612903225806,0.026881720430107527,0.0
/Users/au507860/REPOS/mixmogam/benchmarks/results/20261003-hapnest-kvik-n50000/rho0.8_fst0.05_rep01/confounded-pc_mixed,2,1,mixmogam-reml,1,50000,12000,confounded-pc,mixed,0.8,0.05,ld_q2,403,0.7394733963419843,0.03970223325062035,0.009925558312655087,0.0024813895781637717
/Users/au507860/REPOS/mixmogam/benchmarks/results/20261003-hapnest-kvik-n50000/rho0.8_fst0.05_rep01/confounded-pc_mixed,2,1,mixmogam-reml,1,50000,12000,confounded-pc,mixed,0.8,0.05,ld_q3,407,1.1280607904951732,0.04176904176904177,0.007371007371007371,0.0
/Users/au507860/REPOS/mixmogam/benchmarks/results/20261003-hapnest-kvik-n50000/rho0.8_fst0.05_rep01/confounded-pc_mixed,2,1,mixmogam-reml,1,50000,12000,confounded-pc,mixed,0.8,0.05,ld_q4,401,1.1460204958004239,0.06733167082294264,0.0024937655860349127,0.0
/Users/au507860/REPOS/mixmogam/benchmarks/results/20261003-hapnest-kvik-n50000/rho0.8_fst0.05_rep01/confounded-pc_mixed,2,1,mixmogam-reml,1,50000,12000,confounded-pc,mixed,0.8,0.05,ld_q5,417,1.202756598744261,0.047961630695443645,0.007194244604316547,0.0
/Users/au507860/REPOS/mixmogam/benchmarks/results/20261003-hapnest-kvik-n50000/rho0.8_fst0.05_rep01/confounded-pc_mixed,2,1,ldak-kvik,2,50000,12000,confounded-pc,mixed,0.8,0.05,all_null,2000,0.9654054323901633,0.04,0.013,0.0005
/Users/au507860/REPOS/mixmogam/benchmarks/results/20261003-hapnest-kvik-n50000/rho0.8_fst0.05_rep01/confounded-pc_mixed,2,1,ldak-kvik,2,50000,12000,confounded-pc,mixed,0.8,0.05,loading_q1,396,0.8184821357763808,0.06060606060606061,0.017676767676767676,0.0
/Users/au507860/REPOS/mixmogam/benchmarks/results/20261003-hapnest-kvik-n50000/rho0.8_fst0.05_rep01/confounded-pc_mixed,2,1,ldak-kvik,2,50000,12000,confounded-pc,mixed,0.8,0.05,loading_q2,398,1.113887720700215,0.032663316582914576,0.010050251256281407,0.0
/Users/au507860/REPOS/mixmogam/benchmarks/results/20261003-hapnest-kvik-n50000/rho0.8_fst0.05_rep01/confounded-pc_mixed,2,1,ldak-kvik,2,50000,12000,confounded-pc,mixed,0.8,0.05,loading_q3,383,1.0949588628472857,0.04699738903394256,0.013054830287206266,0.0
/Users/au507860/REPOS/mixmogam/benchmarks/results/20261003-hapnest-kvik-n50000/rho0.8_fst0.05_rep01/confounded-pc_mixed,2,1,ldak-kvik,2,50000,12000,confounded-pc,mixed,0.8,0.05,loading_q4,413,1.0242863518776717,0.04116222760290557,0.014527845036319613,0.0
/Users/au507860/REPOS/mixmogam/benchmarks/results/20261003-hapnest-kvik-n50000/rho0.8_fst0.05_rep01/confounded-pc_mixed,2,1,ldak-kvik,2,50000,12000,confounded-pc,mixed,0.8,0.05,loading_q5,410,0.8419091729221987,0.01951219512195122,0.00975609756097561,0.0024390243902439024
/Users/au507860/REPOS/mixmogam/benchmarks/results/20261003-hapnest-kvik-n50000/rho0.8_fst0.05_rep01/confounded-pc_mixed,2,1,ldak-kvik,2,50000,12000,confounded-pc,mixed,0.8,0.05,maf_q1,392,0.8729157810686404,0.04336734693877551,0.017857142857142856,0.0
/Users/au507860/REPOS/mixmogam/benchmarks/results/20261003-hapnest-kvik-n50000/rho0.8_fst0.05_rep01/confounded-pc_mixed,2,1,ldak-kvik,2,50000,12000,confounded-pc,mixed,0.8,0.05,maf_q2,372,1.0068848707980835,0.024193548387096774,0.005376344086021506,0.0
/Users/au507860/REPOS/mixmogam/benchmarks/results/20261003-hapnest-kvik-n50000/rho0.8_fst0.05_rep01/confounded-pc_mixed,2,1,ldak-kvik,2,50000,12000,confounded-pc,mixed,0.8,0.05,maf_q3,429,1.0067348368481672,0.04428904428904429,0.016317016317016316,0.0
/Users/au507860/REPOS/mixmogam/benchmarks/results/20261003-hapnest-kvik-n50000/rho0.8_fst0.05_rep01/confounded-pc_mixed,2,1,ldak-kvik,2,50000,12000,confounded-pc,mixed,0.8,0.05,maf_q4,403,1.0242863518776717,0.04218362282878412,0.01240694789081886,0.0024813895781637717
/Users/au507860/REPOS/mixmogam/benchmarks/results/20261003-hapnest-kvik-n50000/rho0.8_fst0.05_rep01/confounded-pc_mixed,2,1,ldak-kvik,2,50000,12000,confounded-pc,mixed,0.8,0.05,maf_q5,404,1.0389988113962436,0.04455445544554455,0.012376237623762377,0.0
/Users/au507860/REPOS/mixmogam/benchmarks/results/20261003-hapnest-kvik-n50000/rho0.8_fst0.05_rep01/confounded-pc_mixed,2,1,ldak-kvik,2,50000,12000,confounded-pc,mixed,0.8,0.05,ld_q1,372,0.9785696620597499,0.04838709677419355,0.02956989247311828,0.0
/Users/au507860/REPOS/mixmogam/benchmarks/results/20261003-hapnest-kvik-n50000/rho0.8_fst0.05_rep01/confounded-pc_mixed,2,1,ldak-kvik,2,50000,12000,confounded-pc,mixed,0.8,0.05,ld_q2,403,0.7179693311670973,0.02729528535980149,0.009925558312655087,0.0024813895781637717
/Users/au507860/REPOS/mixmogam/benchmarks/results/20261003-hapnest-kvik-n50000/rho0.8_fst0.05_rep01/confounded-pc_mixed,2,1,ldak-kvik,2,50000,12000,confounded-pc,mixed,0.8,0.05,ld_q3,407,1.0512267507976394,0.036855036855036855,0.007371007371007371,0.0
/Users/au507860/REPOS/mixmogam/benchmarks/results/20261003-hapnest-kvik-n50000/rho0.8_fst0.05_rep01/confounded-pc_mixed,2,1,ldak-kvik,2,50000,12000,confounded-pc,mixed,0.8,0.05,ld_q4,401,1.1461205023870917,0.04488778054862843,0.007481296758104738,0.0
/Users/au507860/REPOS/mixmogam/benchmarks/results/20261003-hapnest-kvik-n50000/rho0.8_fst0.05_rep01/confounded-pc_mixed,2,1,ldak-kvik,2,50000,12000,confounded-pc,mixed,0.8,0.05,ld_q5,417,1.0799211279539969,0.04316546762589928,0.011990407673860911,0.0
/Users/au507860/REPOS/mixmogam/benchmarks/results/20261003-hapnest-kvik-n50000/rho0.8_fst0.05_rep01/confounded-pc_mixed,2,1,mixmogam-he,3,50000,12000,confounded-pc,mixed,0.8,0.05,all_null,2000,1.0592567973037161,0.0525,0.0105,0.0005
/Users/au507860/REPOS/mixmogam/benchmarks/results/20261003-hapnest-kvik-n50000/rho0.8_fst0.05_rep01/confounded-pc_mixed,2,1,mixmogam-he,3,50000,12000,confounded-pc,mixed,0.8,0.05,loading_q1,396,0.870143763972557,0.06313131313131314,0.007575757575757576,0.0
/Users/au507860/REPOS/mixmogam/benchmarks/results/20261003-hapnest-kvik-n50000/rho0.8_fst0.05_rep01/confounded-pc_mixed,2,1,mixmogam-he,3,50000,12000,confounded-pc,mixed,0.8,0.05,loading_q2,398,1.0996650406523125,0.035175879396984924,0.007537688442211055,0.0
/Users/au507860/REPOS/mixmogam/benchmarks/results/20261003-hapnest-kvik-n50000/rho0.8_fst0.05_rep01/confounded-pc_mixed,2,1,mixmogam-he,3,50000,12000,confounded-pc,mixed,0.8,0.05,loading_q3,383,1.2168922114499616,0.057441253263707574,0.015665796344647518,0.0
/Users/au507860/REPOS/mixmogam/benchmarks/results/20261003-hapnest-kvik-n50000/rho0.8_fst0.05_rep01/confounded-pc_mixed,2,1,mixmogam-he,3,50000,12000,confounded-pc,mixed,0.8,0.05,loading_q4,413,1.1149957227789196,0.053268765133171914,0.014527845036319613,0.0
/Users/au507860/REPOS/mixmogam/benchmarks/results/20261003-hapnest-kvik-n50000/rho0.8_fst0.05_rep01/confounded-pc_mixed,2,1,mixmogam-he,3,50000,12000,confounded-pc,mixed,0.8,0.05,loading_q5,410,0.9404246743019306,0.05365853658536585,0.007317073170731708,0.0024390243902439024
/Users/au507860/REPOS/mixmogam/benchmarks/results/20261003-hapnest-kvik-n50000/rho0.8_fst0.05_rep01/confounded-pc_mixed,2,1,mixmogam-he,3,50000,12000,confounded-pc,mixed,0.8,0.05,maf_q1,392,1.0280134617539913,0.05102040816326531,0.017857142857142856,0.0
/Users/au507860/REPOS/mixmogam/benchmarks/results/20261003-hapnest-kvik-n50000/rho0.8_fst0.05_rep01/confounded-pc_mixed,2,1,mixmogam-he,3,50000,12000,confounded-pc,mixed,0.8,0.05,maf_q2,372,0.975241210181497,0.04032258064516129,0.005376344086021506,0.0
/Users/au507860/REPOS/mixmogam/benchmarks/results/20261003-hapnest-kvik-n50000/rho0.8_fst0.05_rep01/confounded-pc_mixed,2,1,mixmogam-he,3,50000,12000,confounded-pc,mixed,0.8,0.05,maf_q3,429,1.0711261669126109,0.0675990675990676,0.009324009324009324,0.0
/Users/au507860/REPOS/mixmogam/benchmarks/results/20261003-hapnest-kvik-n50000/rho0.8_fst0.05_rep01/confounded-pc_mixed,2,1,mixmogam-he,3,50000,12000,confounded-pc,mixed,0.8,0.05,maf_q4,403,1.1279976379278986,0.05707196029776675,0.007444168734491315,0.0024813895781637717
/Users/au507860/REPOS/mixmogam/benchmarks/results/20261003-hapnest-kvik-n50000/rho0.8_fst0.05_rep01/confounded-pc_mixed,2,1,mixmogam-he,3,50000,12000,confounded-pc,mixed,0.8,0.05,maf_q5,404,1.0649687562937038,0.04455445544554455,0.012376237623762377,0.0
/Users/au507860/REPOS/mixmogam/benchmarks/results/20261003-hapnest-kvik-n50000/rho0.8_fst0.05_rep01/confounded-pc_mixed,2,1,mixmogam-he,3,50000,12000,confounded-pc,mixed,0.8,0.05,ld_q1,372,1.0960208409143513,0.06451612903225806,0.024193548387096774,0.0
/Users/au507860/REPOS/mixmogam/benchmarks/results/20261003-hapnest-kvik-n50000/rho0.8_fst0.05_rep01/confounded-pc_mixed,2,1,mixmogam-he,3,50000,12000,confounded-pc,mixed,0.8,0.05,ld_q2,403,0.7396297876340656,0.04218362282878412,0.009925558312655087,0.0024813895781637717
/Users/au507860/REPOS/mixmogam/benchmarks/results/20261003-hapnest-kvik-n50000/rho0.8_fst0.05_rep01/confounded-pc_mixed,2,1,mixmogam-he,3,50000,12000,confounded-pc,mixed,0.8,0.05,ld_q3,407,1.1227296954574641,0.04176904176904177,0.009828009828009828,0.0
/Users/au507860/REPOS/mixmogam/benchmarks/results/20261003-hapnest-kvik-n50000/rho0.8_fst0.05_rep01/confounded-pc_mixed,2,1,mixmogam-he,3,50000,12000,confounded-pc,mixed,0.8,0.05,ld_q4,401,1.1631572843226818,0.06733167082294264,0.0024937655860349127,0.0
/Users/au507860/REPOS/mixmogam/benchmarks/results/20261003-hapnest-kvik-n50000/rho0.8_fst0.05_rep01/confounded-pc_mixed,2,1,mixmogam-he,3,50000,12000,confounded-pc,mixed,0.8,0.05,ld_q5,417,1.2116168770919564,0.047961630695443645,0.007194244604316547,0.0
/Users/au507860/REPOS/mixmogam/benchmarks/results/20261003-hapnest-kvik-n50000/rho0.8_fst0_rep01/unstructured_mixed,1,2,mixmogam-reml,1,50000,12000,unstructured,mixed,0.8,0,all_null,2000,0.9477959681197307,0.045,0.009,0.001
/Users/au507860/REPOS/mixmogam/benchmarks/results/20261003-hapnest-kvik-n50000/rho0.8_fst0_rep01/unstructured_mixed,1,2,mixmogam-reml,1,50000,12000,unstructured,mixed,0.8,0,loading_q1,401,1.038199587411232,0.04987531172069826,0.014962593516209476,0.004987531172069825
/Users/au507860/REPOS/mixmogam/benchmarks/results/20261003-hapnest-kvik-n50000/rho0.8_fst0_rep01/unstructured_mixed,1,2,mixmogam-reml,1,50000,12000,unstructured,mixed,0.8,0,loading_q2,374,0.9291744608452276,0.06417112299465241,0.0106951871657754,0.0
/Users/au507860/REPOS/mixmogam/benchmarks/results/20261003-hapnest-kvik-n50000/rho0.8_fst0_rep01/unstructured_mixed,1,2,mixmogam-reml,1,50000,12000,unstructured,mixed,0.8,0,loading_q3,414,0.9805228553315206,0.036231884057971016,0.007246376811594203,0.0
/Users/au507860/REPOS/mixmogam/benchmarks/results/20261003-hapnest-kvik-n50000/rho0.8_fst0_rep01/unstructured_mixed,1,2,mixmogam-reml,1,50000,12000,unstructured,mixed,0.8,0,loading_q4,391,0.8686643511896942,0.03836317135549872,0.0025575447570332483,0.0
/Users/au507860/REPOS/mixmogam/benchmarks/results/20261003-hapnest-kvik-n50000/rho0.8_fst0_rep01/unstructured_mixed,1,2,mixmogam-reml,1,50000,12000,unstructured,mixed,0.8,0,loading_q5,420,0.9136894943229024,0.0380952380952381,0.009523809523809525,0.0
/Users/au507860/REPOS/mixmogam/benchmarks/results/20261003-hapnest-kvik-n50000/rho0.8_fst0_rep01/unstructured_mixed,1,2,mixmogam-reml,1,50000,12000,unstructured,mixed,0.8,0,maf_q1,392,1.027042508551046,0.04336734693877551,0.012755102040816327,0.002551020408163265
/Users/au507860/REPOS/mixmogam/benchmarks/results/20261003-hapnest-kvik-n50000/rho0.8_fst0_rep01/unstructured_mixed,1,2,mixmogam-reml,1,50000,12000,unstructured,mixed,0.8,0,maf_q2,418,1.0498649484009324,0.03588516746411483,0.009569377990430622,0.0
/Users/au507860/REPOS/mixmogam/benchmarks/results/20261003-hapnest-kvik-n50000/rho0.8_fst0_rep01/unstructured_mixed,1,2,mixmogam-reml,1,50000,12000,unstructured,mixed,0.8,0,maf_q3,370,0.8590916567031102,0.04864864864864865,0.005405405405405406,0.0
/Users/au507860/REPOS/mixmogam/benchmarks/results/20261003-hapnest-kvik-n50000/rho0.8_fst0_rep01/unstructured_mixed,1,2,mixmogam-reml,1,50000,12000,unstructured,mixed,0.8,0,maf_q4,421,0.9100424551527453,0.040380047505938245,0.009501187648456057,0.0023752969121140144
/Users/au507860/REPOS/mixmogam/benchmarks/results/20261003-hapnest-kvik-n50000/rho0.8_fst0_rep01/unstructured_mixed,1,2,mixmogam-reml,1,50000,12000,unstructured,mixed,0.8,0,maf_q5,399,0.7808739249170606,0.05764411027568922,0.007518796992481203,0.0
/Users/au507860/REPOS/mixmogam/benchmarks/results/20261003-hapnest-kvik-n50000/rho0.8_fst0_rep01/unstructured_mixed,1,2,mixmogam-reml,1,50000,12000,unstructured,mixed,0.8,0,ld_q1,424,0.8683963128093624,0.04481132075471698,0.01179245283018868,0.0023584905660377358
/Users/au507860/REPOS/mixmogam/benchmarks/results/20261003-hapnest-kvik-n50000/rho0.8_fst0_rep01/unstructured_mixed,1,2,mixmogam-reml,1,50000,12000,unstructured,mixed,0.8,0,ld_q2,410,1.0025854874092235,0.03170731707317073,0.004878048780487805,0.0
/Users/au507860/REPOS/mixmogam/benchmarks/results/20261003-hapnest-kvik-n50000/rho0.8_fst0_rep01/unstructured_mixed,1,2,mixmogam-reml,1,50000,12000,unstructured,mixed,0.8,0,ld_q3,375,0.9224340240605605,0.037333333333333336,0.010666666666666666,0.0
/Users/au507860/REPOS/mixmogam/benchmarks/results/20261003-hapnest-kvik-n50000/rho0.8_fst0_rep01/unstructured_mixed,1,2,mixmogam-reml,1,50000,12000,unstructured,mixed,0.8,0,ld_q4,374,0.9941395818654007,0.0481283422459893,0.008021390374331552,0.0
/Users/au507860/REPOS/mixmogam/benchmarks/results/20261003-hapnest-kvik-n50000/rho0.8_fst0_rep01/unstructured_mixed,1,2,mixmogam-reml,1,50000,12000,unstructured,mixed,0.8,0,ld_q5,417,0.9362663556069513,0.06235011990407674,0.009592326139088728,0.002398081534772182
/Users/au507860/REPOS/mixmogam/benchmarks/results/20261003-hapnest-kvik-n50000/rho0.8_fst0_rep01/unstructured_mixed,1,2,ldak-kvik,2,50000,12000,unstructured,mixed,0.8,0,all_null,2000,0.963178973222567,0.046,0.011,0.001
/Users/au507860/REPOS/mixmogam/benchmarks/results/20261003-hapnest-kvik-n50000/rho0.8_fst0_rep01/unstructured_mixed,1,2,ldak-kvik,2,50000,12000,unstructured,mixed,0.8,0,loading_q1,401,1.0235743301278808,0.059850374064837904,0.017456359102244388,0.004987531172069825
/Users/au507860/REPOS/mixmogam/benchmarks/results/20261003-hapnest-kvik-n50000/rho0.8_fst0_rep01/unstructured_mixed,1,2,ldak-kvik,2,50000,12000,unstructured,mixed,0.8,0,loading_q2,374,0.9032249094452184,0.06149732620320856,0.013368983957219251,0.0
/Users/au507860/REPOS/mixmogam/benchmarks/results/20261003-hapnest-kvik-n50000/rho0.8_fst0_rep01/unstructured_mixed,1,2,ldak-kvik,2,50000,12000,unstructured,mixed,0.8,0,loading_q3,414,0.9969942019340658,0.036231884057971016,0.007246376811594203,0.0
/Users/au507860/REPOS/mixmogam/benchmarks/results/20261003-hapnest-kvik-n50000/rho0.8_fst0_rep01/unstructured_mixed,1,2,ldak-kvik,2,50000,12000,unstructured,mixed,0.8,0,loading_q4,391,0.8985836709344376,0.03580562659846547,0.005115089514066497,0.0
/Users/au507860/REPOS/mixmogam/benchmarks/results/20261003-hapnest-kvik-n50000/rho0.8_fst0_rep01/unstructured_mixed,1,2,ldak-kvik,2,50000,12000,unstructured,mixed,0.8,0,loading_q5,420,0.976411090307321,0.0380952380952381,0.011904761904761904,0.0
/Users/au507860/REPOS/mixmogam/benchmarks/results/20261003-hapnest-kvik-n50000/rho0.8_fst0_rep01/unstructured_mixed,1,2,ldak-kvik,2,50000,12000,unstructured,mixed,0.8,0,maf_q1,392,1.0064195221144563,0.04081632653061224,0.012755102040816327,0.002551020408163265
/Users/au507860/REPOS/mixmogam/benchmarks/results/20261003-hapnest-kvik-n50000/rho0.8_fst0_rep01/unstructured_mixed,1,2,ldak-kvik,2,50000,12000,unstructured,mixed,0.8,0,maf_q2,418,1.1086163479141249,0.04066985645933014,0.009569377990430622,0.0
/Users/au507860/REPOS/mixmogam/benchmarks/results/20261003-hapnest-kvik-n50000/rho0.8_fst0_rep01/unstructured_mixed,1,2,ldak-kvik,2,50000,12000,unstructured,mixed,0.8,0,maf_q3,370,0.8866487634659683,0.051351351351351354,0.013513513513513514,0.0
/Users/au507860/REPOS/mixmogam/benchmarks/results/20261003-hapnest-kvik-n50000/rho0.8_fst0_rep01/unstructured_mixed,1,2,ldak-kvik,2,50000,12000,unstructured,mixed,0.8,0,maf_q4,421,0.9412460734909796,0.040380047505938245,0.009501187648456057,0.0023752969121140144
/Users/au507860/REPOS/mixmogam/benchmarks/results/20261003-hapnest-kvik-n50000/rho0.8_fst0_rep01/unstructured_mixed,1,2,ldak-kvik,2,50000,12000,unstructured,mixed,0.8,0,maf_q5,399,0.8100959237347752,0.05764411027568922,0.010025062656641603,0.0
/Users/au507860/REPOS/mixmogam/benchmarks/results/20261003-hapnest-kvik-n50000/rho0.8_fst0_rep01/unstructured_mixed,1,2,ldak-kvik,2,50000,12000,unstructured,mixed,0.8,0,ld_q1,424,0.9133424389353665,0.04481132075471698,0.014150943396226415,0.0023584905660377358
/Users/au507860/REPOS/mixmogam/benchmarks/results/20261003-hapnest-kvik-n50000/rho0.8_fst0_rep01/unstructured_mixed,1,2,ldak-kvik,2,50000,12000,unstructured,mixed,0.8,0,ld_q2,410,1.0147521301916798,0.03170731707317073,0.004878048780487805,0.0
/Users/au507860/REPOS/mixmogam/benchmarks/results/20261003-hapnest-kvik-n50000/rho0.8_fst0_rep01/unstructured_mixed,1,2,ldak-kvik,2,50000,12000,unstructured,mixed,0.8,0,ld_q3,375,0.91730336997222,0.04533333333333334,0.010666666666666666,0.0
/Users/au507860/REPOS/mixmogam/benchmarks/results/20261003-hapnest-kvik-n50000/rho0.8_fst0_rep01/unstructured_mixed,1,2,ldak-kvik,2,50000,12000,unstructured,mixed,0.8,0,ld_q4,374,0.9921535417284911,0.0481283422459893,0.013368983957219251,0.0
/Users/au507860/REPOS/mixmogam/benchmarks/results/20261003-hapnest-kvik-n50000/rho0.8_fst0_rep01/unstructured_mixed,1,2,ldak-kvik,2,50000,12000,unstructured,mixed,0.8,0,ld_q5,417,0.9464820443928215,0.05995203836930456,0.011990407673860911,0.002398081534772182
/Users/au507860/REPOS/mixmogam/benchmarks/results/20261003-hapnest-kvik-n50000/rho0.8_fst0_rep01/unstructured_mixed,1,2,mixmogam-he,3,50000,12000,unstructured,mixed,0.8,0,all_null,2000,0.936383520706268,0.045,0.0095,0.001
/Users/au507860/REPOS/mixmogam/benchmarks/results/20261003-hapnest-kvik-n50000/rho0.8_fst0_rep01/unstructured_mixed,1,2,mixmogam-he,3,50000,12000,unstructured,mixed,0.8,0,loading_q1,401,1.0589787680045535,0.04987531172069826,0.017456359102244388,0.004987531172069825
/Users/au507860/REPOS/mixmogam/benchmarks/results/20261003-hapnest-kvik-n50000/rho0.8_fst0_rep01/unstructured_mixed,1,2,mixmogam-he,3,50000,12000,unstructured,mixed,0.8,0,loading_q2,374,0.9180306022086213,0.06417112299465241,0.0106951871657754,0.0
/Users/au507860/REPOS/mixmogam/benchmarks/results/20261003-hapnest-kvik-n50000/rho0.8_fst0_rep01/unstructured_mixed,1,2,mixmogam-he,3,50000,12000,unstructured,mixed,0.8,0,loading_q3,414,0.977683690879068,0.036231884057971016,0.007246376811594203,0.0
/Users/au507860/REPOS/mixmogam/benchmarks/results/20261003-hapnest-kvik-n50000/rho0.8_fst0_rep01/unstructured_mixed,1,2,mixmogam-he,3,50000,12000,unstructured,mixed,0.8,0,loading_q4,391,0.8761428526082138,0.03836317135549872,0.0025575447570332483,0.0
/Users/au507860/REPOS/mixmogam/benchmarks/results/20261003-hapnest-kvik-n50000/rho0.8_fst0_rep01/unstructured_mixed,1,2,mixmogam-he,3,50000,12000,unstructured,mixed,0.8,0,loading_q5,420,0.9211641538290644,0.0380952380952381,0.009523809523809525,0.0
/Users/au507860/REPOS/mixmogam/benchmarks/results/20261003-hapnest-kvik-n50000/rho0.8_fst0_rep01/unstructured_mixed,1,2,mixmogam-he,3,50000,12000,unstructured,mixed,0.8,0,maf_q1,392,1.0176970897971886,0.04336734693877551,0.012755102040816327,0.002551020408163265
/Users/au507860/REPOS/mixmogam/benchmarks/results/20261003-hapnest-kvik-n50000/rho0.8_fst0_rep01/unstructured_mixed,1,2,mixmogam-he,3,50000,12000,unstructured,mixed,0.8,0,maf_q2,418,1.0346903941252885,0.03588516746411483,0.009569377990430622,0.0
/Users/au507860/REPOS/mixmogam/benchmarks/results/20261003-hapnest-kvik-n50000/rho0.8_fst0_rep01/unstructured_mixed,1,2,mixmogam-he,3,50000,12000,unstructured,mixed,0.8,0,maf_q3,370,0.8367811244382305,0.04864864864864865,0.005405405405405406,0.0
/Users/au507860/REPOS/mixmogam/benchmarks/results/20261003-hapnest-kvik-n50000/rho0.8_fst0_rep01/unstructured_mixed,1,2,mixmogam-he,3,50000,12000,unstructured,mixed,0.8,0,maf_q4,421,0.9103851809802688,0.040380047505938245,0.011876484560570071,0.0023752969121140144
/Users/au507860/REPOS/mixmogam/benchmarks/results/20261003-hapnest-kvik-n50000/rho0.8_fst0_rep01/unstructured_mixed,1,2,mixmogam-he,3,50000,12000,unstructured,mixed,0.8,0,maf_q5,399,0.7527574421281915,0.05764411027568922,0.007518796992481203,0.0
/Users/au507860/REPOS/mixmogam/benchmarks/results/20261003-hapnest-kvik-n50000/rho0.8_fst0_rep01/unstructured_mixed,1,2,mixmogam-he,3,50000,12000,unstructured,mixed,0.8,0,ld_q1,424,0.8667315689947078,0.04481132075471698,0.01179245283018868,0.0023584905660377358
/Users/au507860/REPOS/mixmogam/benchmarks/results/20261003-hapnest-kvik-n50000/rho0.8_fst0_rep01/unstructured_mixed,1,2,mixmogam-he,3,50000,12000,unstructured,mixed,0.8,0,ld_q2,410,0.9813730434418403,0.03170731707317073,0.004878048780487805,0.0
/Users/au507860/REPOS/mixmogam/benchmarks/results/20261003-hapnest-kvik-n50000/rho0.8_fst0_rep01/unstructured_mixed,1,2,mixmogam-he,3,50000,12000,unstructured,mixed,0.8,0,ld_q3,375,0.8866101905877439,0.037333333333333336,0.010666666666666666,0.0
/Users/au507860/REPOS/mixmogam/benchmarks/results/20261003-hapnest-kvik-n50000/rho0.8_fst0_rep01/unstructured_mixed,1,2,mixmogam-he,3,50000,12000,unstructured,mixed,0.8,0,ld_q4,374,0.9991645459655947,0.0481283422459893,0.008021390374331552,0.0
/Users/au507860/REPOS/mixmogam/benchmarks/results/20261003-hapnest-kvik-n50000/rho0.8_fst0_rep01/unstructured_mixed,1,2,mixmogam-he,3,50000,12000,unstructured,mixed,0.8,0,ld_q5,417,0.9368961892717119,0.06235011990407674,0.011990407673860911,0.002398081534772182
/Users/au507860/REPOS/mixmogam/benchmarks/results/20261003-hapnest-kvik-n50000/rho0.8_fst0.05_rep01/confounded-pc_mixed,2,2,ldak-kvik,1,50000,12000,confounded-pc,mixed,0.8,0.05,all_null,2000,0.9654054323901633,0.04,0.013,0.0005
/Users/au507860/REPOS/mixmogam/benchmarks/results/20261003-hapnest-kvik-n50000/rho0.8_fst0.05_rep01/confounded-pc_mixed,2,2,ldak-kvik,1,50000,12000,confounded-pc,mixed,0.8,0.05,loading_q1,396,0.8184821357763808,0.06060606060606061,0.017676767676767676,0.0
/Users/au507860/REPOS/mixmogam/benchmarks/results/20261003-hapnest-kvik-n50000/rho0.8_fst0.05_rep01/confounded-pc_mixed,2,2,ldak-kvik,1,50000,12000,confounded-pc,mixed,0.8,0.05,loading_q2,398,1.113887720700215,0.032663316582914576,0.010050251256281407,0.0
/Users/au507860/REPOS/mixmogam/benchmarks/results/20261003-hapnest-kvik-n50000/rho0.8_fst0.05_rep01/confounded-pc_mixed,2,2,ldak-kvik,1,50000,12000,confounded-pc,mixed,0.8,0.05,loading_q3,383,1.0949588628472857,0.04699738903394256,0.013054830287206266,0.0
/Users/au507860/REPOS/mixmogam/benchmarks/results/20261003-hapnest-kvik-n50000/rho0.8_fst0.05_rep01/confounded-pc_mixed,2,2,ldak-kvik,1,50000,12000,confounded-pc,mixed,0.8,0.05,loading_q4,413,1.0242863518776717,0.04116222760290557,0.014527845036319613,0.0
/Users/au507860/REPOS/mixmogam/benchmarks/results/20261003-hapnest-kvik-n50000/rho0.8_fst0.05_rep01/confounded-pc_mixed,2,2,ldak-kvik,1,50000,12000,confounded-pc,mixed,0.8,0.05,loading_q5,410,0.8419091729221987,0.01951219512195122,0.00975609756097561,0.0024390243902439024
/Users/au507860/REPOS/mixmogam/benchmarks/results/20261003-hapnest-kvik-n50000/rho0.8_fst0.05_rep01/confounded-pc_mixed,2,2,ldak-kvik,1,50000,12000,confounded-pc,mixed,0.8,0.05,maf_q1,392,0.8729157810686404,0.04336734693877551,0.017857142857142856,0.0
/Users/au507860/REPOS/mixmogam/benchmarks/results/20261003-hapnest-kvik-n50000/rho0.8_fst0.05_rep01/confounded-pc_mixed,2,2,ldak-kvik,1,50000,12000,confounded-pc,mixed,0.8,0.05,maf_q2,372,1.0068848707980835,0.024193548387096774,0.005376344086021506,0.0
/Users/au507860/REPOS/mixmogam/benchmarks/results/20261003-hapnest-kvik-n50000/rho0.8_fst0.05_rep01/confounded-pc_mixed,2,2,ldak-kvik,1,50000,12000,confounded-pc,mixed,0.8,0.05,maf_q3,429,1.0067348368481672,0.04428904428904429,0.016317016317016316,0.0
/Users/au507860/REPOS/mixmogam/benchmarks/results/20261003-hapnest-kvik-n50000/rho0.8_fst0.05_rep01/confounded-pc_mixed,2,2,ldak-kvik,1,50000,12000,confounded-pc,mixed,0.8,0.05,maf_q4,403,1.0242863518776717,0.04218362282878412,0.01240694789081886,0.0024813895781637717
/Users/au507860/REPOS/mixmogam/benchmarks/results/20261003-hapnest-kvik-n50000/rho0.8_fst0.05_rep01/confounded-pc_mixed,2,2,ldak-kvik,1,50000,12000,confounded-pc,mixed,0.8,0.05,maf_q5,404,1.0389988113962436,0.04455445544554455,0.012376237623762377,0.0
/Users/au507860/REPOS/mixmogam/benchmarks/results/20261003-hapnest-kvik-n50000/rho0.8_fst0.05_rep01/confounded-pc_mixed,2,2,ldak-kvik,1,50000,12000,confounded-pc,mixed,0.8,0.05,ld_q1,372,0.9785696620597499,0.04838709677419355,0.02956989247311828,0.0
/Users/au507860/REPOS/mixmogam/benchmarks/results/20261003-hapnest-kvik-n50000/rho0.8_fst0.05_rep01/confounded-pc_mixed,2,2,ldak-kvik,1,50000,12000,confounded-pc,mixed,0.8,0.05,ld_q2,403,0.7179693311670973,0.02729528535980149,0.009925558312655087,0.0024813895781637717
/Users/au507860/REPOS/mixmogam/benchmarks/results/20261003-hapnest-kvik-n50000/rho0.8_fst0.05_rep01/confounded-pc_mixed,2,2,ldak-kvik,1,50000,12000,confounded-pc,mixed,0.8,0.05,ld_q3,407,1.0512267507976394,0.036855036855036855,0.007371007371007371,0.0
/Users/au507860/REPOS/mixmogam/benchmarks/results/20261003-hapnest-kvik-n50000/rho0.8_fst0.05_rep01/confounded-pc_mixed,2,2,ldak-kvik,1,50000,12000,confounded-pc,mixed,0.8,0.05,ld_q4,401,1.1461205023870917,0.04488778054862843,0.007481296758104738,0.0
/Users/au507860/REPOS/mixmogam/benchmarks/results/20261003-hapnest-kvik-n50000/rho0.8_fst0.05_rep01/confounded-pc_mixed,2,2,ldak-kvik,1,50000,12000,confounded-pc,mixed,0.8,0.05,ld_q5,417,1.0799211279539969,0.04316546762589928,0.011990407673860911,0.0
/Users/au507860/REPOS/mixmogam/benchmarks/results/20261003-hapnest-kvik-n50000/rho0.8_fst0.05_rep01/confounded-pc_mixed,2,2,mixmogam-he,2,50000,12000,confounded-pc,mixed,0.8,0.05,all_null,2000,1.0592567973037161,0.0525,0.0105,0.0005
/Users/au507860/REPOS/mixmogam/benchmarks/results/20261003-hapnest-kvik-n50000/rho0.8_fst0.05_rep01/confounded-pc_mixed,2,2,mixmogam-he,2,50000,12000,confounded-pc,mixed,0.8,0.05,loading_q1,396,0.870143763972557,0.06313131313131314,0.007575757575757576,0.0
/Users/au507860/REPOS/mixmogam/benchmarks/results/20261003-hapnest-kvik-n50000/rho0.8_fst0.05_rep01/confounded-pc_mixed,2,2,mixmogam-he,2,50000,12000,confounded-pc,mixed,0.8,0.05,loading_q2,398,1.0996650406523125,0.035175879396984924,0.007537688442211055,0.0
/Users/au507860/REPOS/mixmogam/benchmarks/results/20261003-hapnest-kvik-n50000/rho0.8_fst0.05_rep01/confounded-pc_mixed,2,2,mixmogam-he,2,50000,12000,confounded-pc,mixed,0.8,0.05,loading_q3,383,1.2168922114499616,0.057441253263707574,0.015665796344647518,0.0
/Users/au507860/REPOS/mixmogam/benchmarks/results/20261003-hapnest-kvik-n50000/rho0.8_fst0.05_rep01/confounded-pc_mixed,2,2,mixmogam-he,2,50000,12000,confounded-pc,mixed,0.8,0.05,loading_q4,413,1.1149957227789196,0.053268765133171914,0.014527845036319613,0.0
/Users/au507860/REPOS/mixmogam/benchmarks/results/20261003-hapnest-kvik-n50000/rho0.8_fst0.05_rep01/confounded-pc_mixed,2,2,mixmogam-he,2,50000,12000,confounded-pc,mixed,0.8,0.05,loading_q5,410,0.9404246743019306,0.05365853658536585,0.007317073170731708,0.0024390243902439024
/Users/au507860/REPOS/mixmogam/benchmarks/results/20261003-hapnest-kvik-n50000/rho0.8_fst0.05_rep01/confounded-pc_mixed,2,2,mixmogam-he,2,50000,12000,confounded-pc,mixed,0.8,0.05,maf_q1,392,1.0280134617539913,0.05102040816326531,0.017857142857142856,0.0
/Users/au507860/REPOS/mixmogam/benchmarks/results/20261003-hapnest-kvik-n50000/rho0.8_fst0.05_rep01/confounded-pc_mixed,2,2,mixmogam-he,2,50000,12000,confounded-pc,mixed,0.8,0.05,maf_q2,372,0.975241210181497,0.04032258064516129,0.005376344086021506,0.0
/Users/au507860/REPOS/mixmogam/benchmarks/results/20261003-hapnest-kvik-n50000/rho0.8_fst0.05_rep01/confounded-pc_mixed,2,2,mixmogam-he,2,50000,12000,confounded-pc,mixed,0.8,0.05,maf_q3,429,1.0711261669126109,0.0675990675990676,0.009324009324009324,0.0
/Users/au507860/REPOS/mixmogam/benchmarks/results/20261003-hapnest-kvik-n50000/rho0.8_fst0.05_rep01/confounded-pc_mixed,2,2,mixmogam-he,2,50000,12000,confounded-pc,mixed,0.8,0.05,maf_q4,403,1.1279976379278986,0.05707196029776675,0.007444168734491315,0.0024813895781637717
/Users/au507860/REPOS/mixmogam/benchmarks/results/20261003-hapnest-kvik-n50000/rho0.8_fst0.05_rep01/confounded-pc_mixed,2,2,mixmogam-he,2,50000,12000,confounded-pc,mixed,0.8,0.05,maf_q5,404,1.0649687562937038,0.04455445544554455,0.012376237623762377,0.0
/Users/au507860/REPOS/mixmogam/benchmarks/results/20261003-hapnest-kvik-n50000/rho0.8_fst0.05_rep01/confounded-pc_mixed,2,2,mixmogam-he,2,50000,12000,confounded-pc,mixed,0.8,0.05,ld_q1,372,1.0960208409143513,0.06451612903225806,0.024193548387096774,0.0
/Users/au507860/REPOS/mixmogam/benchmarks/results/20261003-hapnest-kvik-n50000/rho0.8_fst0.05_rep01/confounded-pc_mixed,2,2,mixmogam-he,2,50000,12000,confounded-pc,mixed,0.8,0.05,ld_q2,403,0.7396297876340656,0.04218362282878412,0.009925558312655087,0.0024813895781637717
/Users/au507860/REPOS/mixmogam/benchmarks/results/20261003-hapnest-kvik-n50000/rho0.8_fst0.05_rep01/confounded-pc_mixed,2,2,mixmogam-he,2,50000,12000,confounded-pc,mixed,0.8,0.05,ld_q3,407,1.1227296954574641,0.04176904176904177,0.009828009828009828,0.0
/Users/au507860/REPOS/mixmogam/benchmarks/results/20261003-hapnest-kvik-n50000/rho0.8_fst0.05_rep01/confounded-pc_mixed,2,2,mixmogam-he,2,50000,12000,confounded-pc,mixed,0.8,0.05,ld_q4,401,1.1631572843226818,0.06733167082294264,0.0024937655860349127,0.0
/Users/au507860/REPOS/mixmogam/benchmarks/results/20261003-hapnest-kvik-n50000/rho0.8_fst0.05_rep01/confounded-pc_mixed,2,2,mixmogam-he,2,50000,12000,confounded-pc,mixed,0.8,0.05,ld_q5,417,1.2116168770919564,0.047961630695443645,0.007194244604316547,0.0
/Users/au507860/REPOS/mixmogam/benchmarks/results/20261003-hapnest-kvik-n50000/rho0.8_fst0.05_rep01/confounded-pc_mixed,2,2,mixmogam-reml,3,50000,12000,confounded-pc,mixed,0.8,0.05,all_null,2000,1.0503433086411247,0.052,0.0105,0.0005
/Users/au507860/REPOS/mixmogam/benchmarks/results/20261003-hapnest-kvik-n50000/rho0.8_fst0.05_rep01/confounded-pc_mixed,2,2,mixmogam-reml,3,50000,12000,confounded-pc,mixed,0.8,0.05,loading_q1,396,0.8439158166553782,0.06313131313131314,0.007575757575757576,0.0
/Users/au507860/REPOS/mixmogam/benchmarks/results/20261003-hapnest-kvik-n50000/rho0.8_fst0.05_rep01/confounded-pc_mixed,2,2,mixmogam-reml,3,50000,12000,confounded-pc,mixed,0.8,0.05,loading_q2,398,1.1141952814847247,0.035175879396984924,0.007537688442211055,0.0
/Users/au507860/REPOS/mixmogam/benchmarks/results/20261003-hapnest-kvik-n50000/rho0.8_fst0.05_rep01/confounded-pc_mixed,2,2,mixmogam-reml,3,50000,12000,confounded-pc,mixed,0.8,0.05,loading_q3,383,1.2065729960731697,0.057441253263707574,0.013054830287206266,0.0
/Users/au507860/REPOS/mixmogam/benchmarks/results/20261003-hapnest-kvik-n50000/rho0.8_fst0.05_rep01/confounded-pc_mixed,2,2,mixmogam-reml,3,50000,12000,confounded-pc,mixed,0.8,0.05,loading_q4,413,1.144714955025448,0.053268765133171914,0.014527845036319613,0.0
/Users/au507860/REPOS/mixmogam/benchmarks/results/20261003-hapnest-kvik-n50000/rho0.8_fst0.05_rep01/confounded-pc_mixed,2,2,mixmogam-reml,3,50000,12000,confounded-pc,mixed,0.8,0.05,loading_q5,410,0.9722820642712714,0.05121951219512195,0.00975609756097561,0.0024390243902439024
/Users/au507860/REPOS/mixmogam/benchmarks/results/20261003-hapnest-kvik-n50000/rho0.8_fst0.05_rep01/confounded-pc_mixed,2,2,mixmogam-reml,3,50000,12000,confounded-pc,mixed,0.8,0.05,maf_q1,392,1.0040618428510792,0.05102040816326531,0.015306122448979591,0.0
/Users/au507860/REPOS/mixmogam/benchmarks/results/20261003-hapnest-kvik-n50000/rho0.8_fst0.05_rep01/confounded-pc_mixed,2,2,mixmogam-reml,3,50000,12000,confounded-pc,mixed,0.8,0.05,maf_q2,372,0.9894354164318522,0.04032258064516129,0.005376344086021506,0.0
/Users/au507860/REPOS/mixmogam/benchmarks/results/20261003-hapnest-kvik-n50000/rho0.8_fst0.05_rep01/confounded-pc_mixed,2,2,mixmogam-reml,3,50000,12000,confounded-pc,mixed,0.8,0.05,maf_q3,429,1.0424281633018744,0.06526806526806526,0.011655011655011656,0.0
/Users/au507860/REPOS/mixmogam/benchmarks/results/20261003-hapnest-kvik-n50000/rho0.8_fst0.05_rep01/confounded-pc_mixed,2,2,mixmogam-reml,3,50000,12000,confounded-pc,mixed,0.8,0.05,maf_q4,403,1.1196094302710575,0.05707196029776675,0.007444168734491315,0.0024813895781637717
/Users/au507860/REPOS/mixmogam/benchmarks/results/20261003-hapnest-kvik-n50000/rho0.8_fst0.05_rep01/confounded-pc_mixed,2,2,mixmogam-reml,3,50000,12000,confounded-pc,mixed,0.8,0.05,maf_q5,404,1.0712148051184587,0.04455445544554455,0.012376237623762377,0.0
/Users/au507860/REPOS/mixmogam/benchmarks/results/20261003-hapnest-kvik-n50000/rho0.8_fst0.05_rep01/confounded-pc_mixed,2,2,mixmogam-reml,3,50000,12000,confounded-pc,mixed,0.8,0.05,ld_q1,372,1.1169219518753306,0.06451612903225806,0.026881720430107527,0.0
/Users/au507860/REPOS/mixmogam/benchmarks/results/20261003-hapnest-kvik-n50000/rho0.8_fst0.05_rep01/confounded-pc_mixed,2,2,mixmogam-reml,3,50000,12000,confounded-pc,mixed,0.8,0.05,ld_q2,403,0.7394733963419843,0.03970223325062035,0.009925558312655087,0.0024813895781637717
/Users/au507860/REPOS/mixmogam/benchmarks/results/20261003-hapnest-kvik-n50000/rho0.8_fst0.05_rep01/confounded-pc_mixed,2,2,mixmogam-reml,3,50000,12000,confounded-pc,mixed,0.8,0.05,ld_q3,407,1.1280607904951732,0.04176904176904177,0.007371007371007371,0.0
/Users/au507860/REPOS/mixmogam/benchmarks/results/20261003-hapnest-kvik-n50000/rho0.8_fst0.05_rep01/confounded-pc_mixed,2,2,mixmogam-reml,3,50000,12000,confounded-pc,mixed,0.8,0.05,ld_q4,401,1.1460204958004239,0.06733167082294264,0.0024937655860349127,0.0
/Users/au507860/REPOS/mixmogam/benchmarks/results/20261003-hapnest-kvik-n50000/rho0.8_fst0.05_rep01/confounded-pc_mixed,2,2,mixmogam-reml,3,50000,12000,confounded-pc,mixed,0.8,0.05,ld_q5,417,1.202756598744261,0.047961630695443645,0.007194244604316547,0.0
/Users/au507860/REPOS/mixmogam/benchmarks/results/20261003-hapnest-kvik-n50000/rho0.8_fst0_rep01/unstructured_mixed,1,3,ldak-kvik,1,50000,12000,unstructured,mixed,0.8,0,all_null,2000,0.963178973222567,0.046,0.011,0.001
/Users/au507860/REPOS/mixmogam/benchmarks/results/20261003-hapnest-kvik-n50000/rho0.8_fst0_rep01/unstructured_mixed,1,3,ldak-kvik,1,50000,12000,unstructured,mixed,0.8,0,loading_q1,401,1.0235743301278808,0.059850374064837904,0.017456359102244388,0.004987531172069825
/Users/au507860/REPOS/mixmogam/benchmarks/results/20261003-hapnest-kvik-n50000/rho0.8_fst0_rep01/unstructured_mixed,1,3,ldak-kvik,1,50000,12000,unstructured,mixed,0.8,0,loading_q2,374,0.9032249094452184,0.06149732620320856,0.013368983957219251,0.0
/Users/au507860/REPOS/mixmogam/benchmarks/results/20261003-hapnest-kvik-n50000/rho0.8_fst0_rep01/unstructured_mixed,1,3,ldak-kvik,1,50000,12000,unstructured,mixed,0.8,0,loading_q3,414,0.9969942019340658,0.036231884057971016,0.007246376811594203,0.0
/Users/au507860/REPOS/mixmogam/benchmarks/results/20261003-hapnest-kvik-n50000/rho0.8_fst0_rep01/unstructured_mixed,1,3,ldak-kvik,1,50000,12000,unstructured,mixed,0.8,0,loading_q4,391,0.8985836709344376,0.03580562659846547,0.005115089514066497,0.0
/Users/au507860/REPOS/mixmogam/benchmarks/results/20261003-hapnest-kvik-n50000/rho0.8_fst0_rep01/unstructured_mixed,1,3,ldak-kvik,1,50000,12000,unstructured,mixed,0.8,0,loading_q5,420,0.976411090307321,0.0380952380952381,0.011904761904761904,0.0
/Users/au507860/REPOS/mixmogam/benchmarks/results/20261003-hapnest-kvik-n50000/rho0.8_fst0_rep01/unstructured_mixed,1,3,ldak-kvik,1,50000,12000,unstructured,mixed,0.8,0,maf_q1,392,1.0064195221144563,0.04081632653061224,0.012755102040816327,0.002551020408163265
/Users/au507860/REPOS/mixmogam/benchmarks/results/20261003-hapnest-kvik-n50000/rho0.8_fst0_rep01/unstructured_mixed,1,3,ldak-kvik,1,50000,12000,unstructured,mixed,0.8,0,maf_q2,418,1.1086163479141249,0.04066985645933014,0.009569377990430622,0.0
/Users/au507860/REPOS/mixmogam/benchmarks/results/20261003-hapnest-kvik-n50000/rho0.8_fst0_rep01/unstructured_mixed,1,3,ldak-kvik,1,50000,12000,unstructured,mixed,0.8,0,maf_q3,370,0.8866487634659683,0.051351351351351354,0.013513513513513514,0.0
/Users/au507860/REPOS/mixmogam/benchmarks/results/20261003-hapnest-kvik-n50000/rho0.8_fst0_rep01/unstructured_mixed,1,3,ldak-kvik,1,50000,12000,unstructured,mixed,0.8,0,maf_q4,421,0.9412460734909796,0.040380047505938245,0.009501187648456057,0.0023752969121140144
/Users/au507860/REPOS/mixmogam/benchmarks/results/20261003-hapnest-kvik-n50000/rho0.8_fst0_rep01/unstructured_mixed,1,3,ldak-kvik,1,50000,12000,unstructured,mixed,0.8,0,maf_q5,399,0.8100959237347752,0.05764411027568922,0.010025062656641603,0.0
/Users/au507860/REPOS/mixmogam/benchmarks/results/20261003-hapnest-kvik-n50000/rho0.8_fst0_rep01/unstructured_mixed,1,3,ldak-kvik,1,50000,12000,unstructured,mixed,0.8,0,ld_q1,424,0.9133424389353665,0.04481132075471698,0.014150943396226415,0.0023584905660377358
/Users/au507860/REPOS/mixmogam/benchmarks/results/20261003-hapnest-kvik-n50000/rho0.8_fst0_rep01/unstructured_mixed,1,3,ldak-kvik,1,50000,12000,unstructured,mixed,0.8,0,ld_q2,410,1.0147521301916798,0.03170731707317073,0.004878048780487805,0.0
/Users/au507860/REPOS/mixmogam/benchmarks/results/20261003-hapnest-kvik-n50000/rho0.8_fst0_rep01/unstructured_mixed,1,3,ldak-kvik,1,50000,12000,unstructured,mixed,0.8,0,ld_q3,375,0.91730336997222,0.04533333333333334,0.010666666666666666,0.0
/Users/au507860/REPOS/mixmogam/benchmarks/results/20261003-hapnest-kvik-n50000/rho0.8_fst0_rep01/unstructured_mixed,1,3,ldak-kvik,1,50000,12000,unstructured,mixed,0.8,0,ld_q4,374,0.9921535417284911,0.0481283422459893,0.013368983957219251,0.0
/Users/au507860/REPOS/mixmogam/benchmarks/results/20261003-hapnest-kvik-n50000/rho0.8_fst0_rep01/unstructured_mixed,1,3,ldak-kvik,1,50000,12000,unstructured,mixed,0.8,0,ld_q5,417,0.9464820443928215,0.05995203836930456,0.011990407673860911,0.002398081534772182
/Users/au507860/REPOS/mixmogam/benchmarks/results/20261003-hapnest-kvik-n50000/rho0.8_fst0_rep01/unstructured_mixed,1,3,mixmogam-he,2,50000,12000,unstructured,mixed,0.8,0,all_null,2000,0.936383520706268,0.045,0.0095,0.001
/Users/au507860/REPOS/mixmogam/benchmarks/results/20261003-hapnest-kvik-n50000/rho0.8_fst0_rep01/unstructured_mixed,1,3,mixmogam-he,2,50000,12000,unstructured,mixed,0.8,0,loading_q1,401,1.0589787680045535,0.04987531172069826,0.017456359102244388,0.004987531172069825
/Users/au507860/REPOS/mixmogam/benchmarks/results/20261003-hapnest-kvik-n50000/rho0.8_fst0_rep01/unstructured_mixed,1,3,mixmogam-he,2,50000,12000,unstructured,mixed,0.8,0,loading_q2,374,0.9180306022086213,0.06417112299465241,0.0106951871657754,0.0
/Users/au507860/REPOS/mixmogam/benchmarks/results/20261003-hapnest-kvik-n50000/rho0.8_fst0_rep01/unstructured_mixed,1,3,mixmogam-he,2,50000,12000,unstructured,mixed,0.8,0,loading_q3,414,0.977683690879068,0.036231884057971016,0.007246376811594203,0.0
/Users/au507860/REPOS/mixmogam/benchmarks/results/20261003-hapnest-kvik-n50000/rho0.8_fst0_rep01/unstructured_mixed,1,3,mixmogam-he,2,50000,12000,unstructured,mixed,0.8,0,loading_q4,391,0.8761428526082138,0.03836317135549872,0.0025575447570332483,0.0
/Users/au507860/REPOS/mixmogam/benchmarks/results/20261003-hapnest-kvik-n50000/rho0.8_fst0_rep01/unstructured_mixed,1,3,mixmogam-he,2,50000,12000,unstructured,mixed,0.8,0,loading_q5,420,0.9211641538290644,0.0380952380952381,0.009523809523809525,0.0
/Users/au507860/REPOS/mixmogam/benchmarks/results/20261003-hapnest-kvik-n50000/rho0.8_fst0_rep01/unstructured_mixed,1,3,mixmogam-he,2,50000,12000,unstructured,mixed,0.8,0,maf_q1,392,1.0176970897971886,0.04336734693877551,0.012755102040816327,0.002551020408163265
/Users/au507860/REPOS/mixmogam/benchmarks/results/20261003-hapnest-kvik-n50000/rho0.8_fst0_rep01/unstructured_mixed,1,3,mixmogam-he,2,50000,12000,unstructured,mixed,0.8,0,maf_q2,418,1.0346903941252885,0.03588516746411483,0.009569377990430622,0.0
/Users/au507860/REPOS/mixmogam/benchmarks/results/20261003-hapnest-kvik-n50000/rho0.8_fst0_rep01/unstructured_mixed,1,3,mixmogam-he,2,50000,12000,unstructured,mixed,0.8,0,maf_q3,370,0.8367811244382305,0.04864864864864865,0.005405405405405406,0.0
/Users/au507860/REPOS/mixmogam/benchmarks/results/20261003-hapnest-kvik-n50000/rho0.8_fst0_rep01/unstructured_mixed,1,3,mixmogam-he,2,50000,12000,unstructured,mixed,0.8,0,maf_q4,421,0.9103851809802688,0.040380047505938245,0.011876484560570071,0.0023752969121140144
/Users/au507860/REPOS/mixmogam/benchmarks/results/20261003-hapnest-kvik-n50000/rho0.8_fst0_rep01/unstructured_mixed,1,3,mixmogam-he,2,50000,12000,unstructured,mixed,0.8,0,maf_q5,399,0.7527574421281915,0.05764411027568922,0.007518796992481203,0.0
/Users/au507860/REPOS/mixmogam/benchmarks/results/20261003-hapnest-kvik-n50000/rho0.8_fst0_rep01/unstructured_mixed,1,3,mixmogam-he,2,50000,12000,unstructured,mixed,0.8,0,ld_q1,424,0.8667315689947078,0.04481132075471698,0.01179245283018868,0.0023584905660377358
/Users/au507860/REPOS/mixmogam/benchmarks/results/20261003-hapnest-kvik-n50000/rho0.8_fst0_rep01/unstructured_mixed,1,3,mixmogam-he,2,50000,12000,unstructured,mixed,0.8,0,ld_q2,410,0.9813730434418403,0.03170731707317073,0.004878048780487805,0.0
/Users/au507860/REPOS/mixmogam/benchmarks/results/20261003-hapnest-kvik-n50000/rho0.8_fst0_rep01/unstructured_mixed,1,3,mixmogam-he,2,50000,12000,unstructured,mixed,0.8,0,ld_q3,375,0.8866101905877439,0.037333333333333336,0.010666666666666666,0.0
/Users/au507860/REPOS/mixmogam/benchmarks/results/20261003-hapnest-kvik-n50000/rho0.8_fst0_rep01/unstructured_mixed,1,3,mixmogam-he,2,50000,12000,unstructured,mixed,0.8,0,ld_q4,374,0.9991645459655947,0.0481283422459893,0.008021390374331552,0.0
/Users/au507860/REPOS/mixmogam/benchmarks/results/20261003-hapnest-kvik-n50000/rho0.8_fst0_rep01/unstructured_mixed,1,3,mixmogam-he,2,50000,12000,unstructured,mixed,0.8,0,ld_q5,417,0.9368961892717119,0.06235011990407674,0.011990407673860911,0.002398081534772182
/Users/au507860/REPOS/mixmogam/benchmarks/results/20261003-hapnest-kvik-n50000/rho0.8_fst0_rep01/unstructured_mixed,1,3,mixmogam-reml,3,50000,12000,unstructured,mixed,0.8,0,all_null,2000,0.9477959681197307,0.045,0.009,0.001
/Users/au507860/REPOS/mixmogam/benchmarks/results/20261003-hapnest-kvik-n50000/rho0.8_fst0_rep01/unstructured_mixed,1,3,mixmogam-reml,3,50000,12000,unstructured,mixed,0.8,0,loading_q1,401,1.038199587411232,0.04987531172069826,0.014962593516209476,0.004987531172069825
/Users/au507860/REPOS/mixmogam/benchmarks/results/20261003-hapnest-kvik-n50000/rho0.8_fst0_rep01/unstructured_mixed,1,3,mixmogam-reml,3,50000,12000,unstructured,mixed,0.8,0,loading_q2,374,0.9291744608452276,0.06417112299465241,0.0106951871657754,0.0
/Users/au507860/REPOS/mixmogam/benchmarks/results/20261003-hapnest-kvik-n50000/rho0.8_fst0_rep01/unstructured_mixed,1,3,mixmogam-reml,3,50000,12000,unstructured,mixed,0.8,0,loading_q3,414,0.9805228553315206,0.036231884057971016,0.007246376811594203,0.0
/Users/au507860/REPOS/mixmogam/benchmarks/results/20261003-hapnest-kvik-n50000/rho0.8_fst0_rep01/unstructured_mixed,1,3,mixmogam-reml,3,50000,12000,unstructured,mixed,0.8,0,loading_q4,391,0.8686643511896942,0.03836317135549872,0.0025575447570332483,0.0
/Users/au507860/REPOS/mixmogam/benchmarks/results/20261003-hapnest-kvik-n50000/rho0.8_fst0_rep01/unstructured_mixed,1,3,mixmogam-reml,3,50000,12000,unstructured,mixed,0.8,0,loading_q5,420,0.9136894943229024,0.0380952380952381,0.009523809523809525,0.0
/Users/au507860/REPOS/mixmogam/benchmarks/results/20261003-hapnest-kvik-n50000/rho0.8_fst0_rep01/unstructured_mixed,1,3,mixmogam-reml,3,50000,12000,unstructured,mixed,0.8,0,maf_q1,392,1.027042508551046,0.04336734693877551,0.012755102040816327,0.002551020408163265
/Users/au507860/REPOS/mixmogam/benchmarks/results/20261003-hapnest-kvik-n50000/rho0.8_fst0_rep01/unstructured_mixed,1,3,mixmogam-reml,3,50000,12000,unstructured,mixed,0.8,0,maf_q2,418,1.0498649484009324,0.03588516746411483,0.009569377990430622,0.0
/Users/au507860/REPOS/mixmogam/benchmarks/results/20261003-hapnest-kvik-n50000/rho0.8_fst0_rep01/unstructured_mixed,1,3,mixmogam-reml,3,50000,12000,unstructured,mixed,0.8,0,maf_q3,370,0.8590916567031102,0.04864864864864865,0.005405405405405406,0.0
/Users/au507860/REPOS/mixmogam/benchmarks/results/20261003-hapnest-kvik-n50000/rho0.8_fst0_rep01/unstructured_mixed,1,3,mixmogam-reml,3,50000,12000,unstructured,mixed,0.8,0,maf_q4,421,0.9100424551527453,0.040380047505938245,0.009501187648456057,0.0023752969121140144
/Users/au507860/REPOS/mixmogam/benchmarks/results/20261003-hapnest-kvik-n50000/rho0.8_fst0_rep01/unstructured_mixed,1,3,mixmogam-reml,3,50000,12000,unstructured,mixed,0.8,0,maf_q5,399,0.7808739249170606,0.05764411027568922,0.007518796992481203,0.0
/Users/au507860/REPOS/mixmogam/benchmarks/results/20261003-hapnest-kvik-n50000/rho0.8_fst0_rep01/unstructured_mixed,1,3,mixmogam-reml,3,50000,12000,unstructured,mixed,0.8,0,ld_q1,424,0.8683963128093624,0.04481132075471698,0.01179245283018868,0.0023584905660377358
/Users/au507860/REPOS/mixmogam/benchmarks/results/20261003-hapnest-kvik-n50000/rho0.8_fst0_rep01/unstructured_mixed,1,3,mixmogam-reml,3,50000,12000,unstructured,mixed,0.8,0,ld_q2,410,1.0025854874092235,0.03170731707317073,0.004878048780487805,0.0
/Users/au507860/REPOS/mixmogam/benchmarks/results/20261003-hapnest-kvik-n50000/rho0.8_fst0_rep01/unstructured_mixed,1,3,mixmogam-reml,3,50000,12000,unstructured,mixed,0.8,0,ld_q3,375,0.9224340240605605,0.037333333333333336,0.010666666666666666,0.0
/Users/au507860/REPOS/mixmogam/benchmarks/results/20261003-hapnest-kvik-n50000/rho0.8_fst0_rep01/unstructured_mixed,1,3,mixmogam-reml,3,50000,12000,unstructured,mixed,0.8,0,ld_q4,374,0.9941395818654007,0.0481283422459893,0.008021390374331552,0.0
/Users/au507860/REPOS/mixmogam/benchmarks/results/20261003-hapnest-kvik-n50000/rho0.8_fst0_rep01/unstructured_mixed,1,3,mixmogam-reml,3,50000,12000,unstructured,mixed,0.8,0,ld_q5,417,0.9362663556069513,0.06235011990407674,0.009592326139088728,0.002398081534772182
/Users/au507860/REPOS/mixmogam/benchmarks/results/20261003-hapnest-kvik-n50000/rho0.8_fst0.05_rep01/confounded-pc_mixed,2,3,mixmogam-he,1,50000,12000,confounded-pc,mixed,0.8,0.05,all_null,2000,1.0592567973037161,0.0525,0.0105,0.0005
/Users/au507860/REPOS/mixmogam/benchmarks/results/20261003-hapnest-kvik-n50000/rho0.8_fst0.05_rep01/confounded-pc_mixed,2,3,mixmogam-he,1,50000,12000,confounded-pc,mixed,0.8,0.05,loading_q1,396,0.870143763972557,0.06313131313131314,0.007575757575757576,0.0
/Users/au507860/REPOS/mixmogam/benchmarks/results/20261003-hapnest-kvik-n50000/rho0.8_fst0.05_rep01/confounded-pc_mixed,2,3,mixmogam-he,1,50000,12000,confounded-pc,mixed,0.8,0.05,loading_q2,398,1.0996650406523125,0.035175879396984924,0.007537688442211055,0.0
/Users/au507860/REPOS/mixmogam/benchmarks/results/20261003-hapnest-kvik-n50000/rho0.8_fst0.05_rep01/confounded-pc_mixed,2,3,mixmogam-he,1,50000,12000,confounded-pc,mixed,0.8,0.05,loading_q3,383,1.2168922114499616,0.057441253263707574,0.015665796344647518,0.0
/Users/au507860/REPOS/mixmogam/benchmarks/results/20261003-hapnest-kvik-n50000/rho0.8_fst0.05_rep01/confounded-pc_mixed,2,3,mixmogam-he,1,50000,12000,confounded-pc,mixed,0.8,0.05,loading_q4,413,1.1149957227789196,0.053268765133171914,0.014527845036319613,0.0
/Users/au507860/REPOS/mixmogam/benchmarks/results/20261003-hapnest-kvik-n50000/rho0.8_fst0.05_rep01/confounded-pc_mixed,2,3,mixmogam-he,1,50000,12000,confounded-pc,mixed,0.8,0.05,loading_q5,410,0.9404246743019306,0.05365853658536585,0.007317073170731708,0.0024390243902439024
/Users/au507860/REPOS/mixmogam/benchmarks/results/20261003-hapnest-kvik-n50000/rho0.8_fst0.05_rep01/confounded-pc_mixed,2,3,mixmogam-he,1,50000,12000,confounded-pc,mixed,0.8,0.05,maf_q1,392,1.0280134617539913,0.05102040816326531,0.017857142857142856,0.0
/Users/au507860/REPOS/mixmogam/benchmarks/results/20261003-hapnest-kvik-n50000/rho0.8_fst0.05_rep01/confounded-pc_mixed,2,3,mixmogam-he,1,50000,12000,confounded-pc,mixed,0.8,0.05,maf_q2,372,0.975241210181497,0.04032258064516129,0.005376344086021506,0.0
/Users/au507860/REPOS/mixmogam/benchmarks/results/20261003-hapnest-kvik-n50000/rho0.8_fst0.05_rep01/confounded-pc_mixed,2,3,mixmogam-he,1,50000,12000,confounded-pc,mixed,0.8,0.05,maf_q3,429,1.0711261669126109,0.0675990675990676,0.009324009324009324,0.0
/Users/au507860/REPOS/mixmogam/benchmarks/results/20261003-hapnest-kvik-n50000/rho0.8_fst0.05_rep01/confounded-pc_mixed,2,3,mixmogam-he,1,50000,12000,confounded-pc,mixed,0.8,0.05,maf_q4,403,1.1279976379278986,0.05707196029776675,0.007444168734491315,0.0024813895781637717
/Users/au507860/REPOS/mixmogam/benchmarks/results/20261003-hapnest-kvik-n50000/rho0.8_fst0.05_rep01/confounded-pc_mixed,2,3,mixmogam-he,1,50000,12000,confounded-pc,mixed,0.8,0.05,maf_q5,404,1.0649687562937038,0.04455445544554455,0.012376237623762377,0.0
/Users/au507860/REPOS/mixmogam/benchmarks/results/20261003-hapnest-kvik-n50000/rho0.8_fst0.05_rep01/confounded-pc_mixed,2,3,mixmogam-he,1,50000,12000,confounded-pc,mixed,0.8,0.05,ld_q1,372,1.0960208409143513,0.06451612903225806,0.024193548387096774,0.0
/Users/au507860/REPOS/mixmogam/benchmarks/results/20261003-hapnest-kvik-n50000/rho0.8_fst0.05_rep01/confounded-pc_mixed,2,3,mixmogam-he,1,50000,12000,confounded-pc,mixed,0.8,0.05,ld_q2,403,0.7396297876340656,0.04218362282878412,0.009925558312655087,0.0024813895781637717
/Users/au507860/REPOS/mixmogam/benchmarks/results/20261003-hapnest-kvik-n50000/rho0.8_fst0.05_rep01/confounded-pc_mixed,2,3,mixmogam-he,1,50000,12000,confounded-pc,mixed,0.8,0.05,ld_q3,407,1.1227296954574641,0.04176904176904177,0.009828009828009828,0.0
/Users/au507860/REPOS/mixmogam/benchmarks/results/20261003-hapnest-kvik-n50000/rho0.8_fst0.05_rep01/confounded-pc_mixed,2,3,mixmogam-he,1,50000,12000,confounded-pc,mixed,0.8,0.05,ld_q4,401,1.1631572843226818,0.06733167082294264,0.0024937655860349127,0.0
/Users/au507860/REPOS/mixmogam/benchmarks/results/20261003-hapnest-kvik-n50000/rho0.8_fst0.05_rep01/confounded-pc_mixed,2,3,mixmogam-he,1,50000,12000,confounded-pc,mixed,0.8,0.05,ld_q5,417,1.2116168770919564,0.047961630695443645,0.007194244604316547,0.0
/Users/au507860/REPOS/mixmogam/benchmarks/results/20261003-hapnest-kvik-n50000/rho0.8_fst0.05_rep01/confounded-pc_mixed,2,3,mixmogam-reml,2,50000,12000,confounded-pc,mixed,0.8,0.05,all_null,2000,1.0503433086411247,0.052,0.0105,0.0005
/Users/au507860/REPOS/mixmogam/benchmarks/results/20261003-hapnest-kvik-n50000/rho0.8_fst0.05_rep01/confounded-pc_mixed,2,3,mixmogam-reml,2,50000,12000,confounded-pc,mixed,0.8,0.05,loading_q1,396,0.8439158166553782,0.06313131313131314,0.007575757575757576,0.0
/Users/au507860/REPOS/mixmogam/benchmarks/results/20261003-hapnest-kvik-n50000/rho0.8_fst0.05_rep01/confounded-pc_mixed,2,3,mixmogam-reml,2,50000,12000,confounded-pc,mixed,0.8,0.05,loading_q2,398,1.1141952814847247,0.035175879396984924,0.007537688442211055,0.0
/Users/au507860/REPOS/mixmogam/benchmarks/results/20261003-hapnest-kvik-n50000/rho0.8_fst0.05_rep01/confounded-pc_mixed,2,3,mixmogam-reml,2,50000,12000,confounded-pc,mixed,0.8,0.05,loading_q3,383,1.2065729960731697,0.057441253263707574,0.013054830287206266,0.0
/Users/au507860/REPOS/mixmogam/benchmarks/results/20261003-hapnest-kvik-n50000/rho0.8_fst0.05_rep01/confounded-pc_mixed,2,3,mixmogam-reml,2,50000,12000,confounded-pc,mixed,0.8,0.05,loading_q4,413,1.144714955025448,0.053268765133171914,0.014527845036319613,0.0
/Users/au507860/REPOS/mixmogam/benchmarks/results/20261003-hapnest-kvik-n50000/rho0.8_fst0.05_rep01/confounded-pc_mixed,2,3,mixmogam-reml,2,50000,12000,confounded-pc,mixed,0.8,0.05,loading_q5,410,0.9722820642712714,0.05121951219512195,0.00975609756097561,0.0024390243902439024
/Users/au507860/REPOS/mixmogam/benchmarks/results/20261003-hapnest-kvik-n50000/rho0.8_fst0.05_rep01/confounded-pc_mixed,2,3,mixmogam-reml,2,50000,12000,confounded-pc,mixed,0.8,0.05,maf_q1,392,1.0040618428510792,0.05102040816326531,0.015306122448979591,0.0
/Users/au507860/REPOS/mixmogam/benchmarks/results/20261003-hapnest-kvik-n50000/rho0.8_fst0.05_rep01/confounded-pc_mixed,2,3,mixmogam-reml,2,50000,12000,confounded-pc,mixed,0.8,0.05,maf_q2,372,0.9894354164318522,0.04032258064516129,0.005376344086021506,0.0
/Users/au507860/REPOS/mixmogam/benchmarks/results/20261003-hapnest-kvik-n50000/rho0.8_fst0.05_rep01/confounded-pc_mixed,2,3,mixmogam-reml,2,50000,12000,confounded-pc,mixed,0.8,0.05,maf_q3,429,1.0424281633018744,0.06526806526806526,0.011655011655011656,0.0
/Users/au507860/REPOS/mixmogam/benchmarks/results/20261003-hapnest-kvik-n50000/rho0.8_fst0.05_rep01/confounded-pc_mixed,2,3,mixmogam-reml,2,50000,12000,confounded-pc,mixed,0.8,0.05,maf_q4,403,1.1196094302710575,0.05707196029776675,0.007444168734491315,0.0024813895781637717
/Users/au507860/REPOS/mixmogam/benchmarks/results/20261003-hapnest-kvik-n50000/rho0.8_fst0.05_rep01/confounded-pc_mixed,2,3,mixmogam-reml,2,50000,12000,confounded-pc,mixed,0.8,0.05,maf_q5,404,1.0712148051184587,0.04455445544554455,0.012376237623762377,0.0
/Users/au507860/REPOS/mixmogam/benchmarks/results/20261003-hapnest-kvik-n50000/rho0.8_fst0.05_rep01/confounded-pc_mixed,2,3,mixmogam-reml,2,50000,12000,confounded-pc,mixed,0.8,0.05,ld_q1,372,1.1169219518753306,0.06451612903225806,0.026881720430107527,0.0
/Users/au507860/REPOS/mixmogam/benchmarks/results/20261003-hapnest-kvik-n50000/rho0.8_fst0.05_rep01/confounded-pc_mixed,2,3,mixmogam-reml,2,50000,12000,confounded-pc,mixed,0.8,0.05,ld_q2,403,0.7394733963419843,0.03970223325062035,0.009925558312655087,0.0024813895781637717
/Users/au507860/REPOS/mixmogam/benchmarks/results/20261003-hapnest-kvik-n50000/rho0.8_fst0.05_rep01/confounded-pc_mixed,2,3,mixmogam-reml,2,50000,12000,confounded-pc,mixed,0.8,0.05,ld_q3,407,1.1280607904951732,0.04176904176904177,0.007371007371007371,0.0
/Users/au507860/REPOS/mixmogam/benchmarks/results/20261003-hapnest-kvik-n50000/rho0.8_fst0.05_rep01/confounded-pc_mixed,2,3,mixmogam-reml,2,50000,12000,confounded-pc,mixed,0.8,0.05,ld_q4,401,1.1460204958004239,0.06733167082294264,0.0024937655860349127,0.0
/Users/au507860/REPOS/mixmogam/benchmarks/results/20261003-hapnest-kvik-n50000/rho0.8_fst0.05_rep01/confounded-pc_mixed,2,3,mixmogam-reml,2,50000,12000,confounded-pc,mixed,0.8,0.05,ld_q5,417,1.202756598744261,0.047961630695443645,0.007194244604316547,0.0
/Users/au507860/REPOS/mixmogam/benchmarks/results/20261003-hapnest-kvik-n50000/rho0.8_fst0.05_rep01/confounded-pc_mixed,2,3,ldak-kvik,3,50000,12000,confounded-pc,mixed,0.8,0.05,all_null,2000,0.9654054323901633,0.04,0.013,0.0005
/Users/au507860/REPOS/mixmogam/benchmarks/results/20261003-hapnest-kvik-n50000/rho0.8_fst0.05_rep01/confounded-pc_mixed,2,3,ldak-kvik,3,50000,12000,confounded-pc,mixed,0.8,0.05,loading_q1,396,0.8184821357763808,0.06060606060606061,0.017676767676767676,0.0
/Users/au507860/REPOS/mixmogam/benchmarks/results/20261003-hapnest-kvik-n50000/rho0.8_fst0.05_rep01/confounded-pc_mixed,2,3,ldak-kvik,3,50000,12000,confounded-pc,mixed,0.8,0.05,loading_q2,398,1.113887720700215,0.032663316582914576,0.010050251256281407,0.0
/Users/au507860/REPOS/mixmogam/benchmarks/results/20261003-hapnest-kvik-n50000/rho0.8_fst0.05_rep01/confounded-pc_mixed,2,3,ldak-kvik,3,50000,12000,confounded-pc,mixed,0.8,0.05,loading_q3,383,1.0949588628472857,0.04699738903394256,0.013054830287206266,0.0
/Users/au507860/REPOS/mixmogam/benchmarks/results/20261003-hapnest-kvik-n50000/rho0.8_fst0.05_rep01/confounded-pc_mixed,2,3,ldak-kvik,3,50000,12000,confounded-pc,mixed,0.8,0.05,loading_q4,413,1.0242863518776717,0.04116222760290557,0.014527845036319613,0.0
/Users/au507860/REPOS/mixmogam/benchmarks/results/20261003-hapnest-kvik-n50000/rho0.8_fst0.05_rep01/confounded-pc_mixed,2,3,ldak-kvik,3,50000,12000,confounded-pc,mixed,0.8,0.05,loading_q5,410,0.8419091729221987,0.01951219512195122,0.00975609756097561,0.0024390243902439024
/Users/au507860/REPOS/mixmogam/benchmarks/results/20261003-hapnest-kvik-n50000/rho0.8_fst0.05_rep01/confounded-pc_mixed,2,3,ldak-kvik,3,50000,12000,confounded-pc,mixed,0.8,0.05,maf_q1,392,0.8729157810686404,0.04336734693877551,0.017857142857142856,0.0
/Users/au507860/REPOS/mixmogam/benchmarks/results/20261003-hapnest-kvik-n50000/rho0.8_fst0.05_rep01/confounded-pc_mixed,2,3,ldak-kvik,3,50000,12000,confounded-pc,mixed,0.8,0.05,maf_q2,372,1.0068848707980835,0.024193548387096774,0.005376344086021506,0.0
/Users/au507860/REPOS/mixmogam/benchmarks/results/20261003-hapnest-kvik-n50000/rho0.8_fst0.05_rep01/confounded-pc_mixed,2,3,ldak-kvik,3,50000,12000,confounded-pc,mixed,0.8,0.05,maf_q3,429,1.0067348368481672,0.04428904428904429,0.016317016317016316,0.0
/Users/au507860/REPOS/mixmogam/benchmarks/results/20261003-hapnest-kvik-n50000/rho0.8_fst0.05_rep01/confounded-pc_mixed,2,3,ldak-kvik,3,50000,12000,confounded-pc,mixed,0.8,0.05,maf_q4,403,1.0242863518776717,0.04218362282878412,0.01240694789081886,0.0024813895781637717
/Users/au507860/REPOS/mixmogam/benchmarks/results/20261003-hapnest-kvik-n50000/rho0.8_fst0.05_rep01/confounded-pc_mixed,2,3,ldak-kvik,3,50000,12000,confounded-pc,mixed,0.8,0.05,maf_q5,404,1.0389988113962436,0.04455445544554455,0.012376237623762377,0.0
/Users/au507860/REPOS/mixmogam/benchmarks/results/20261003-hapnest-kvik-n50000/rho0.8_fst0.05_rep01/confounded-pc_mixed,2,3,ldak-kvik,3,50000,12000,confounded-pc,mixed,0.8,0.05,ld_q1,372,0.9785696620597499,0.04838709677419355,0.02956989247311828,0.0
/Users/au507860/REPOS/mixmogam/benchmarks/results/20261003-hapnest-kvik-n50000/rho0.8_fst0.05_rep01/confounded-pc_mixed,2,3,ldak-kvik,3,50000,12000,confounded-pc,mixed,0.8,0.05,ld_q2,403,0.7179693311670973,0.02729528535980149,0.009925558312655087,0.0024813895781637717
/Users/au507860/REPOS/mixmogam/benchmarks/results/20261003-hapnest-kvik-n50000/rho0.8_fst0.05_rep01/confounded-pc_mixed,2,3,ldak-kvik,3,50000,12000,confounded-pc,mixed,0.8,0.05,ld_q3,407,1.0512267507976394,0.036855036855036855,0.007371007371007371,0.0
/Users/au507860/REPOS/mixmogam/benchmarks/results/20261003-hapnest-kvik-n50000/rho0.8_fst0.05_rep01/confounded-pc_mixed,2,3,ldak-kvik,3,50000,12000,confounded-pc,mixed,0.8,0.05,ld_q4,401,1.1461205023870917,0.04488778054862843,0.007481296758104738,0.0
/Users/au507860/REPOS/mixmogam/benchmarks/results/20261003-hapnest-kvik-n50000/rho0.8_fst0.05_rep01/confounded-pc_mixed,2,3,ldak-kvik,3,50000,12000,confounded-pc,mixed,0.8,0.05,ld_q5,417,1.0799211279539969,0.04316546762589928,0.011990407673860911,0.0
