bonferroni_05,delta,delta_rel_err,fp_lm,fp_lmm,gen_seconds,lambda_gc,lambda_gc_lm,lambda_gc_lmm,ll,m,max_dlog10p,method,n,n_false_positive,n_perm,n_significant,power,pseudo_h2,scenario,seconds,seed,tail_mass,threshold_05,top100_overlap
,1.09389,,,,2.61,,,,-1074.784,20000,,fit_exact,800,,,,,0.4776,S1_ld_small,0.216,1,,,
,1.08452,0.0086,,,2.61,,,,-1074.672,20000,,fit_slq,800,,,,,0.4797,S1_ld_small,0.391,1,,,
,1.14391,,,,2.61,,,,,20000,,fit_exact_kinship25,800,,,,,0.4664,S1_ld_small,0.325,1,,,
,,,,,2.61,,,,,20000,,kinship_full,800,,,,,,S1_ld_small,0.44,1,,,
,,,,,2.61,1.0015,,,,20000,,scan_lmm_exact_f32,800,0,,1,0.05,,S1_ld_small,0.893,1,,,
2.5e-06,,,,,2.61,,,,,20000,,permutations_batched,800,,200,,,,S1_ld_small,1.206,1,,0.0001062,
,1.25023,,,,2.02,,,,-1075.623,20000,,fit_exact,800,,,,,0.4444,S1_ld_small,0.181,2,,,
,1.24158,0.0069,,,2.02,,,,-1075.683,20000,,fit_slq,800,,,,,0.4461,S1_ld_small,0.251,2,,,
,1.30986,,,,2.02,,,,,20000,,fit_exact_kinship25,800,,,,,0.4329,S1_ld_small,0.26,2,,,
,,,,,2.02,,,,,20000,,kinship_full,800,,,,,,S1_ld_small,0.348,2,,,
,,,,,2.02,1.0293,,,,20000,,scan_lmm_exact_f32,800,0,,1,0.05,,S1_ld_small,0.358,2,,,
2.5e-06,,,,,2.02,,,,,20000,,permutations_batched,800,,200,,,,S1_ld_small,1.057,2,,7.978e-05,
,0.86937,,,,1.99,,,,-1063.759,20000,,fit_exact,800,,,,,0.5349,S1_ld_small,0.176,3,,,
,0.89136,0.0253,,,1.99,,,,-1064.998,20000,,fit_slq,800,,,,,0.5287,S1_ld_small,0.261,3,,,
,0.95229,,,,1.99,,,,,20000,,fit_exact_kinship25,800,,,,,0.5122,S1_ld_small,0.241,3,,,
,,,,,1.99,,,,,20000,,kinship_full,800,,,,,,S1_ld_small,0.329,3,,,
,,,,,1.99,1.0166,,,,20000,,scan_lmm_exact_f32,800,5,,7,0.1,,S1_ld_small,0.308,3,,,
2.5e-06,,,,,1.99,,,,,20000,,permutations_batched,800,,200,,,,S1_ld_small,1.024,3,,7.128e-05,
,0.68339,,,,2.12,,,,-894.306,20000,,fit_exact,800,,,,,0.594,S2_structure,0.246,1,,,
,0.67664,0.0099,,,2.12,,,,-893.33,20000,,fit_slq,800,,,,,0.5964,S2_structure,0.342,1,,,
,0.69573,,,,2.12,,,,,20000,,fit_exact_kinship25,800,,,,,0.5897,S2_structure,0.334,1,,,
,,,,,2.12,,,,,20000,,kinship_full,800,,,,,,S2_structure,0.322,1,,,
,,,,,2.12,1.0062,,,,20000,,scan_lmm_exact_f32,800,3,,3,0.0,,S2_structure,0.393,1,,,
,,,,,2.12,0.3827,,,,20000,,scan_lm_nok,800,960,,960,0.0,,S2_structure,0.161,1,,,
,,,960,3,2.12,,0.383,1.006,,20000,,lmm_vs_lm,800,,,,,,S2_structure,,1,,,
,0.88876,,,,2.65,,,,-966.589,20000,,fit_exact,800,,,,,0.5294,S2_structure,0.19,2,,,
,0.87913,0.0108,,,2.65,,,,-965.896,20000,,fit_slq,800,,,,,0.5322,S2_structure,0.292,2,,,
,0.88399,,,,2.65,,,,,20000,,fit_exact_kinship25,800,,,,,0.5308,S2_structure,0.267,2,,,
,,,,,2.65,,,,,20000,,kinship_full,800,,,,,,S2_structure,0.356,2,,,
,,,,,2.65,1.0061,,,,20000,,scan_lmm_exact_f32,800,0,,0,0.0,,S2_structure,0.386,2,,,
,,,,,2.65,0.4463,,,,20000,,scan_lm_nok,800,690,,691,0.1,,S2_structure,0.165,2,,,
,,,690,0,2.65,,0.446,1.006,,20000,,lmm_vs_lm,800,,,,,,S2_structure,,2,,,
,0.67942,,,,2.28,,,,-911.505,20000,,fit_exact,800,,,,,0.5954,S2_structure,0.206,3,,,
,0.6881,0.0128,,,2.28,,,,-912.757,20000,,fit_slq,800,,,,,0.5924,S2_structure,0.332,3,,,
,0.70221,,,,2.28,,,,,20000,,fit_exact_kinship25,800,,,,,0.5875,S2_structure,0.317,3,,,
,,,,,2.28,,,,,20000,,kinship_full,800,,,,,,S2_structure,0.369,3,,,
,,,,,2.28,1.0118,,,,20000,,scan_lmm_exact_f32,800,2,,3,0.1,,S2_structure,0.455,3,,,
,,,,,2.28,0.39,,,,20000,,scan_lm_nok,800,658,,658,0.0,,S2_structure,0.2,3,,,
,,,658,2,2.28,,0.39,1.012,,20000,,lmm_vs_lm,800,,,,,,S2_structure,,3,,,
,0.92264,,,,39.7,,,,-5113.461,50000,,fit_exact,4000,,,,,0.5201,S3_large,27.876,1,,,
,0.95276,0.0327,,,39.7,,,,-5125.512,50000,,fit_slq,4000,,,,,0.5121,S3_large,18.765,1,,,
,0.96218,,,,39.7,,,,,50000,,fit_exact_kinship25,4000,,,,,0.5096,S3_large,26.771,1,,,
,,,,,39.7,,,,,50000,,kinship_full,4000,,,,,,S3_large,7.943,1,,,
,,,,,39.7,1.0317,,,,50000,,scan_lmm_exact_f32,4000,35,,44,0.3,,S3_large,12.884,1,,,
,,,,,39.7,1.0317,,,,50000,,scan_lmm_exact_f64,4000,35,,44,0.3,,S3_large,12.431,1,,,
,,,,,39.7,1.0207,,,,50000,1.3423,scan_topk1024,4000,33,,42,0.3,,S3_large,16.188,1,433.29,,96
,1.21087,,,,34.55,,,,-5262.894,50000,,fit_exact,4000,,,,,0.4523,S3_large,26.941,2,,,
,1.20092,0.0082,,,34.55,,,,-5260.685,50000,,fit_slq,4000,,,,,0.4544,S3_large,18.242,2,,,
,1.23922,,,,34.55,,,,,50000,,fit_exact_kinship25,4000,,,,,0.4466,S3_large,27.791,2,,,
,,,,,34.55,,,,,50000,,kinship_full,4000,,,,,,S3_large,6.263,2,,,
,,,,,34.55,1.0276,,,,50000,,scan_lmm_exact_f32,4000,25,,32,0.233,,S3_large,9.491,2,,,
,,,,,34.55,1.0276,,,,50000,,scan_lmm_exact_f64,4000,25,,32,0.233,,S3_large,10.163,2,,,
,,,,,34.55,1.0165,,,,50000,1.3974,scan_topk1024,4000,24,,31,0.233,,S3_large,13.0,2,439.56,,90
,0.96095,,,,34.63,,,,-5043.044,50000,,fit_exact,4000,,,,,0.51,S3_large,25.49,3,,,
,0.98259,0.0225,,,34.63,,,,-5050.615,50000,,fit_slq,4000,,,,,0.5044,S3_large,19.857,3,,,
,0.99722,,,,34.63,,,,,50000,,fit_exact_kinship25,4000,,,,,0.5007,S3_large,25.213,3,,,
,,,,,34.63,,,,,50000,,kinship_full,4000,,,,,,S3_large,5.747,3,,,
,,,,,34.63,1.0298,,,,50000,,scan_lmm_exact_f32,4000,53,,61,0.267,,S3_large,13.133,3,,,
,,,,,34.63,1.0298,,,,50000,,scan_lmm_exact_f64,4000,53,,61,0.267,,S3_large,11.208,3,,,
,,,,,34.63,1.0184,,,,50000,0.9578,scan_topk1024,4000,49,,58,0.3,,S3_large,14.133,3,454.55,,97
