cell,trait,rho,method,stratum,n_replicates,n_null,lambda_gc,lambda_gc_mcse,rejection_0.05,rejection_0.05_mcse,rejection_0.01,rejection_0.01_mcse,rejection_0.001,rejection_0.001_mcse,power_bonferroni,power_bonferroni_mcse,power_5e-8,power_5e-8_mcse,wall_seconds,wall_seconds_mcse,peak_rss_bytes,peak_rss_bytes_mcse
confounded-pc,mixed,0.8,kvik,all,1,2000,1.0871714175319591,nan,0.0515,nan,0.0105,nan,0.0025,nan,0.7,nan,0.7,nan,8.184556332998909,nan,663863296.0,nan
confounded-pc,mixed,0.8,kvik,loading_q1,1,394,1.0940516561210447,nan,0.05583756345177665,nan,0.015228426395939087,nan,0.007614213197969543,nan,0.7,nan,0.7,nan,8.184556332998909,nan,663863296.0,nan
confounded-pc,mixed,0.8,kvik,loading_q2,1,396,0.8389305494453325,nan,0.03535353535353535,nan,0.005050505050505051,nan,0.0,nan,0.7,nan,0.7,nan,8.184556332998909,nan,663863296.0,nan
confounded-pc,mixed,0.8,kvik,loading_q3,1,382,1.2962037939880182,nan,0.04450261780104712,nan,0.005235602094240838,nan,0.002617801047120419,nan,0.7,nan,0.7,nan,8.184556332998909,nan,663863296.0,nan
confounded-pc,mixed,0.8,kvik,loading_q4,1,417,1.20525202307448,nan,0.06954436450839328,nan,0.016786570743405275,nan,0.002398081534772182,nan,0.7,nan,0.7,nan,8.184556332998909,nan,663863296.0,nan
confounded-pc,mixed,0.8,kvik,loading_q5,1,411,1.1155522764775798,nan,0.051094890510948905,nan,0.009732360097323601,nan,0.0,nan,0.7,nan,0.7,nan,8.184556332998909,nan,663863296.0,nan
confounded-pc,mixed,0.8,kvik,maf_q1,1,396,1.1008291079127148,nan,0.06313131313131314,nan,0.010101010101010102,nan,0.005050505050505051,nan,0.7,nan,0.7,nan,8.184556332998909,nan,663863296.0,nan
confounded-pc,mixed,0.8,kvik,maf_q2,1,369,1.2101273611862444,nan,0.04607046070460705,nan,0.005420054200542005,nan,0.0,nan,0.7,nan,0.7,nan,8.184556332998909,nan,663863296.0,nan
confounded-pc,mixed,0.8,kvik,maf_q3,1,432,1.0448046070881651,nan,0.05555555555555555,nan,0.013888888888888888,nan,0.0023148148148148147,nan,0.7,nan,0.7,nan,8.184556332998909,nan,663863296.0,nan
confounded-pc,mixed,0.8,kvik,maf_q4,1,396,1.049727120471019,nan,0.04292929292929293,nan,0.005050505050505051,nan,0.0025252525252525255,nan,0.7,nan,0.7,nan,8.184556332998909,nan,663863296.0,nan
confounded-pc,mixed,0.8,kvik,maf_q5,1,407,1.0496984182262514,nan,0.04914004914004914,nan,0.0171990171990172,nan,0.002457002457002457,nan,0.7,nan,0.7,nan,8.184556332998909,nan,663863296.0,nan
confounded-pc,mixed,0.8,kvik,ld_q1,1,376,1.1755386493165167,nan,0.09840425531914894,nan,0.023936170212765957,nan,0.007978723404255319,nan,0.7,nan,0.7,nan,8.184556332998909,nan,663863296.0,nan
confounded-pc,mixed,0.8,kvik,ld_q2,1,409,0.9909387439163544,nan,0.04156479217603912,nan,0.004889975550122249,nan,0.0024449877750611247,nan,0.7,nan,0.7,nan,8.184556332998909,nan,663863296.0,nan
confounded-pc,mixed,0.8,kvik,ld_q3,1,388,1.202985894271577,nan,0.023195876288659795,nan,0.002577319587628866,nan,0.002577319587628866,nan,0.7,nan,0.7,nan,8.184556332998909,nan,663863296.0,nan
confounded-pc,mixed,0.8,kvik,ld_q4,1,417,1.074443076742209,nan,0.045563549160671464,nan,0.009592326139088728,nan,0.0,nan,0.7,nan,0.7,nan,8.184556332998909,nan,663863296.0,nan
confounded-pc,mixed,0.8,kvik,ld_q5,1,410,1.0800458879917203,nan,0.05121951219512195,nan,0.012195121951219513,nan,0.0,nan,0.7,nan,0.7,nan,8.184556332998909,nan,663863296.0,nan
confounded-pc,mixed,0.8,ldak-kvik,all,1,2000,0.9918840969339939,nan,0.0435,nan,0.011,nan,0.0025,nan,0.7,nan,0.7,nan,4.063938834064174,nan,231342080.0,nan
confounded-pc,mixed,0.8,ldak-kvik,loading_q1,1,394,1.0956574943459374,nan,0.06091370558375635,nan,0.015228426395939087,nan,0.005076142131979695,nan,0.7,nan,0.7,nan,4.063938834064174,nan,231342080.0,nan
confounded-pc,mixed,0.8,ldak-kvik,loading_q2,1,396,0.8473479957308023,nan,0.025252525252525252,nan,0.005050505050505051,nan,0.0,nan,0.7,nan,0.7,nan,4.063938834064174,nan,231342080.0,nan
confounded-pc,mixed,0.8,ldak-kvik,loading_q3,1,382,1.1701070014991555,nan,0.041884816753926704,nan,0.002617801047120419,nan,0.002617801047120419,nan,0.7,nan,0.7,nan,4.063938834064174,nan,231342080.0,nan
confounded-pc,mixed,0.8,ldak-kvik,loading_q4,1,417,1.1018594306649327,nan,0.05515587529976019,nan,0.019184652278177457,nan,0.002398081534772182,nan,0.7,nan,0.7,nan,4.063938834064174,nan,231342080.0,nan
confounded-pc,mixed,0.8,ldak-kvik,loading_q5,1,411,0.8447784792881781,nan,0.0340632603406326,nan,0.012165450121654502,nan,0.0024330900243309003,nan,0.7,nan,0.7,nan,4.063938834064174,nan,231342080.0,nan
confounded-pc,mixed,0.8,ldak-kvik,maf_q1,1,396,1.0514204674965795,nan,0.05555555555555555,nan,0.015151515151515152,nan,0.005050505050505051,nan,0.7,nan,0.7,nan,4.063938834064174,nan,231342080.0,nan
confounded-pc,mixed,0.8,ldak-kvik,maf_q2,1,369,1.096056776576646,nan,0.03523035230352303,nan,0.005420054200542005,nan,0.0027100271002710027,nan,0.7,nan,0.7,nan,4.063938834064174,nan,231342080.0,nan
confounded-pc,mixed,0.8,ldak-kvik,maf_q3,1,432,0.9819077429897947,nan,0.05092592592592592,nan,0.009259259259259259,nan,0.0023148148148148147,nan,0.7,nan,0.7,nan,4.063938834064174,nan,231342080.0,nan
confounded-pc,mixed,0.8,ldak-kvik,maf_q4,1,396,0.9429220186171925,nan,0.025252525252525252,nan,0.005050505050505051,nan,0.0025252525252525255,nan,0.7,nan,0.7,nan,4.063938834064174,nan,231342080.0,nan
confounded-pc,mixed,0.8,ldak-kvik,maf_q5,1,407,0.9322992647388922,nan,0.04914004914004914,nan,0.019656019656019656,nan,0.0,nan,0.7,nan,0.7,nan,4.063938834064174,nan,231342080.0,nan
confounded-pc,mixed,0.8,ldak-kvik,ld_q1,1,376,1.0032897539401897,nan,0.09042553191489362,nan,0.02925531914893617,nan,0.007978723404255319,nan,0.7,nan,0.7,nan,4.063938834064174,nan,231342080.0,nan
confounded-pc,mixed,0.8,ldak-kvik,ld_q2,1,409,0.967725908594781,nan,0.03667481662591687,nan,0.009779951100244499,nan,0.0024449877750611247,nan,0.7,nan,0.7,nan,4.063938834064174,nan,231342080.0,nan
confounded-pc,mixed,0.8,ldak-kvik,ld_q3,1,388,1.045314977911007,nan,0.020618556701030927,nan,0.002577319587628866,nan,0.002577319587628866,nan,0.7,nan,0.7,nan,4.063938834064174,nan,231342080.0,nan
confounded-pc,mixed,0.8,ldak-kvik,ld_q4,1,417,1.0442265780735025,nan,0.026378896882494004,nan,0.007194244604316547,nan,0.0,nan,0.7,nan,0.7,nan,4.063938834064174,nan,231342080.0,nan
confounded-pc,mixed,0.8,ldak-kvik,ld_q5,1,410,0.9525807473139378,nan,0.046341463414634146,nan,0.007317073170731708,nan,0.0,nan,0.7,nan,0.7,nan,4.063938834064174,nan,231342080.0,nan
unstructured,mixed,0.8,kvik,all,1,2000,0.9059742939164523,nan,0.043,nan,0.0105,nan,0.001,nan,0.8,nan,0.7,nan,7.74266212497605,nan,673644544.0,nan
unstructured,mixed,0.8,kvik,loading_q1,1,401,0.9344122913213593,nan,0.0199501246882793,nan,0.0,nan,0.0,nan,0.8,nan,0.7,nan,7.74266212497605,nan,673644544.0,nan
unstructured,mixed,0.8,kvik,loading_q2,1,390,0.9202356734712894,nan,0.06153846153846154,nan,0.015384615384615385,nan,0.002564102564102564,nan,0.8,nan,0.7,nan,7.74266212497605,nan,673644544.0,nan
unstructured,mixed,0.8,kvik,loading_q3,1,397,0.7842411992417583,nan,0.037783375314861464,nan,0.015113350125944584,nan,0.0,nan,0.8,nan,0.7,nan,7.74266212497605,nan,673644544.0,nan
unstructured,mixed,0.8,kvik,loading_q4,1,420,0.9735463867350418,nan,0.04523809523809524,nan,0.011904761904761904,nan,0.0,nan,0.8,nan,0.7,nan,7.74266212497605,nan,673644544.0,nan
unstructured,mixed,0.8,kvik,loading_q5,1,392,0.9036684596038789,nan,0.05102040816326531,nan,0.01020408163265306,nan,0.002551020408163265,nan,0.8,nan,0.7,nan,7.74266212497605,nan,673644544.0,nan
unstructured,mixed,0.8,kvik,maf_q1,1,397,1.0716358910233372,nan,0.05289672544080604,nan,0.010075566750629723,nan,0.0025188916876574307,nan,0.8,nan,0.7,nan,7.74266212497605,nan,673644544.0,nan
unstructured,mixed,0.8,kvik,maf_q2,1,410,0.8966029721072648,nan,0.05853658536585366,nan,0.01951219512195122,nan,0.0024390243902439024,nan,0.8,nan,0.7,nan,7.74266212497605,nan,673644544.0,nan
unstructured,mixed,0.8,kvik,maf_q3,1,365,0.7851770316752498,nan,0.043835616438356165,nan,0.010958904109589041,nan,0.0,nan,0.8,nan,0.7,nan,7.74266212497605,nan,673644544.0,nan
unstructured,mixed,0.8,kvik,maf_q4,1,419,0.9294738514810544,nan,0.03579952267303103,nan,0.007159904534606206,nan,0.0,nan,0.8,nan,0.7,nan,7.74266212497605,nan,673644544.0,nan
unstructured,mixed,0.8,kvik,maf_q5,1,409,0.8190581269094845,nan,0.02444987775061125,nan,0.004889975550122249,nan,0.0,nan,0.8,nan,0.7,nan,7.74266212497605,nan,673644544.0,nan
unstructured,mixed,0.8,kvik,ld_q1,1,416,0.7948045498001394,nan,0.052884615384615384,nan,0.014423076923076924,nan,0.002403846153846154,nan,0.8,nan,0.7,nan,7.74266212497605,nan,673644544.0,nan
unstructured,mixed,0.8,kvik,ld_q2,1,421,0.9802665350480948,nan,0.040380047505938245,nan,0.011876484560570071,nan,0.0,nan,0.8,nan,0.7,nan,7.74266212497605,nan,673644544.0,nan
unstructured,mixed,0.8,kvik,ld_q3,1,373,0.840600369829929,nan,0.03485254691689008,nan,0.002680965147453083,nan,0.0,nan,0.8,nan,0.7,nan,7.74266212497605,nan,673644544.0,nan
unstructured,mixed,0.8,kvik,ld_q4,1,366,0.9039852244182933,nan,0.040983606557377046,nan,0.00819672131147541,nan,0.00273224043715847,nan,0.8,nan,0.7,nan,7.74266212497605,nan,673644544.0,nan
unstructured,mixed,0.8,kvik,ld_q5,1,424,0.9404713090897177,nan,0.04481132075471698,nan,0.014150943396226415,nan,0.0,nan,0.8,nan,0.7,nan,7.74266212497605,nan,673644544.0,nan
unstructured,mixed,0.8,ldak-kvik,all,1,2000,0.9311039669822059,nan,0.04,nan,0.0085,nan,0.001,nan,0.8,nan,0.7,nan,4.202997624001,nan,230375424.0,nan
unstructured,mixed,0.8,ldak-kvik,loading_q1,1,401,1.0080951454707785,nan,0.022443890274314215,nan,0.0,nan,0.0,nan,0.8,nan,0.7,nan,4.202997624001,nan,230375424.0,nan
unstructured,mixed,0.8,ldak-kvik,loading_q2,1,390,0.8996863786583065,nan,0.04871794871794872,nan,0.015384615384615385,nan,0.002564102564102564,nan,0.8,nan,0.7,nan,4.202997624001,nan,230375424.0,nan
unstructured,mixed,0.8,ldak-kvik,loading_q3,1,397,0.7774950731740646,nan,0.037783375314861464,nan,0.015113350125944584,nan,0.0,nan,0.8,nan,0.7,nan,4.202997624001,nan,230375424.0,nan
unstructured,mixed,0.8,ldak-kvik,loading_q4,1,420,0.9565003952443127,nan,0.04285714285714286,nan,0.004761904761904762,nan,0.0,nan,0.8,nan,0.7,nan,4.202997624001,nan,230375424.0,nan
unstructured,mixed,0.8,ldak-kvik,loading_q5,1,392,0.9641341995328133,nan,0.04846938775510204,nan,0.007653061224489796,nan,0.002551020408163265,nan,0.8,nan,0.7,nan,4.202997624001,nan,230375424.0,nan
unstructured,mixed,0.8,ldak-kvik,maf_q1,1,397,1.104869833471111,nan,0.04785894206549118,nan,0.010075566750629723,nan,0.0025188916876574307,nan,0.8,nan,0.7,nan,4.202997624001,nan,230375424.0,nan
unstructured,mixed,0.8,ldak-kvik,maf_q2,1,410,0.927076304612843,nan,0.05609756097560976,nan,0.014634146341463415,nan,0.0024390243902439024,nan,0.8,nan,0.7,nan,4.202997624001,nan,230375424.0,nan
unstructured,mixed,0.8,ldak-kvik,maf_q3,1,365,0.857385599063281,nan,0.043835616438356165,nan,0.00821917808219178,nan,0.0,nan,0.8,nan,0.7,nan,4.202997624001,nan,230375424.0,nan
unstructured,mixed,0.8,ldak-kvik,maf_q4,1,419,0.9595952331043308,nan,0.031026252983293555,nan,0.00477326968973747,nan,0.0,nan,0.8,nan,0.7,nan,4.202997624001,nan,230375424.0,nan
unstructured,mixed,0.8,ldak-kvik,maf_q5,1,409,0.8532938684292026,nan,0.022004889975550123,nan,0.004889975550122249,nan,0.0,nan,0.8,nan,0.7,nan,4.202997624001,nan,230375424.0,nan
unstructured,mixed,0.8,ldak-kvik,ld_q1,1,416,0.8650318511477206,nan,0.04567307692307692,nan,0.01201923076923077,nan,0.002403846153846154,nan,0.8,nan,0.7,nan,4.202997624001,nan,230375424.0,nan
unstructured,mixed,0.8,ldak-kvik,ld_q2,1,421,1.0538425500769903,nan,0.040380047505938245,nan,0.011876484560570071,nan,0.0,nan,0.8,nan,0.7,nan,4.202997624001,nan,230375424.0,nan
unstructured,mixed,0.8,ldak-kvik,ld_q3,1,373,0.8481775329024587,nan,0.032171581769437,nan,0.002680965147453083,nan,0.0,nan,0.8,nan,0.7,nan,4.202997624001,nan,230375424.0,nan
unstructured,mixed,0.8,ldak-kvik,ld_q4,1,366,0.9430798754266483,nan,0.040983606557377046,nan,0.00819672131147541,nan,0.00273224043715847,nan,0.8,nan,0.7,nan,4.202997624001,nan,230375424.0,nan
unstructured,mixed,0.8,ldak-kvik,ld_q5,1,424,1.0028597215338997,nan,0.04009433962264151,nan,0.007075471698113208,nan,0.0,nan,0.8,nan,0.7,nan,4.202997624001,nan,230375424.0,nan
