case,case_index,rep,source,order,wall_seconds,fit_seconds,peak_rss_bytes,user_seconds,system_seconds
/Users/au507860/REPOS/mixmogam/benchmarks/results/20261003-hapnest-kvik-n50000/rho0.8_fst0_rep01/unstructured_mixed,1,1,baseline,1,19.06615479203174,16.121503332979046,2912223232,20.572249,2.98205
/Users/au507860/REPOS/mixmogam/benchmarks/results/20261003-hapnest-kvik-n50000/rho0.8_fst0_rep01/unstructured_mixed,1,1,optimized,2,24.976227208971977,21.612746334052645,1923121152,33.732266,7.163791
/Users/au507860/REPOS/mixmogam/benchmarks/results/20261003-hapnest-kvik-n50000/rho0.8_fst0.05_rep01/confounded-pc_mixed,2,1,optimized,1,21.05712929100264,18.164589416992385,1911521280,35.316674,6.625489
/Users/au507860/REPOS/mixmogam/benchmarks/results/20261003-hapnest-kvik-n50000/rho0.8_fst0.05_rep01/confounded-pc_mixed,2,1,baseline,2,17.874117749975994,15.206143166986294,2710224896,20.096338,2.908103
/Users/au507860/REPOS/mixmogam/benchmarks/results/20261003-hapnest-kvik-n50000/rho0.8_fst0_rep01/unstructured_mixed,1,2,optimized,1,24.619310999987647,21.60562620899873,1917992960,33.442768,7.160563
/Users/au507860/REPOS/mixmogam/benchmarks/results/20261003-hapnest-kvik-n50000/rho0.8_fst0_rep01/unstructured_mixed,1,2,baseline,2,15.894420167023782,13.252754124987405,3351838720,18.291826,2.297471
/Users/au507860/REPOS/mixmogam/benchmarks/results/20261003-hapnest-kvik-n50000/rho0.8_fst0.05_rep01/confounded-pc_mixed,2,2,baseline,1,17.91404987499118,14.738583708007354,3216572416,20.368692,2.821003
/Users/au507860/REPOS/mixmogam/benchmarks/results/20261003-hapnest-kvik-n50000/rho0.8_fst0.05_rep01/confounded-pc_mixed,2,2,optimized,2,24.406173791969195,21.325017416966148,1921499136,38.003728,7.339419
/Users/au507860/REPOS/mixmogam/benchmarks/results/20261003-hapnest-kvik-n50000/rho0.8_fst0_rep01/unstructured_mixed,1,3,baseline,1,19.185498041973915,16.273880875029135,3157737472,20.68891,2.898466
/Users/au507860/REPOS/mixmogam/benchmarks/results/20261003-hapnest-kvik-n50000/rho0.8_fst0_rep01/unstructured_mixed,1,3,optimized,2,28.450656625034753,20.654787625011522,1919107072,33.229396,7.413329
/Users/au507860/REPOS/mixmogam/benchmarks/results/20261003-hapnest-kvik-n50000/rho0.8_fst0.05_rep01/confounded-pc_mixed,2,3,optimized,1,25.3994365829858,22.416498250036966,1923989504,39.363947,7.39494
/Users/au507860/REPOS/mixmogam/benchmarks/results/20261003-hapnest-kvik-n50000/rho0.8_fst0.05_rep01/confounded-pc_mixed,2,3,baseline,2,19.5760514169815,16.738550834008493,2800058368,22.126304,3.021893
