case,case_index,rep,method,order,n,m,cell,trait,rho,fst,n_tested,n_null,n_causal,h2,alpha,he_status,he_boundary,he_curvature_se_ratio,lambda_gc_all,lambda_gc_null,calibration_lambda,converged,cv_converged,loco_converged,cv_iterations,loco_iterations,cv_best,power_bonferroni,power_5e-8,null_rejection_0.05,null_rejection_0.01,null_rejection_0.001,wall_seconds,fit_seconds,peak_rss_bytes,user_seconds,system_seconds
/Users/au507860/REPOS/mixmogam/benchmarks/results/20261003-hapnest-kvik-n50000/rho0.8_fst0_rep01/unstructured_mixed,1,1,mixmogam-he,1,50000,12000,unstructured,mixed,0.8,0,12000,2000,10,0.5125994398469315,-1.0,interior,none,151.3130085395477,3.722337449390976,0.9363851791696575,1.0,,True,True,9,9,"[0.01, 0.5]",0.9,0.9,0.045,0.0095,0.001,17.394545250048395,14.899898792034946,1111457792,15.121445,1.827358
/Users/au507860/REPOS/mixmogam/benchmarks/results/20261003-hapnest-kvik-n50000/rho0.8_fst0_rep01/unstructured_mixed,1,1,mixmogam-reml,2,50000,12000,unstructured,mixed,0.8,0,12000,2000,10,0.49543184448498645,-1.0,,,,3.728086906002655,0.9497956318525528,1.0,,True,True,10,9,"[0.01, 0.5]",0.9,0.9,0.045,0.009,0.001,38.33136975002708,35.73456462501781,2070708224,35.024198,2.802267
/Users/au507860/REPOS/mixmogam/benchmarks/results/20261003-hapnest-kvik-n50000/rho0.8_fst0.05_rep01/confounded-pc_mixed,2,1,mixmogam-reml,1,50000,12000,confounded-pc,mixed,0.8,0.05,12000,2000,10,0.5012514380363424,-1.0,,,,3.4802087976170943,1.0501474464337939,1.0,,True,True,11,9,"[0.01, 0.5]",0.9,0.9,0.052,0.0105,0.0005,39.86775262502488,36.93508050002856,2076786688,36.176604,2.976149
/Users/au507860/REPOS/mixmogam/benchmarks/results/20261003-hapnest-kvik-n50000/rho0.8_fst0.05_rep01/confounded-pc_mixed,2,1,mixmogam-he,2,50000,12000,confounded-pc,mixed,0.8,0.05,12000,2000,10,0.5208715300363126,-1.0,interior,none,179.17214561711958,3.4894364130487125,1.0592665500844556,1.0,,True,True,10,9,"[0.01, 0.5]",0.9,0.9,0.0525,0.0105,0.0005,18.776196249993518,15.962930167035665,1103249408,16.185092,1.9837989999999999
/Users/au507860/REPOS/mixmogam/benchmarks/results/20261003-hapnest-kvik-n50000/rho0.8_fst0_rep01/unstructured_mixed,1,2,mixmogam-reml,1,50000,12000,unstructured,mixed,0.8,0,12000,2000,10,0.49543184448498645,-1.0,,,,3.728086906002655,0.9497956318525528,1.0,,True,True,10,9,"[0.01, 0.5]",0.9,0.9,0.045,0.009,0.001,38.10166054201545,35.48117658303818,2100379648,34.924852,2.753454
/Users/au507860/REPOS/mixmogam/benchmarks/results/20261003-hapnest-kvik-n50000/rho0.8_fst0_rep01/unstructured_mixed,1,2,mixmogam-he,2,50000,12000,unstructured,mixed,0.8,0,12000,2000,10,0.5125994398469315,-1.0,interior,none,151.3130085395477,3.722337449390976,0.9363851791696575,1.0,,True,True,9,9,"[0.01, 0.5]",0.9,0.9,0.045,0.0095,0.001,17.55775162501959,14.771684042003471,1097351168,15.09583,1.88402
/Users/au507860/REPOS/mixmogam/benchmarks/results/20261003-hapnest-kvik-n50000/rho0.8_fst0.05_rep01/confounded-pc_mixed,2,2,mixmogam-he,1,50000,12000,confounded-pc,mixed,0.8,0.05,12000,2000,10,0.5208715300363126,-1.0,interior,none,179.17214561711958,3.4894364130487125,1.0592665500844556,1.0,,True,True,10,9,"[0.01, 0.5]",0.9,0.9,0.0525,0.0105,0.0005,18.774665208009537,15.968723875004798,1089486848,16.222361,1.988187
/Users/au507860/REPOS/mixmogam/benchmarks/results/20261003-hapnest-kvik-n50000/rho0.8_fst0.05_rep01/confounded-pc_mixed,2,2,mixmogam-reml,2,50000,12000,confounded-pc,mixed,0.8,0.05,12000,2000,10,0.5012514380363424,-1.0,,,,3.4802087976170943,1.0501474464337939,1.0,,True,True,11,9,"[0.01, 0.5]",0.9,0.9,0.052,0.0105,0.0005,39.555827584001236,36.7673722920008,2089828352,36.096508,2.886872
/Users/au507860/REPOS/mixmogam/benchmarks/results/20261003-hapnest-kvik-n50000/rho0.8_fst0_rep01/unstructured_mixed,1,3,mixmogam-he,1,50000,12000,unstructured,mixed,0.8,0,12000,2000,10,0.5125994398469315,-1.0,interior,none,151.3130085395477,3.722337449390976,0.9363851791696575,1.0,,True,True,9,9,"[0.01, 0.5]",0.9,0.9,0.045,0.0095,0.001,17.573705875023734,14.739459333010018,1094467584,15.103956,1.854632
/Users/au507860/REPOS/mixmogam/benchmarks/results/20261003-hapnest-kvik-n50000/rho0.8_fst0_rep01/unstructured_mixed,1,3,mixmogam-reml,2,50000,12000,unstructured,mixed,0.8,0,12000,2000,10,0.49543184448498645,-1.0,,,,3.728086906002655,0.9497956318525528,1.0,,True,True,10,9,"[0.01, 0.5]",0.9,0.9,0.045,0.009,0.001,38.16784700000426,35.44162983301794,2086289408,34.900571,2.716106
/Users/au507860/REPOS/mixmogam/benchmarks/results/20261003-hapnest-kvik-n50000/rho0.8_fst0.05_rep01/confounded-pc_mixed,2,3,mixmogam-reml,1,50000,12000,confounded-pc,mixed,0.8,0.05,12000,2000,10,0.5012514380363424,-1.0,,,,3.4802087976170943,1.0501474464337939,1.0,,True,True,11,9,"[0.01, 0.5]",0.9,0.9,0.052,0.0105,0.0005,39.69787625002209,36.74960870796349,2102624256,36.041107,2.942948
/Users/au507860/REPOS/mixmogam/benchmarks/results/20261003-hapnest-kvik-n50000/rho0.8_fst0.05_rep01/confounded-pc_mixed,2,3,mixmogam-he,2,50000,12000,confounded-pc,mixed,0.8,0.05,12000,2000,10,0.5208715300363126,-1.0,interior,none,179.17214561711958,3.4894364130487125,1.0592665500844556,1.0,,True,True,10,9,"[0.01, 0.5]",0.9,0.9,0.0525,0.0105,0.0005,18.529132625029888,15.891095875005703,1094729728,16.05871,1.954914
