case_index,rep,first,second,subset,n,pearson_logp,spearman_logp,median_abs_log10_difference,max_abs_log10_difference
1,1,mixmogam-he,mixmogam-reml,all_variants,12000,0.9999992073314022,0.9999449595621072,0.004938080003220269,0.2812343092507774
1,1,mixmogam-he,mixmogam-reml,null_chromosomes,2000,0.9998661966318725,0.9997388799347199,0.003890088044572748,0.03524784189488783
2,1,mixmogam-he,mixmogam-reml,all_variants,12000,0.9999989212931392,0.9999204254438822,0.005750912915474762,0.24413037015027328
2,1,mixmogam-he,mixmogam-reml,null_chromosomes,2000,0.999818887562064,0.9996443574110894,0.004711445931399516,0.04108545742992198
1,2,mixmogam-he,mixmogam-reml,all_variants,12000,0.9999992073314022,0.9999449595621072,0.004938080003220269,0.2812343092507774
1,2,mixmogam-he,mixmogam-reml,null_chromosomes,2000,0.9998661966318725,0.9997388799347199,0.003890088044572748,0.03524784189488783
2,2,mixmogam-he,mixmogam-reml,all_variants,12000,0.9999989212931392,0.9999204254438822,0.005750912915474762,0.24413037015027328
2,2,mixmogam-he,mixmogam-reml,null_chromosomes,2000,0.999818887562064,0.9996443574110894,0.004711445931399516,0.04108545742992198
1,3,mixmogam-he,mixmogam-reml,all_variants,12000,0.9999992073314022,0.9999449595621072,0.004938080003220269,0.2812343092507774
1,3,mixmogam-he,mixmogam-reml,null_chromosomes,2000,0.9998661966318725,0.9997388799347199,0.003890088044572748,0.03524784189488783
2,3,mixmogam-he,mixmogam-reml,all_variants,12000,0.9999989212931392,0.9999204254438822,0.005750912915474762,0.24413037015027328
2,3,mixmogam-he,mixmogam-reml,null_chromosomes,2000,0.999818887562064,0.9996443574110894,0.004711445931399516,0.04108545742992198
