scenario,seed,cuts,method,n_false_loci,adjacent_to_causal,other,causal_blocks_found,causal_blocks,leakage_r2,edge_max_r2_median,edge_share_r2_gt_0.5
S1_ld_small,1,fixed_200,scan_lmm_exact_f32,1,1,0,2,20,161050.7,1.0,0.99
S1_ld_small,1,fixed_200,scan_lmm_loco_exact,2,2,0,2,20,161050.7,1.0,0.99
S1_ld_small,1,fixed_200,bolt_inf,2,2,0,2,20,161050.7,1.0,0.99
S1_ld_small,1,ldsplit,scan_lmm_exact_f32,0,0,0,2,19,139656.1,0.992,1.0
S1_ld_small,1,ldsplit,scan_lmm_loco_exact,0,0,0,2,19,139656.1,0.992,1.0
S1_ld_small,1,ldsplit,bolt_inf,0,0,0,2,19,139656.1,0.992,1.0
S1_ld_small,2,fixed_200,scan_lmm_exact_f32,1,1,0,2,17,157892.1,1.0,1.0
S1_ld_small,2,fixed_200,scan_lmm_loco_exact,1,1,0,5,17,157892.1,1.0,1.0
S1_ld_small,2,fixed_200,bolt_inf,1,1,0,4,17,157892.1,1.0,1.0
S1_ld_small,2,ldsplit,scan_lmm_exact_f32,0,0,0,3,17,137099.6,1.0,1.0
S1_ld_small,2,ldsplit,scan_lmm_loco_exact,0,0,0,6,17,137099.6,1.0,1.0
S1_ld_small,2,ldsplit,bolt_inf,0,0,0,5,17,137099.6,1.0,1.0
S1_ld_small,3,fixed_200,scan_lmm_exact_f32,0,0,0,2,19,170047.0,1.0,1.0
S1_ld_small,3,fixed_200,scan_lmm_loco_exact,1,1,0,3,19,170047.0,1.0,1.0
S1_ld_small,3,fixed_200,bolt_inf,0,0,0,3,19,170047.0,1.0,1.0
S1_ld_small,3,ldsplit,scan_lmm_exact_f32,0,0,0,2,19,147698.8,0.996,1.0
S1_ld_small,3,ldsplit,scan_lmm_loco_exact,0,0,0,3,19,147698.8,0.996,1.0
S1_ld_small,3,ldsplit,bolt_inf,0,0,0,3,19,147698.8,0.996,1.0
S3_large,1,fixed_200,scan_lmm_exact_f32,4,4,0,7,29,355519.3,1.0,0.992
S3_large,1,fixed_200,scan_lmm_loco_exact,17,10,7,14,29,355519.3,1.0,0.992
S3_large,1,fixed_200,bolt_inf,17,10,7,13,29,355519.3,1.0,0.992
S3_large,1,ldsplit,scan_lmm_exact_f32,4,4,0,7,27,305318.1,0.993,0.988
S3_large,1,ldsplit,scan_lmm_loco_exact,11,9,2,14,27,305318.1,0.993,0.988
S3_large,1,ldsplit,bolt_inf,11,8,3,14,27,305318.1,0.993,0.988
