seed,method,lambda_gc,power,n_significant,n_loci,n_false_loci,fdr,lambda_null,chi2_null_low,chi2_null_top1
1,scan_lm_nok,3.7175,0.7,803,73,66,0.904,3.6336,1.085,65.456
1,scan_lmm_exact_f32,0.9289,0.0,3,3,3,1.0,0.9159,0.701,7.158
1,scan_lmm_loco_exact,1.3204,0.2,16,8,7,0.875,1.2918,0.988,10.957
1,bolt_inf,1.2953,0.2,2,2,1,0.5,1.2604,0.993,8.858
1,scan_lmm_loco_exact_pc1,1.1459,0.3,4,3,1,0.333,1.1052,1.152,1.005
2,scan_lm_nok,3.3629,0.8,697,85,77,0.906,3.3925,1.057,56.072
2,scan_lmm_exact_f32,1.0078,0.0,0,0,0,0.0,1.014,0.731,5.895
2,scan_lmm_loco_exact,1.3928,0.0,1,1,1,1.0,1.4101,0.949,9.454
2,bolt_inf,1.3693,0.0,0,0,0,0.0,1.3853,0.953,8.357
2,scan_lmm_loco_exact_pc1,1.114,0.0,0,0,0,0.0,1.1054,1.126,0.831
3,scan_lm_nok,4.0376,0.9,769,82,73,0.89,4.0631,1.167,55.069
3,scan_lmm_exact_f32,0.9926,0.0,0,0,0,0.0,0.9677,0.735,5.048
3,scan_lmm_loco_exact,1.4495,0.3,17,5,2,0.4,1.4163,1.005,8.951
3,bolt_inf,1.4279,0.2,13,3,1,0.333,1.3782,1.018,7.576
3,scan_lmm_loco_exact_pc1,1.1096,0.2,18,4,2,0.5,1.0703,1.14,1.102
