case,probes,steps,seed,h2,exact_h2,seconds
unstructured_pc,12,16,101,0.2326121724739857,0.24351875776566462,1.3539582919911481
unstructured_pc,12,16,102,0.2574906726124921,0.24351875776566462,1.3561108750291169
unstructured_pc,12,16,103,0.25914951272163256,0.24351875776566462,1.3761452079634182
unstructured_pc,12,16,104,0.2576190345783576,0.24351875776566462,1.3845892079989426
unstructured_pc,12,16,105,0.24265170082815166,0.24351875776566462,1.3732195410411805
unstructured_pc,12,16,106,0.25859112364915293,0.24351875776566462,1.365675165958237
unstructured_pc,12,24,101,0.23261217247399077,0.24351875776566462,1.7786330419476144
unstructured_pc,12,24,102,0.2574906726124804,0.24351875776566462,1.7690994589938782
unstructured_pc,12,24,103,0.2591495127216293,0.24351875776566462,1.7735597499995492
unstructured_pc,12,24,104,0.25761903457834884,0.24351875776566462,1.7591505000018515
unstructured_pc,12,24,105,0.24265170082815046,0.24351875776566462,1.737883707974106
unstructured_pc,12,24,106,0.258591123649153,0.24351875776566462,1.7849747919826768
unstructured_pc,12,48,101,0.2326121724739775,0.24351875776566462,2.913474665954709
unstructured_pc,12,48,102,0.2574906726124907,0.24351875776566462,2.8726103749941103
unstructured_pc,12,48,103,0.25914951272162345,0.24351875776566462,2.9074220419861376
unstructured_pc,12,48,104,0.25761903457834445,0.24351875776566462,2.8949211250292137
unstructured_pc,12,48,105,0.24265170082814094,0.24351875776566462,2.9751000000396743
unstructured_pc,12,48,106,0.25859112364915554,0.24351875776566462,2.9063035830040462
unstructured_pc,12,96,101,0.23261217247399307,0.24351875776566462,5.510539125010837
unstructured_pc,12,96,102,0.2574906726124907,0.24351875776566462,5.454583125014324
unstructured_pc,12,96,103,0.2591495127216299,0.24351875776566462,5.471711500023957
unstructured_pc,12,96,104,0.2576190345783487,0.24351875776566462,5.383748082967941
unstructured_pc,12,96,105,0.2426517008281484,0.24351875776566462,5.480792541988194
unstructured_pc,12,96,106,0.2585911236491489,0.24351875776566462,5.445290124975145
unstructured_pc,48,16,101,0.2398638420004505,0.24351875776566462,1.6293060409952886
unstructured_pc,48,16,102,0.2410936481939884,0.24351875776566462,1.615576540993061
unstructured_pc,48,16,103,0.2512219669283086,0.24351875776566462,1.6460781669593416
unstructured_pc,48,16,104,0.2600227489950023,0.24351875776566462,1.6157985829631798
unstructured_pc,48,16,105,0.24173880381826923,0.24351875776566462,1.6231979170115665
unstructured_pc,48,16,106,0.2424456932839033,0.24351875776566462,1.6434319589752704
unstructured_pc,48,24,101,0.23986384200044053,0.24351875776566462,2.127851416997146
unstructured_pc,48,24,102,0.24109364819397777,0.24351875776566462,2.12189904198749
unstructured_pc,48,24,103,0.25122196692831056,0.24351875776566462,2.1386260840226896
unstructured_pc,48,24,104,0.26002274899500794,0.24351875776566462,2.111197166959755
unstructured_pc,48,24,105,0.24173880381825863,0.24351875776566462,2.1143448329530656
unstructured_pc,48,24,106,0.24244569328390472,0.24351875776566462,2.089098208001815
unstructured_pc,48,48,101,0.23986384200044933,0.24351875776566462,3.621707917016465
unstructured_pc,48,48,102,0.24109364819397752,0.24351875776566462,3.675701583037153
unstructured_pc,48,48,103,0.2512219669283001,0.24351875776566462,3.7168954579974525
unstructured_pc,48,48,104,0.2600227489949921,0.24351875776566462,3.641099209024105
unstructured_pc,48,48,105,0.2417388038182657,0.24351875776566462,3.6880315000307746
unstructured_pc,48,48,106,0.24244569328390883,0.24351875776566462,3.641802500002086
unstructured_pc,48,96,101,0.23986384200044453,0.24351875776566462,6.973548958019819
unstructured_pc,48,96,102,0.24109364819398,0.24351875776566462,7.026497750019189
unstructured_pc,48,96,103,0.25122196692830745,0.24351875776566462,7.108155666966923
unstructured_pc,48,96,104,0.26002274899500377,0.24351875776566462,7.062002042017411
unstructured_pc,48,96,105,0.24173880381826554,0.24351875776566462,7.1071445000125095
unstructured_pc,48,96,106,0.24244569328390722,0.24351875776566462,7.063012667000294
structure_in_kinship,12,16,101,0.5668965444027422,0.5775434880511966,0.767514500010293
structure_in_kinship,12,16,102,0.5624634855146419,0.5775434880511966,0.7722557910019532
structure_in_kinship,12,16,103,0.5838233259359789,0.5775434880511966,0.7829042919911444
structure_in_kinship,12,16,104,0.5666604058057273,0.5775434880511966,0.7663102920050733
structure_in_kinship,12,16,105,0.5663676534088915,0.5775434880511966,0.7893927499535494
structure_in_kinship,12,16,106,0.5720962011205115,0.5775434880511966,0.7831880419980735
structure_in_kinship,12,24,101,0.5668964475885573,0.5775434880511966,0.9920240000355989
structure_in_kinship,12,24,102,0.5624634315178186,0.5775434880511966,0.9790752499829978
structure_in_kinship,12,24,103,0.5838232600171267,0.5775434880511966,0.9966057910351083
structure_in_kinship,12,24,104,0.5666603879575847,0.5775434880511966,1.008920542022679
structure_in_kinship,12,24,105,0.5663676024243394,0.5775434880511966,0.9714962919824757
structure_in_kinship,12,24,106,0.5720961619663728,0.5775434880511966,0.9732146249734797
structure_in_kinship,12,48,101,0.5668964543881467,0.5775434880511966,1.6410621660179459
structure_in_kinship,12,48,102,0.5624634344901974,0.5775434880511966,1.697745584009681
structure_in_kinship,12,48,103,0.5838232707847042,0.5775434880511966,1.6666407089796849
structure_in_kinship,12,48,104,0.5666603851505121,0.5775434880511966,1.7179693749640137
structure_in_kinship,12,48,105,0.5663675989861635,0.5775434880511966,1.6600220830296166
structure_in_kinship,12,48,106,0.572096164922906,0.5775434880511966,1.648154791968409
structure_in_kinship,12,96,101,0.5668964543881551,0.5775434880511966,3.1270894589833915
structure_in_kinship,12,96,102,0.5624634344901998,0.5775434880511966,3.177615834050812
structure_in_kinship,12,96,103,0.5838232707847041,0.5775434880511966,3.1269560829969123
structure_in_kinship,12,96,104,0.5666603851505093,0.5775434880511966,3.2010556670138612
structure_in_kinship,12,96,105,0.5663675989861644,0.5775434880511966,3.200328000006266
structure_in_kinship,12,96,106,0.5720961649229082,0.5775434880511966,3.085493416991085
structure_in_kinship,48,16,101,0.5701926241731731,0.5775434880511966,0.7579554169788025
structure_in_kinship,48,16,102,0.5674721767917936,0.5775434880511966,0.751561084005516
structure_in_kinship,48,16,103,0.5768281195107845,0.5775434880511966,0.7608007499948144
structure_in_kinship,48,16,104,0.5734358048107862,0.5775434880511966,0.7543642499949783
structure_in_kinship,48,16,105,0.5782789093764168,0.5775434880511966,0.7530018750112504
structure_in_kinship,48,16,106,0.5866731043786363,0.5775434880511966,0.7507062919903547
structure_in_kinship,48,24,101,0.5701925300940675,0.5775434880511966,0.9669272910105065
structure_in_kinship,48,24,102,0.5674721223799039,0.5775434880511966,0.9612934580072761
structure_in_kinship,48,24,103,0.5768280479650182,0.5775434880511966,0.9755858749849722
structure_in_kinship,48,24,104,0.573435788954511,0.5775434880511966,0.9663793329964392
structure_in_kinship,48,24,105,0.5782788820947578,0.5775434880511966,0.9643458329956047
structure_in_kinship,48,24,106,0.5866730542153149,0.5775434880511966,0.9619126250036061
structure_in_kinship,48,48,101,0.5701925411933699,0.5775434880511966,1.6238399160210975
structure_in_kinship,48,48,102,0.5674721252511383,0.5775434880511966,1.6753296250244603
structure_in_kinship,48,48,103,0.5768280538044019,0.5775434880511966,1.6348404169548303
structure_in_kinship,48,48,104,0.5734357833729685,0.5775434880511966,1.6389523330144584
structure_in_kinship,48,48,105,0.5782788752624347,0.5775434880511966,1.6036240839748643
structure_in_kinship,48,48,106,0.5866730560229659,0.5775434880511966,1.6428034590207972
structure_in_kinship,48,96,101,0.5701925411933696,0.5775434880511966,3.2076919589890167
structure_in_kinship,48,96,102,0.5674721252511415,0.5775434880511966,3.1305473749525845
structure_in_kinship,48,96,103,0.5768280538044006,0.5775434880511966,3.181709165975917
structure_in_kinship,48,96,104,0.5734357833729661,0.5775434880511966,3.1046162500279024
structure_in_kinship,48,96,105,0.5782788752624343,0.5775434880511966,3.251343416981399
structure_in_kinship,48,96,106,0.5866730560229663,0.5775434880511966,3.2466906249755993
structure_with_pcs,12,16,101,0.4534702456090194,0.4983319013480873,0.7844905410311185
structure_with_pcs,12,16,102,0.5102842895697205,0.4983319013480873,0.7849301249952987
structure_with_pcs,12,16,103,0.48127678987947586,0.4983319013480873,0.7557213749969378
structure_with_pcs,12,16,104,0.4939821245283607,0.4983319013480873,0.7530969170038588
structure_with_pcs,12,16,105,0.5202762639834344,0.4983319013480873,0.7795900420169346
structure_with_pcs,12,16,106,0.5110667820697651,0.4983319013480873,0.7813359999563545
structure_with_pcs,12,24,101,0.4534702456090163,0.4983319013480873,1.0067027080222033
structure_with_pcs,12,24,102,0.5102842895697165,0.4983319013480873,1.012864582997281
structure_with_pcs,12,24,103,0.48127678987948236,0.4983319013480873,1.0137974580284208
structure_with_pcs,12,24,104,0.4939821245283607,0.4983319013480873,1.058070458995644
structure_with_pcs,12,24,105,0.5202762639834331,0.4983319013480873,1.0693554159952328
structure_with_pcs,12,24,106,0.511066782069763,0.4983319013480873,1.094734625017736
structure_with_pcs,12,48,101,0.4534702456090181,0.4983319013480873,1.7727534999721684
structure_with_pcs,12,48,102,0.5102842895697189,0.4983319013480873,1.7044870000099763
structure_with_pcs,12,48,103,0.4812767898794732,0.4983319013480873,1.7136059170006774
structure_with_pcs,12,48,104,0.4939821245283579,0.4983319013480873,1.7576551669626497
structure_with_pcs,12,48,105,0.5202762639834305,0.4983319013480873,1.7449668329791166
structure_with_pcs,12,48,106,0.5110667820697647,0.4983319013480873,1.750846749986522
structure_with_pcs,12,96,101,0.45347024560902244,0.4983319013480873,3.147976499982178
structure_with_pcs,12,96,102,0.510284289569721,0.4983319013480873,3.2541473750025034
structure_with_pcs,12,96,103,0.481276789879481,0.4983319013480873,3.1793263749568723
structure_with_pcs,12,96,104,0.4939821245283629,0.4983319013480873,3.2089622499770485
structure_with_pcs,12,96,105,0.5202762639834363,0.4983319013480873,3.1970362919964828
structure_with_pcs,12,96,106,0.511066782069762,0.4983319013480873,3.183155166974757
structure_with_pcs,48,16,101,0.46775380951323337,0.4983319013480873,0.8116877910215408
structure_with_pcs,48,16,102,0.5239688681513168,0.4983319013480873,0.7645634580403566
structure_with_pcs,48,16,103,0.4928583112643026,0.4983319013480873,0.757019666954875
structure_with_pcs,48,16,104,0.49781346908495605,0.4983319013480873,0.7404902079724707
structure_with_pcs,48,16,105,0.5050522271689576,0.4983319013480873,0.7573454169905744
structure_with_pcs,48,16,106,0.5000113095691583,0.4983319013480873,0.7401605839841068
structure_with_pcs,48,24,101,0.4677538095132356,0.4983319013480873,0.9886694999877363
structure_with_pcs,48,24,102,0.5239688681513224,0.4983319013480873,0.9476802499848418
structure_with_pcs,48,24,103,0.4928583112643055,0.4983319013480873,0.9532225000439212
structure_with_pcs,48,24,104,0.49781346908495655,0.4983319013480873,0.9481742090429179
structure_with_pcs,48,24,105,0.5050522271689573,0.4983319013480873,0.9661962079699151
structure_with_pcs,48,24,106,0.5000113095691631,0.4983319013480873,0.958942582947202
structure_with_pcs,48,48,101,0.4677538095132379,0.4983319013480873,1.6455329580348916
structure_with_pcs,48,48,102,0.5239688681513147,0.4983319013480873,1.6740113330306485
structure_with_pcs,48,48,103,0.49285831126430746,0.4983319013480873,1.646979375043884
structure_with_pcs,48,48,104,0.49781346908495183,0.4983319013480873,1.6904139579855837
structure_with_pcs,48,48,105,0.5050522271689577,0.4983319013480873,1.6727082500001416
structure_with_pcs,48,48,106,0.5000113095691555,0.4983319013480873,1.6316554170334712
structure_with_pcs,48,96,101,0.4677538095132338,0.4983319013480873,3.1647079170215875
structure_with_pcs,48,96,102,0.5239688681513184,0.4983319013480873,3.119955457979813
structure_with_pcs,48,96,103,0.49285831126431023,0.4983319013480873,3.174268042028416
structure_with_pcs,48,96,104,0.49781346908495394,0.4983319013480873,3.1475259579601698
structure_with_pcs,48,96,105,0.5050522271689626,0.4983319013480873,3.1342232919996604
structure_with_pcs,48,96,106,0.5000113095691512,0.4983319013480873,3.1392964579863474
h2_0.95,12,16,101,0.9999546021312976,0.9999546021312976,0.7466537909931503
h2_0.95,12,16,102,0.9999546021312976,0.9999546021312976,0.7749677500105463
h2_0.95,12,16,103,0.9999546021312976,0.9999546021312976,0.7451144579681568
h2_0.95,12,16,104,0.9999546021312976,0.9999546021312976,0.7444256250164472
h2_0.95,12,16,105,0.9999546021312976,0.9999546021312976,0.7423475839896128
h2_0.95,12,16,106,0.9999546021312976,0.9999546021312976,0.7412211669725366
h2_0.95,12,24,101,0.9999546021312976,0.9999546021312976,0.9929960829904303
h2_0.95,12,24,102,0.9999546021312976,0.9999546021312976,0.9651386249461211
h2_0.95,12,24,103,0.9999546021312976,0.9999546021312976,1.0006957090226933
h2_0.95,12,24,104,0.9999546021312976,0.9999546021312976,0.9711705420049839
h2_0.95,12,24,105,0.9999546021312976,0.9999546021312976,0.9723622919991612
h2_0.95,12,24,106,0.9999546021312976,0.9999546021312976,0.9895315829780884
h2_0.95,12,48,101,0.9999546021312976,0.9999546021312976,1.6896329160081223
h2_0.95,12,48,102,0.9999546021312976,0.9999546021312976,1.6807601660257205
h2_0.95,12,48,103,0.9999546021312976,0.9999546021312976,1.7014489590073936
h2_0.95,12,48,104,0.9999546021312976,0.9999546021312976,1.675827124970965
h2_0.95,12,48,105,0.9999546021312976,0.9999546021312976,1.6780502909678034
h2_0.95,12,48,106,0.9999546021312976,0.9999546021312976,1.6232657919754274
h2_0.95,12,96,101,0.9999546021312976,0.9999546021312976,3.1322265419876203
h2_0.95,12,96,102,0.9999546021312976,0.9999546021312976,3.104717584035825
h2_0.95,12,96,103,0.9999546021312976,0.9999546021312976,3.137455041985959
h2_0.95,12,96,104,0.9999546021312976,0.9999546021312976,3.162081833987031
h2_0.95,12,96,105,0.9999546021312976,0.9999546021312976,3.1685765419970267
h2_0.95,12,96,106,0.9999546021312976,0.9999546021312976,3.1335459160036407
h2_0.95,48,16,101,0.9999546021312976,0.9999546021312976,0.7396532500279136
h2_0.95,48,16,102,0.9999546021312976,0.9999546021312976,0.7443427080288529
h2_0.95,48,16,103,0.9999546021312976,0.9999546021312976,0.742122958006803
h2_0.95,48,16,104,0.9999546021312976,0.9999546021312976,0.7399699999950826
h2_0.95,48,16,105,0.9999546021312976,0.9999546021312976,0.7449038330232725
h2_0.95,48,16,106,0.9999546021312976,0.9999546021312976,0.7467956659966148
h2_0.95,48,24,101,0.9999546021312976,0.9999546021312976,0.9342811669921502
h2_0.95,48,24,102,0.9999546021312976,0.9999546021312976,0.9545166660100222
h2_0.95,48,24,103,0.9999546021312976,0.9999546021312976,0.9358486250275746
h2_0.95,48,24,104,0.9999546021312976,0.9999546021312976,0.9558485409943387
h2_0.95,48,24,105,0.9999546021312976,0.9999546021312976,0.949321374995634
h2_0.95,48,24,106,0.9999546021312976,0.9999546021312976,0.9679682920104824
h2_0.95,48,48,101,0.9999546021312976,0.9999546021312976,1.6445335420430638
h2_0.95,48,48,102,0.9999546021312976,0.9999546021312976,1.628962709044572
h2_0.95,48,48,103,0.9999546021312976,0.9999546021312976,1.5936160829733126
h2_0.95,48,48,104,0.9999546021312976,0.9999546021312976,1.657281875028275
h2_0.95,48,48,105,0.9999546021312976,0.9999546021312976,1.6816027499735355
h2_0.95,48,48,106,0.9999546021312976,0.9999546021312976,1.6393316669855267
h2_0.95,48,96,101,0.9999546021312976,0.9999546021312976,3.229691833956167
h2_0.95,48,96,102,0.9999546021312976,0.9999546021312976,3.1526034169946797
h2_0.95,48,96,103,0.9999546021312976,0.9999546021312976,3.1512949590105563
h2_0.95,48,96,104,0.9999546021312976,0.9999546021312976,3.1823184170061722
h2_0.95,48,96,105,0.9999546021312976,0.9999546021312976,3.1595272080157883
h2_0.95,48,96,106,0.9999546021312976,0.9999546021312976,3.1381797500071116
fewer_markers_than_samples,12,16,101,0.9515729952778005,0.9505363085898954,0.19393862498691306
fewer_markers_than_samples,12,16,102,0.9497271913445864,0.9505363085898954,0.19737541599897668
fewer_markers_than_samples,12,16,103,0.9506790543678347,0.9505363085898954,0.18731762503739446
fewer_markers_than_samples,12,16,104,0.9508624347929667,0.9505363085898954,0.18692612502491102
fewer_markers_than_samples,12,16,105,0.9501343226675875,0.9505363085898954,0.1858509590383619
fewer_markers_than_samples,12,16,106,0.9513608027150047,0.9505363085898954,0.1862843750277534
fewer_markers_than_samples,12,24,101,0.9514585570474212,0.9505363085898954,0.2060543339466676
fewer_markers_than_samples,12,24,102,0.94961771320941,0.9505363085898954,0.21524033299647272
fewer_markers_than_samples,12,24,103,0.950567286195113,0.9505363085898954,0.22868920903420076
fewer_markers_than_samples,12,24,104,0.9507503394913073,0.9505363085898954,0.22481262497603893
fewer_markers_than_samples,12,24,105,0.9500239763370727,0.9505363085898954,0.21924295800272375
fewer_markers_than_samples,12,24,106,0.9512465321369066,0.9505363085898954,0.2199885419686325
fewer_markers_than_samples,12,48,101,0.9514582807206576,0.9505363085898954,0.2797124169883318
fewer_markers_than_samples,12,48,102,0.9496174594735013,0.9505363085898954,0.28283612499944866
fewer_markers_than_samples,12,48,103,0.9505670242513558,0.9505363085898954,0.2909934159833938
fewer_markers_than_samples,12,48,104,0.9507500788052856,0.9505363085898954,0.2860980830155313
fewer_markers_than_samples,12,48,105,0.9500237222855987,0.9505363085898954,0.28124399995431304
fewer_markers_than_samples,12,48,106,0.9512462540512997,0.9505363085898954,0.2852040419820696
fewer_markers_than_samples,12,96,101,0.951458649579793,0.9505363085898954,0.5057291249977425
fewer_markers_than_samples,12,96,102,0.9496178095059957,0.9505363085898954,0.5826651660026982
fewer_markers_than_samples,12,96,103,0.9505673749556162,0.9505363085898954,0.5075934999622405
fewer_markers_than_samples,12,96,104,0.9507504515376276,0.9505363085898954,0.4985935000004247
fewer_markers_than_samples,12,96,105,0.9500240740565863,0.9505363085898954,0.5090569579624571
fewer_markers_than_samples,12,96,106,0.9512465923879759,0.9505363085898954,0.5314383750082925
fewer_markers_than_samples,48,16,101,0.9505623456035969,0.9505363085898954,0.2870896249660291
fewer_markers_than_samples,48,16,102,0.9505241337151604,0.9505363085898954,0.28443041699938476
fewer_markers_than_samples,48,16,103,0.9508021486757775,0.9505363085898954,0.2689317910117097
fewer_markers_than_samples,48,16,104,0.9510563933918765,0.9505363085898954,0.28408116596983746
fewer_markers_than_samples,48,16,105,0.950422507000358,0.9505363085898954,0.26660720800282434
fewer_markers_than_samples,48,16,106,0.9508658845716486,0.9505363085898954,0.2620856669964269
fewer_markers_than_samples,48,24,101,0.9504508741979818,0.9505363085898954,0.3522872910252772
fewer_markers_than_samples,48,24,102,0.9504124967598794,0.9505363085898954,0.346473874989897
fewer_markers_than_samples,48,24,103,0.9506899549276926,0.9505363085898954,0.3552284589968622
fewer_markers_than_samples,48,24,104,0.9509434055353128,0.9505363085898954,0.3572582909837365
fewer_markers_than_samples,48,24,105,0.950311319983166,0.9505363085898954,0.34421137504978105
fewer_markers_than_samples,48,24,106,0.950753352381394,0.9505363085898954,0.34593837504507974
fewer_markers_than_samples,48,48,101,0.950450604875989,0.9505363085898954,0.5811414580093697
fewer_markers_than_samples,48,48,102,0.950412235093141,0.9505363085898954,0.5556793750147335
fewer_markers_than_samples,48,48,103,0.9506896949120818,0.9505363085898954,0.5814153330284171
fewer_markers_than_samples,48,48,104,0.950943136886766,0.9505363085898954,0.5830031670047902
fewer_markers_than_samples,48,48,105,0.9503110690696096,0.9505363085898954,0.5849610000150278
fewer_markers_than_samples,48,48,106,0.9507530938905576,0.9505363085898954,0.5846299999975599
fewer_markers_than_samples,48,96,101,0.9504509612713385,0.9505363085898954,1.2112340000458062
fewer_markers_than_samples,48,96,102,0.9504125952261425,0.9505363085898954,1.1774124999647029
fewer_markers_than_samples,48,96,103,0.950690036796513,0.9505363085898954,1.1525707090040669
fewer_markers_than_samples,48,96,104,0.9509434928625707,0.9505363085898954,1.119534375029616
fewer_markers_than_samples,48,96,105,0.9503113929247211,0.9505363085898954,1.117282040999271
fewer_markers_than_samples,48,96,106,0.9507534589521522,0.9505363085898954,1.211387624964118
small_n_strong_structure,12,16,101,0.6382789528387055,0.6177726130634076,0.050780125020537525
small_n_strong_structure,12,16,102,0.6214585723207425,0.6177726130634076,0.0485926250112243
small_n_strong_structure,12,16,103,0.5344223989466971,0.6177726130634076,0.05039558402495459
small_n_strong_structure,12,16,104,0.6448764419323016,0.6177726130634076,0.05038208304904401
small_n_strong_structure,12,16,105,0.5856098040349569,0.6177726130634076,0.047123458003625274
small_n_strong_structure,12,16,106,0.7077855301335138,0.6177726130634076,0.04889537498820573
small_n_strong_structure,12,16,107,0.6333379595470507,0.6177726130634076,0.04917137499433011
small_n_strong_structure,12,16,108,0.9999546021312976,0.6177726130634076,0.04908908304059878
small_n_strong_structure,12,16,109,0.6253605164461734,0.6177726130634076,0.047553333977703005
small_n_strong_structure,12,16,110,0.597002524518392,0.6177726130634076,0.04894075001357123
small_n_strong_structure,12,16,111,0.6115508081703499,0.6177726130634076,0.0492944159777835
small_n_strong_structure,12,16,112,0.6556512196231767,0.6177726130634076,0.048135749995708466
small_n_strong_structure,12,24,101,0.6382788204299283,0.6177726130634076,0.05540045804809779
small_n_strong_structure,12,24,102,0.6214583909170149,0.6177726130634076,0.055139875039458275
small_n_strong_structure,12,24,103,0.5344223308134114,0.6177726130634076,0.055929041001945734
small_n_strong_structure,12,24,104,0.6448762094043206,0.6177726130634076,0.05485900002531707
small_n_strong_structure,12,24,105,0.5856096081054818,0.6177726130634076,0.05391383299138397
small_n_strong_structure,12,24,106,0.7077851778640228,0.6177726130634076,0.055829583026934415
small_n_strong_structure,12,24,107,0.6333376453629893,0.6177726130634076,0.05268279102165252
small_n_strong_structure,12,24,108,0.9999546021312976,0.6177726130634076,0.05532279098406434
small_n_strong_structure,12,24,109,0.6253602647309672,0.6177726130634076,0.05428525002207607
small_n_strong_structure,12,24,110,0.5970024635218281,0.6177726130634076,0.05288970802212134
small_n_strong_structure,12,24,111,0.6115506530795333,0.6177726130634076,0.056070332997478545
small_n_strong_structure,12,24,112,0.65565105653289,0.6177726130634076,0.057219665963202715
small_n_strong_structure,12,48,101,0.6382788171476997,0.6177726130634076,0.0720430410001427
small_n_strong_structure,12,48,102,0.6214584195941917,0.6177726130634076,0.07295712502673268
small_n_strong_structure,12,48,103,0.5344223424488255,0.6177726130634076,0.07437187497271225
small_n_strong_structure,12,48,104,0.6448762430610153,0.6177726130634076,0.07024304202059284
small_n_strong_structure,12,48,105,0.585609636082718,0.6177726130634076,0.06985770800383762
small_n_strong_structure,12,48,106,0.7077852079804767,0.6177726130634076,0.06841829203767702
small_n_strong_structure,12,48,107,0.6333376871247807,0.6177726130634076,0.06731775001389906
small_n_strong_structure,12,48,108,0.9999546021312976,0.6177726130634076,0.06774158298503608
small_n_strong_structure,12,48,109,0.6253603008996118,0.6177726130634076,0.06805474997963756
small_n_strong_structure,12,48,110,0.5970024669466243,0.6177726130634076,0.06881650001741946
small_n_strong_structure,12,48,111,0.6115506699249118,0.6177726130634076,0.06844324996927753
small_n_strong_structure,12,48,112,0.6556510719207315,0.6177726130634076,0.0677422079606913
small_n_strong_structure,12,96,101,0.6382788174204161,0.6177726130634076,0.11706679197959602
small_n_strong_structure,12,96,102,0.6214584172250324,0.6177726130634076,0.11544920795131475
small_n_strong_structure,12,96,103,0.5344223418534982,0.6177726130634076,0.11682870896765962
small_n_strong_structure,12,96,104,0.6448762295895615,0.6177726130634076,0.1318822919856757
small_n_strong_structure,12,96,105,0.5856096382829139,0.6177726130634076,0.12776162498630583
small_n_strong_structure,12,96,106,0.7077852042121092,0.6177726130634076,0.121147874975577
small_n_strong_structure,12,96,107,0.6333376906052662,0.6177726130634076,0.11769654101226479
small_n_strong_structure,12,96,108,0.9999546021312976,0.6177726130634076,0.11564429197460413
small_n_strong_structure,12,96,109,0.6253602938488081,0.6177726130634076,0.1157052909838967
small_n_strong_structure,12,96,110,0.5970024674966126,0.6177726130634076,0.11399716598680243
small_n_strong_structure,12,96,111,0.6115506672106386,0.6177726130634076,0.12271733296802267
small_n_strong_structure,12,96,112,0.6556510719217918,0.6177726130634076,0.11834024998825043
small_n_strong_structure,48,16,101,0.5982094167381895,0.6177726130634076,0.08427158300764859
small_n_strong_structure,48,16,102,0.6349588761487971,0.6177726130634076,0.08534583303844556
small_n_strong_structure,48,16,103,0.5965104502971366,0.6177726130634076,0.07386741699883714
small_n_strong_structure,48,16,104,0.6455722461577694,0.6177726130634076,0.07746749999932945
small_n_strong_structure,48,16,105,0.6171322273244925,0.6177726130634076,0.07330316700972617
small_n_strong_structure,48,16,106,0.6430547548251618,0.6177726130634076,0.07652404101099819
small_n_strong_structure,48,16,107,0.6440401732686942,0.6177726130634076,0.07549195800675079
small_n_strong_structure,48,16,108,0.5946514992025635,0.6177726130634076,0.0735909590148367
small_n_strong_structure,48,16,109,0.6236185255945813,0.6177726130634076,0.07435808301670477
small_n_strong_structure,48,16,110,0.6150308825516013,0.6177726130634076,0.07667912496253848
small_n_strong_structure,48,16,111,0.6221053510237736,0.6177726130634076,0.0751197500503622
small_n_strong_structure,48,16,112,0.6171707946167475,0.6177726130634076,0.08652829198399559
small_n_strong_structure,48,24,101,0.5982093391941306,0.6177726130634076,0.09049487503943965
small_n_strong_structure,48,24,102,0.6349586550044723,0.6177726130634076,0.08517116698203608
small_n_strong_structure,48,24,103,0.5965103092723422,0.6177726130634076,0.08894516702275723
small_n_strong_structure,48,24,104,0.6455720313566824,0.6177726130634076,0.08584470802452415
small_n_strong_structure,48,24,105,0.6171321166387552,0.6177726130634076,0.08363479102263227
small_n_strong_structure,48,24,106,0.6430545025515126,0.6177726130634076,0.08569666696712375
small_n_strong_structure,48,24,107,0.6440397772714226,0.6177726130634076,0.0838167910114862
small_n_strong_structure,48,24,108,0.5946513610653213,0.6177726130634076,0.08450487500522286
small_n_strong_structure,48,24,109,0.6236183245497888,0.6177726130634076,0.1014497919823043
small_n_strong_structure,48,24,110,0.6150308105124195,0.6177726130634076,0.08801891701295972
small_n_strong_structure,48,24,111,0.6221051877685854,0.6177726130634076,0.08429429196985438
small_n_strong_structure,48,24,112,0.6171706479331021,0.6177726130634076,0.08812987501733005
small_n_strong_structure,48,48,101,0.59820934489286,0.6177726130634076,0.1609249580069445
small_n_strong_structure,48,48,102,0.6349586825207918,0.6177726130634076,0.13876325002638623
small_n_strong_structure,48,48,103,0.5965103287243443,0.6177726130634076,0.15935212495969608
small_n_strong_structure,48,48,104,0.6455720736089854,0.6177726130634076,0.13682254200102761
small_n_strong_structure,48,48,105,0.6171321230144167,0.6177726130634076,0.13809866696828976
small_n_strong_structure,48,48,106,0.6430545325859656,0.6177726130634076,0.16868958296254277
small_n_strong_structure,48,48,107,0.6440398425063056,0.6177726130634076,0.13776012504240498
small_n_strong_structure,48,48,108,0.5946513801939507,0.6177726130634076,0.12788300000829622
small_n_strong_structure,48,48,109,0.6236183495718367,0.6177726130634076,0.12690845900215209
small_n_strong_structure,48,48,110,0.6150308048984251,0.6177726130634076,0.16122470796108246
small_n_strong_structure,48,48,111,0.6221052115672808,0.6177726130634076,0.1297112079919316
small_n_strong_structure,48,48,112,0.6171706678823139,0.6177726130634076,0.12791520898463205
small_n_strong_structure,48,96,101,0.5982093440929712,0.6177726130634076,0.26917624997440726
small_n_strong_structure,48,96,102,0.634958679101478,0.6177726130634076,0.24670387496007606
small_n_strong_structure,48,96,103,0.5965103262734995,0.6177726130634076,0.26397687499411404
small_n_strong_structure,48,96,104,0.6455720690644472,0.6177726130634076,0.26991670799907297
small_n_strong_structure,48,96,105,0.6171321223356376,0.6177726130634076,0.31915724999271333
small_n_strong_structure,48,96,106,0.6430545266298243,0.6177726130634076,0.24911970796529204
small_n_strong_structure,48,96,107,0.6440398460723157,0.6177726130634076,0.3228770839632489
small_n_strong_structure,48,96,108,0.5946513779252135,0.6177726130634076,0.26342629198916256
small_n_strong_structure,48,96,109,0.6236183448779118,0.6177726130634076,0.34394620900275186
small_n_strong_structure,48,96,110,0.6150308091114389,0.6177726130634076,0.33731487498153
small_n_strong_structure,48,96,111,0.6221052052630076,0.6177726130634076,0.33090108301257715
small_n_strong_structure,48,96,112,0.6171706635572918,0.6177726130634076,0.25531658402178437
