fst,architecture,trait,prevalence,scenario,covariates,method,variant,stratum,replicates,n_null,lambda_gc,lambda_mcse,rate_0.01,up_ratio_0.01,down_ratio_0.01,rate_0.001,up_ratio_0.001,down_ratio_0.001,rate_0.0001,up_ratio_0.0001,down_ratio_0.0001,seconds_median
0.05,mixed,quantitative,,S4,c+PCs,hratt,p,maf>=0.01,10,17890,1.0334112497201695,0.01839912777593779,0.009670206819452208,1.028507546115148,0.9055338177752934,0.0009502515371716042,0.7825600894354388,1.1179429849077698,5.5897149245388485e-05,1.1179429849077696,0.0,7.294160812511109
0.05,mixed,quantitative,,S4,c+PCs,hratt,p,maf<0.05,10,6523,1.092207884854186,0.03449302420622802,0.00965813276099954,1.0731258623332822,0.8585006898666258,0.000919822167714242,1.2264295569523225,0.6132147784761612,0.0,0.0,0.0,7.294160812511109
0.05,mixed,quantitative,,S4,c+PCs,hratt,p,maf>=0.05,10,11367,1.001942755085536,0.015281598976874793,0.009677135567871909,1.0029031406703615,0.9325239729040204,0.000967713556787191,0.5278437582475587,1.407583355326823,8.797395970792646e-05,1.759479194158529,0.0,7.294160812511109
0.05,mixed,quantitative,,S4,c+PCs,hratt-insample,p,maf>=0.01,10,17890,1.0332012478009678,0.0179915714071326,0.0092230296254891,0.9278926774734488,0.9167132476243711,0.0010061486864169928,0.8943543879262157,1.1179429849077698,5.5897149245388485e-05,1.1179429849077696,0.0,6.482947937503923
0.05,mixed,quantitative,,S4,c+PCs,hratt-insample,p,maf<0.05,10,6523,1.1090124033785806,0.02905819749662622,0.008891614287904338,0.981143645561858,0.7971792120190097,0.0010731258623332823,1.533036946190403,0.6132147784761612,0.0,0.0,0.0,6.482947937503923
0.05,mixed,quantitative,,S4,c+PCs,hratt-insample,p,maf>=0.05,10,11367,0.9898540488568741,0.015110727388587436,0.00941321368874813,0.8973343890208498,0.9853083487287763,0.000967713556787191,0.5278437582475587,1.407583355326823,8.797395970792646e-05,1.759479194158529,0.0,6.482947937503923
0.05,mixed,quantitative,,S4,c+PCs,hratt-w,p,maf>=0.01,10,17890,0.9819711986354509,0.011853105018573487,0.009446618222470653,0.9167132476243711,0.9726103968697596,0.0009502515371716042,0.8943543879262157,1.0061486864169926,0.00016769144773616545,1.1179429849077696,2.235885969815539,8.6122009169776
0.05,mixed,quantitative,,S4,c+PCs,hratt-w,p,maf<0.05,10,6523,1.0521433330381946,0.0315378060349834,0.008738310593285298,0.8585006898666258,0.8891614287904338,0.0007665184730952016,1.2264295569523225,0.3066073892380806,0.0,0.0,0.0,8.6122009169776
0.05,mixed,quantitative,,S4,c+PCs,hratt-w,p,maf>=0.05,10,11367,0.9592751760883262,0.016850373465953538,0.009853083487287763,0.9501187648456056,1.0204979326119468,0.0010556875164951175,0.7037916776634116,1.407583355326823,0.0002639218791237794,1.759479194158529,3.518958388317058,8.6122009169776
0.05,mixed,quantitative,,S4,c+PCs,hratt-w,p_doubled,maf>=0.01,10,17890,0.9819711986354509,0.011853105018573487,0.009446618222470653,0.9167132476243711,0.9726103968697596,0.0009502515371716042,0.8943543879262157,1.0061486864169926,0.00016769144773616545,1.1179429849077696,2.235885969815539,8.6122009169776
0.05,mixed,quantitative,,S4,c+PCs,hratt-w,p_doubled,maf<0.05,10,6523,1.0521433330381946,0.0315378060349834,0.008738310593285298,0.8585006898666258,0.8891614287904338,0.0007665184730952016,1.2264295569523225,0.3066073892380806,0.0,0.0,0.0,8.6122009169776
0.05,mixed,quantitative,,S4,c+PCs,hratt-w,p_doubled,maf>=0.05,10,11367,0.9592751760883262,0.016850373465953538,0.009853083487287763,0.9501187648456056,1.0204979326119468,0.0010556875164951175,0.7037916776634116,1.407583355326823,0.0002639218791237794,1.759479194158529,3.518958388317058,8.6122009169776
0.05,mixed,quantitative,,S4,c+PCs,hratt-w-pooled,p,maf>=0.01,10,17890,0.9574123501008271,0.013930437260897717,0.016321967579653436,1.6657350475125767,1.5986584684181107,0.0037451089994410287,3.9128004471771938,3.5774175517048628,0.0010620458356623813,12.297372833985465,8.943543879262156,8.766722291475162
0.05,mixed,quantitative,,S4,c+PCs,hratt-w-pooled,p,maf<0.05,10,6523,1.057468728682293,0.026293838972586275,0.025908324390617812,2.6981450252951094,2.483519852828453,0.007051969952475855,7.665184730952015,6.438755173999692,0.0027594665031427257,33.72681281618887,21.462517246665644,8.766722291475162
0.05,mixed,quantitative,,S4,c+PCs,hratt-w-pooled,p,maf>=0.05,10,11367,0.9020128989602425,0.015035330187773657,0.010820797044074954,1.0732823084367027,1.090877100378288,0.0018474531538664556,1.759479194158529,1.935427113574382,8.797395970792646e-05,0.0,1.759479194158529,8.766722291475162
0.05,mixed,quantitative,,S4,c+PCs,wls-w,p,maf>=0.01,10,17890,0.990501960632369,0.018388364472454146,0.009782001117942985,0.9726103968697596,0.9837898267188373,0.0007266629401900503,0.7825600894354388,0.6707657909446618,0.00011179429849077697,1.1179429849077696,1.1179429849077696,3.8660964999580756
0.05,mixed,quantitative,,S4,c+PCs,wls-w,p,maf<0.05,10,6523,1.0452952200580126,0.02568786735055397,0.00965813276099954,0.8891614287904338,1.0424651234094742,0.0006132147784761613,0.6132147784761612,0.6132147784761612,0.00030660738923808065,3.0660738923808064,3.0660738923808064,3.8660964999580756
0.05,mixed,quantitative,,S4,c+PCs,wls-w,p,maf>=0.05,10,11367,0.960528184880047,0.021649088621502093,0.009853083487287763,1.0204979326119468,0.9501187648456056,0.000791765637371338,0.8797395970792645,0.7037916776634116,0.0,0.0,0.0,3.8660964999580756
0.05,null,binary,0.05,S4,c,hratt-bin,p,maf>=0.01,29,518613,0.9831069828719178,0.005226619552107329,0.008954654048394468,0.5962056485279004,1.194725161150993,0.000819493533713964,0.3393667339615474,1.2996203334663803,8.098524333173291e-05,0.15425760634615793,1.4654472602885003,8.843094833078794
0.05,null,binary,0.05,S4,c,hratt-bin,p,maf<0.05,29,185217,0.9952005184830158,0.007100226184354803,0.008795089003709162,0.32178471738555314,1.4372330833562794,0.0008044617934638829,0.06478886927225902,1.5441347176555067,0.00010798144878709838,0.0,2.1596289757419678,8.843094833078794
0.05,null,binary,0.05,S4,c,hratt-bin,p,maf>=0.05,29,333396,0.9767532959222447,0.005779372338520304,0.00904329985962639,0.7486592520606126,1.0600007198646655,0.0008278443652593312,0.49190752138597943,1.163781209132683,6.598759433226553e-05,0.23995488848096555,1.079796998164345,8.843094833078794
0.05,null,binary,0.05,S4,c,hratt-bin,p_doubled,maf>=0.01,29,518613,0.9831069828719178,0.005226619552107329,0.009085773013788701,0.9124337415375241,0.9047208612202162,0.0008002113329206943,0.7250107498269421,0.8754119160144461,6.363126261779015e-05,0.5013372206250133,0.7712880317307896,8.843094833078794
0.05,null,binary,0.05,S4,c,hratt-bin,p_doubled,maf<0.05,29,185217,0.9952005184830158,0.007100226184354803,0.008994854683965294,0.9113634277631103,0.8876075090299487,0.0007936636485851731,0.7666682863883985,0.8206590107819476,7.018794171161395e-05,0.4319257951483935,0.9718330390838854,8.843094833078794
0.05,null,binary,0.05,S4,c,hratt-bin,p_doubled,maf>=0.05,29,333396,0.9767532959222447,0.005779372338520304,0.009136282378912765,0.913028350670074,0.9142281251124789,0.0008038488764112347,0.7018680488068243,0.905829704015645,5.998872212024139e-05,0.5398984990821725,0.6598759433226552,8.843094833078794
0.05,null,binary,0.05,S4,c,hratt-bin-w,p,maf>=0.01,29,518613,0.9457859587660065,0.004408541307726444,0.013578525798620551,1.1195245780572411,1.596180581666869,0.0017932446737740858,1.029669522360604,2.556819825187567,0.00030080233237500797,0.7327236301442501,5.283323017355909,6.085657084127888
0.05,null,binary,0.05,S4,c,hratt-bin-w,p,maf<0.05,29,185217,1.005667369845795,0.007662158857035865,0.020921405702500312,1.5981254420490558,2.586155698451006,0.003126062942386498,1.2417866610516313,5.010339223721364,0.0006208933305258157,0.9718330390838854,11.446033571432428,6.085657084127888
0.05,null,binary,0.05,S4,c,hratt-bin-w,p,maf>=0.05,29,333396,0.9143767916511372,0.004424004533846846,0.009499214147740225,0.853639515771035,1.04620331377701,0.0010528020732102365,0.9118285762276691,1.1937755701928037,0.00012297688034649485,0.5998872212024139,1.859650385727483,6.085657084127888
0.05,null,binary,0.05,S4,c,hratt-bin-w,p_doubled,maf>=0.01,29,518613,0.9457859587660065,0.004408541307726444,0.015855753712305708,2.0284875234519766,1.1426632190091648,0.0038313732976226977,6.000620886865542,1.6621257083798515,0.0012976921133870535,22.675868132885213,3.2779741348558558,6.085657084127888
0.05,null,binary,0.05,S4,c,hratt-bin-w,p_doubled,maf<0.05,29,185217,1.005667369845795,0.007662158857035865,0.026833390023593945,3.717801281739797,1.6488767229789922,0.008400956715636254,13.713643995961492,3.0882694353110134,0.0032340443911735963,57.33814930594924,7.34273851752269,6.085657084127888
0.05,null,binary,0.05,S4,c,hratt-bin-w,p_doubled,maf>=0.05,29,333396,0.9143767916511372,0.004424004533846846,0.009757165652857263,1.089995080924786,0.8614380496466664,0.001292756961691202,1.7156774526389038,0.8698364707435002,0.00022195827184489316,3.419357160853759,1.0198082760441036,6.085657084127888
0.05,null,binary,0.05,S4,c,hratt-bin-w-pooled,p,maf>=0.01,29,518613,0.9460517456429817,0.0044011861858124285,0.013593951559255166,1.1206815101048373,1.598108801746196,0.0017932446737740858,1.0065308814086804,2.579958466139491,0.0003027305524543349,0.6941592285577106,5.360451820528988,5.549845082918182
0.05,null,binary,0.05,S4,c,hratt-bin-w-pooled,p,maf<0.05,29,185217,1.0060009688330582,0.007786302356607673,0.020948401064697086,1.592726369609701,2.596953843329716,0.003109865725068433,1.198594081536792,5.021137368600074,0.0006262924029651705,0.9718330390838854,11.554015020219527,5.549845082918182
0.05,null,binary,0.05,S4,c,hratt-bin-w-pooled,p,maf>=0.05,29,333396,0.9143131120806912,0.004389005232512893,0.00950821245605826,0.8584386135406543,1.0432038776709978,0.0010618003815282726,0.8998308318036209,1.2237699312529244,0.00012297688034649485,0.5398984990821725,1.9196391078477244,5.549845082918182
0.05,null,binary,0.05,S4,c,logistic-w,p,maf>=0.01,29,518613,0.9951204377914065,0.012177457404825742,0.01580947643040186,1.3590095119096512,1.8028857741707207,0.002284940794002464,1.4423086193365764,3.1275729686683515,0.0003875722359447218,1.195496449182724,6.5559482697117115,3.1487198329996318
0.05,null,binary,0.05,S4,c,logistic-w,p,maf<0.05,29,185217,1.0457512889584544,0.010759526904350426,0.023431974386800346,1.8972340551893183,2.789160822170751,0.003860336794138767,1.8788772088955117,5.841796379382021,0.0007612692139490436,1.6197217318064758,13.605662547174395,3.1487198329996318
0.05,null,binary,0.05,S4,c,logistic-w,p,maf>=0.05,29,333396,0.9688644006527187,0.013682965545291985,0.011574823933100577,1.0600007198646655,1.25496406675545,0.0014097349698256728,1.1997744424048278,1.6196954972465176,0.00017996616636072418,0.9598195539238622,2.639503773290621,3.1487198329996318
0.05,null,binary,0.05,S4,c,logistic-w,p_doubled,maf>=0.01,29,518613,0.9951204377914065,0.012177457404825742,0.01835087049495481,2.345101260477466,1.3250728385134964,0.004753062495540991,7.381226463663656,2.124898527418325,0.0016659821485385056,28.96186559149115,4.357777379278962,3.1487198329996318
0.05,null,binary,0.05,S4,c,logistic-w,p_doubled,maf<0.05,29,185217,1.0457512889584544,0.010759526904350426,0.030148420501357867,4.190760027427288,1.8389240728442853,0.01024204041745628,16.69393198248541,3.7901488524271527,0.004076299691712964,71.80766344342042,9.718330390838855,3.1487198329996318
0.05,null,binary,0.05,S4,c,logistic-w,p_doubled,maf>=0.05,29,333396,0.9688644006527187,0.013682965545291985,0.01179678220494547,1.3197518866453106,1.0396045543437833,0.0017036797082148555,2.207584974024883,1.1997744424048278,0.0003269385355553156,5.159030102340759,1.379740608765552,3.1487198329996318
0.05,null,binary,0.05,S4,c+PCs,hratt-bin,p,maf>=0.01,30,536441,1.0034694568865992,0.0033855212345153237,0.009710294328733262,0.6718352996881297,1.2702235660585228,0.00091156343381658,0.4101103383223877,1.4130165293107722,8.015792976301214e-05,0.1491310321172319,1.454027563143011,8.386583292100113
0.05,null,binary,0.05,S4,c+PCs,hratt-bin,p,maf<0.05,30,191498,1.0110811503259833,0.005445512913795396,0.009410019947989012,0.3655390656821481,1.5164649239156545,0.0008407398510689407,0.07310781313642963,1.6083718890014518,7.832979978903174e-05,0.0,1.5665959957806346,8.386583292100113
0.05,null,binary,0.05,S4,c+PCs,hratt-bin,p,maf>=0.05,30,344943,0.9996163915229273,0.003495754010400558,0.009876994170051284,0.8418782233586418,1.133520610651615,0.0009508817398816616,0.5972001171207997,1.3045633626425237,8.117283145331257e-05,0.23192237558089307,1.3915342534853583,8.386583292100113
0.05,null,binary,0.05,S4,c+PCs,hratt-bin,p_doubled,maf>=0.01,30,536441,1.0034694568865992,0.0033855212345153237,0.009827735016525582,0.9939583290613506,0.9715886742437659,0.0009078351580136492,0.864959986279945,0.9507103297473534,6.897310235421975e-05,0.5219586124103116,0.8575034346740834,8.386583292100113
0.05,null,binary,0.05,S4,c+PCs,hratt-bin,p_doubled,maf<0.05,30,191498,1.0110811503259833,0.005445512913795396,0.009634565374050904,0.9775559013671161,0.9493571734430647,0.000856405811026747,0.7937419711955217,0.9190696508579724,6.266383983122539e-05,0.31331919915612694,0.9399575974683807,8.386583292100113
0.05,null,binary,0.05,S4,c+PCs,hratt-bin,p_doubled,maf>=0.05,30,344943,0.9996163915229273,0.003495754010400558,0.009934974763946508,1.0030642743873626,0.9839306784019388,0.0009363865914078558,0.9044972647654831,0.9682759180502286,7.247574236902908e-05,0.6377865328474559,0.8117283145331257,8.386583292100113
0.05,null,binary,0.05,S4,c+PCs,hratt-bin-w,p,maf>=0.01,30,536441,0.9874148187435897,0.003291319169733051,0.009445586746725175,0.5622239910819643,1.3268933582630709,0.000939525502338561,0.3616427528842873,1.5174082517928345,8.761448136887375e-05,0.1491310321172319,1.603158595260243,5.092398020962719
0.05,null,binary,0.05,S4,c+PCs,hratt-bin-w,p,maf<0.05,30,191498,0.9933640618628925,0.005862420290357698,0.009269026308368756,0.2287230153839727,1.6250822462897785,0.0009765115040365957,0.0,1.9530230080731914,0.00010443973305204232,0.0,2.088794661040846,5.092398020962719
0.05,null,binary,0.05,S4,c+PCs,hratt-bin-w,p,maf>=0.05,30,344943,0.9841260832765563,0.0036104472118324736,0.00954360575515375,0.7473698553094279,1.161351295721322,0.0009189924132392888,0.5624117607836657,1.275573065694912,7.827380175855141e-05,0.23192237558089307,1.3335536595901352,5.092398020962719
0.05,null,binary,0.05,S4,c+PCs,hratt-bin-w,p_doubled,maf>=0.01,30,536441,0.9874148187435897,0.003291319169733051,0.009466092263641295,0.9503375021670604,0.9428809505611987,0.0008780089515902028,0.8202206766447754,0.9357972265356301,4.660344753663497e-05,0.2982620642344638,0.6338068864982356,5.092398020962719
0.05,null,binary,0.05,S4,c+PCs,hratt-bin-w,p_doubled,maf<0.05,30,191498,0.9933640618628925,0.005862420290357698,0.009269026308368756,0.9347356108157787,0.9190696508579724,0.0008616277976793491,0.7519660779747047,0.9712895173839936,3.1331919915612695e-05,0.10443973305204231,0.5221986652602115,5.092398020962719
0.05,null,binary,0.05,S4,c+PCs,hratt-bin-w,p_doubled,maf>=0.05,30,344943,0.9841260832765563,0.0036104472118324736,0.009575495081796124,0.9589990230269928,0.9560999933322316,0.000887103086596916,0.8581127896493044,0.9160933835445277,5.50815642004621e-05,0.40586415726656283,0.6957671267426792,5.092398020962719
0.05,null,binary,0.05,S4,c+PCs,hratt-bin-w-pooled,p,maf>=0.01,30,536441,0.9690352113818188,0.0036182194221818184,0.014967163210865686,1.0938761205798961,1.8995565215932415,0.0022500144470687365,1.0513737764264848,3.4486551177109876,0.0004473930963516957,1.2303310149671631,7.717530912066751,5.400448541564401
0.05,null,binary,0.05,S4,c+PCs,hratt-bin-w-pooled,p,maf<0.05,30,191498,1.0335870068054913,0.0068779705713478525,0.022861857565092063,1.4715558387032763,3.1008156743151365,0.003953043896019802,1.3054966631505291,6.600591128889075,0.0009190696508579724,1.671035728832677,16.71035728832677,5.400448541564401
0.05,null,binary,0.05,S4,c+PCs,hratt-bin-w-pooled,p,maf>=0.05,30,344943,0.9360861553899947,0.0037022163069540485,0.010584357415573007,0.8842040569021548,1.2326674262124466,0.0013045633626425236,0.9102953241550054,1.6988314011300418,0.00018553790046471445,0.9856700962187955,2.7250879130754933,5.400448541564401
0.05,null,binary,0.05,S4,c+PCs,logistic-w,p,maf>=0.01,30,536441,0.9871391868907115,0.0034634154988810524,0.00944372260882371,0.5596141980199127,1.3291303237448293,0.0009469820539444226,0.37655585609601055,1.5174082517928345,8.575034346740835e-05,0.1491310321172319,1.565875837230935,2.79291108349571
0.05,null,binary,0.05,S4,c+PCs,logistic-w,p,maf<0.05,30,191498,0.9922651422284533,0.006160892524892757,0.009269026308368756,0.22767861805345224,1.6261266436202988,0.0009712895173839936,0.0,1.9425790347679872,0.00010443973305204232,0.0,2.088794661040846,2.79291108349571
0.05,null,binary,0.05,S4,c+PCs,logistic-w,p,maf>=0.05,30,344943,0.9844783610015375,0.0036940864060941354,0.00954070672545899,0.7438910196757145,1.1642503254160832,0.0009334875617130946,0.585603998341755,1.2813711250844344,7.537477206379025e-05,0.23192237558089307,1.2755730656949118,2.79291108349571
0.05,null,binary,0.05,S4,c+PCs,logistic-w,p_doubled,maf>=0.01,30,536441,0.9871391868907115,0.0034634154988810524,0.009494054332163276,0.9544386055502843,0.944372260882371,0.0008836013652945991,0.8239489524477063,0.9432537781414917,4.660344753663497e-05,0.2982620642344638,0.6338068864982356,2.79291108349571
0.05,null,binary,0.05,S4,c+PCs,logistic-w,p_doubled,maf<0.05,30,191498,0.9922651422284533,0.006160892524892757,0.009347356108157788,0.9472683787820239,0.9222028428495337,0.0008668497843319512,0.762410051279909,0.9712895173839936,3.1331919915612695e-05,0.10443973305204231,0.5221986652602115,2.79291108349571
0.05,null,binary,0.05,S4,c+PCs,logistic-w,p_doubled,maf>=0.05,30,344943,0.9844783610015375,0.0036940864060941354,0.009575495081796124,0.9584192170880406,0.9566797992711839,0.0008929011459864383,0.8581127896493044,0.9276895023235724,5.50815642004621e-05,0.40586415726656283,0.6957671267426792,2.79291108349571
0.05,null,quantitative,,S4,c,hratt,p,maf>=0.01,30,536756,0.9907923409938894,0.004901725199693714,0.009397193510645434,0.9363658720163351,0.9430728301127513,0.0010209480657878067,0.9687828361490137,1.0731132954265998,7.452175662684721e-05,0.8197393228953193,0.6706958096416248,5.649014166498091
0.05,null,quantitative,,S4,c,hratt,p,maf<0.05,30,191709,0.9982940665282787,0.006816664319175052,0.009582231402803208,0.9816962166617111,0.9347500638989301,0.0010484640783687776,1.0432478391729132,1.0536803175646423,7.302734874210392e-05,0.7302734874210391,0.7302734874210391,5.649014166498091
0.05,null,quantitative,,S4,c,hratt,p,maf>=0.05,30,345047,0.9862026254383739,0.006739948673145338,0.009294385982199527,0.9111802160285409,0.9476969804113642,0.0010056600984793375,0.9274098890875735,1.0839103078711014,7.535205348836535e-05,0.8694467710196002,0.6375942987477068,5.649014166498091
0.05,null,quantitative,,S4,c,hratt-w,p,maf>=0.01,30,536756,0.9529791794539371,0.003926613774485042,0.0148875839301284,1.5597403661999119,1.417776419825768,0.002923115903688082,3.100105075676844,2.7461267316993196,0.0007489436540998144,8.27191498558004,6.7069580964162485,4.695749041042291
0.05,null,quantitative,,S4,c,hratt-w,p,maf<0.05,30,191709,0.9974859292813888,0.005611149717735433,0.02404686269293565,2.5131840445675473,2.2961884940195816,0.005857836616955907,6.113432337553271,5.602240896358543,0.0017265751738311712,18.465486753360562,16.066016723262862,4.695749041042291
0.05,null,quantitative,,S4,c,hratt-w,p,maf>=0.05,30,345047,0.9307747712516495,0.005463891953534994,0.009798665109390894,1.0300046080678864,0.9297284138102925,0.0012925775329158057,1.4258927044721443,1.1592623613594668,0.00020576906914130538,2.6083403130588008,1.5070410697673071,4.695749041042291
0.05,null,quantitative,,S4,c,hratt-w,p_doubled,maf>=0.01,30,536756,0.9529791794539371,0.003926613774485042,0.014842870876152292,1.5578773222842408,1.4106968529462176,0.0029138006841097257,3.0852007243514747,2.7424006438679775,0.0007470806101841432,8.309175863893463,6.632436339789401,4.695749041042291
0.05,null,quantitative,,S4,c,hratt-w,p_doubled,maf<0.05,30,191709,0.9974859292813888,0.005611149717735433,0.023963402865801814,2.5163137880850663,2.276366785075296,0.005847404138564178,6.1029998591615415,5.591808417966814,0.0017265751738311712,18.674136321195146,15.85736715542828,4.695749041042291
0.05,null,quantitative,,S4,c,hratt-w,p_doubled,maf>=0.05,30,345047,0.9307747712516495,0.005463891953534994,0.009775479862163705,1.0253675586224484,0.9297284138102925,0.0012838830652056098,1.4085037690517523,1.1592623613594668,0.00020287091323790672,2.550377194990827,1.5070410697673071,4.695749041042291
0.05,null,quantitative,,S4,c,hratt-w-pooled,p,maf>=0.01,30,536756,0.9529833794299506,0.003920162232073015,0.014891310017959743,1.5608581925493146,1.4174038110426337,0.002923115903688082,3.100105075676844,2.7461267316993196,0.0007470806101841432,8.234654107266616,6.7069580964162485,4.553711687971372
0.05,null,quantitative,,S4,c,hratt-w-pooled,p,maf<0.05,30,191709,0.9974978917794629,0.005605685993753709,0.024067727649719105,2.5163137880850663,2.2972317418587545,0.005857836616955907,6.113432337553271,5.602240896358543,0.0017213589346353067,18.36116196944327,16.066016723262862,4.553711687971372
0.05,null,quantitative,,S4,c,hratt-w-pooled,p,maf>=0.05,30,345047,0.9307712814472869,0.0054590279447801985,0.009792868797584097,1.0300046080678864,0.9285691514489329,0.0012925775329158057,1.4258927044721443,1.1592623613594668,0.00020576906914130538,2.6083403130588008,1.5070410697673071,4.553711687971372
0.05,null,quantitative,,S4,c,wls-w,p,maf>=0.01,30,536756,0.9942491542945148,0.015091363872232604,0.016787888724113006,1.775853460417769,1.5817242844048318,0.003534194308028229,3.845322641945316,3.223065974111142,0.0009277958700042477,10.43304592775861,8.122871472326345,3.9526870420086198
0.05,null,quantitative,,S4,c,wls-w,p,maf<0.05,30,191709,1.0209987329248758,0.009497876942305764,0.02621160195921944,2.7656500216473923,2.4766703701964956,0.006932381891304008,7.4279246149111415,6.436839167696874,0.0020917119175416906,22.951452461804088,18.882785889029726,3.9526870420086198
0.05,null,quantitative,,S4,c,wls-w,p,maf>=0.05,30,345047,0.9802397058055377,0.01864318854002278,0.011552049430947089,1.2259199471376363,1.0844899390517813,0.001646152553130443,1.854819778175147,1.437485328085739,0.00028112112262967075,3.477787084078401,2.144635368515014,3.9526870420086198
0.05,null,quantitative,,S4,c+PCs,hratt,p,maf>=0.01,30,536756,1.0011866187333582,0.0034482217555418036,0.009846187094322187,0.98517762260692,0.9840597962575173,0.0010619350319325727,1.0172219779564644,1.1066480859086811,8.57000201208743e-05,0.93152195783559,0.7824784445818956,5.495622374990489
0.05,null,quantitative,,S4,c+PCs,hratt,p,maf<0.05,30,191709,1.0047116575374277,0.006691708303820304,0.009869124558575759,0.9796097209833653,0.9942151907317861,0.0010641127959563714,1.0015179256059965,1.1267076663067461,9.389230552556218e-05,1.0432478391729132,0.8345982713383305,5.495622374990489
0.05,null,quantitative,,S4,c+PCs,hratt,p,maf>=0.05,30,345047,0.999703105281089,0.003707932107484235,0.009833442980231678,0.9882711630589455,0.97841743298739,0.0010607250606439122,1.0259471898031283,1.0955029314846962,8.114836529516269e-05,0.8694467710196002,0.7535205348836536,5.495622374990489
0.05,null,quantitative,,S4,c+PCs,hratt-w,p,maf>=0.01,30,536756,0.9845314247713384,0.0033912541452423522,0.009447495696368555,0.945681091594691,0.9438180476790198,0.0009091654308475359,0.8905349916908242,0.9277958700042478,7.265871271117603e-05,0.7079566879550484,0.745217566268472,5.50106702093035
0.05,null,quantitative,,S4,c+PCs,hratt-w,p,maf<0.05,30,191709,0.9770642535039318,0.005578943535529159,0.009430960466123135,0.923274337668028,0.9629177555565988,0.0008241657929466014,0.8033008361631431,0.8450307497300596,7.302734874210392e-05,0.5216239195864566,0.9389230552556218,5.50106702093035
0.05,null,quantitative,,S4,c+PCs,hratt-w,p,maf>=0.05,30,345047,0.9888549569851867,0.0038134436472991025,0.009456682712789852,0.9581303416635993,0.9332062008943709,0.0009563914481215603,0.9390025127011682,0.9737803835419522,7.245389758496669e-05,0.8114836529516268,0.6375942987477068,5.50106702093035
0.05,null,quantitative,,S4,c+PCs,hratt-w,p_doubled,maf>=0.01,30,536756,0.9845314247713384,0.0033912541452423522,0.009466126135525266,0.9490345706428991,0.944190656462154,0.0009091654308475359,0.8942610795221665,0.9240697821729055,7.265871271117603e-05,0.7079566879550484,0.745217566268472,5.50106702093035
0.05,null,quantitative,,S4,c+PCs,hratt-w,p_doubled,maf<0.05,30,191709,0.9770642535039318,0.005578943535529159,0.00947269037969005,0.9295338247030656,0.9650042512349446,0.0008241657929466014,0.8137333145548722,0.8345982713383304,7.824358793796848e-05,0.6259487035037479,0.9389230552556218,5.50106702093035
0.05,null,quantitative,,S4,c+PCs,hratt-w,p_doubled,maf>=0.05,30,345047,0.9888549569851867,0.0038134436472991025,0.009462479024596649,0.9598692352056386,0.9326265697136911,0.0009563914481215603,0.9390025127011682,0.9737803835419522,6.955574168156802e-05,0.7535205348836536,0.6375942987477068,5.50106702093035
0.05,null,quantitative,,S4,c+PCs,hratt-w-pooled,p,maf>=0.01,30,536756,0.9666985143715792,0.0034585647096657293,0.015951382005976646,1.58507776345304,1.6051986377422887,0.0032919985989909753,3.3423007847140975,3.241696413267854,0.0009035762991005224,8.979871673535088,9.09165430847536,5.825683999457397
0.05,null,quantitative,,S4,c+PCs,hratt-w-pooled,p,maf<0.05,30,191709,1.015278690783311,0.00662983964836446,0.025303976339139007,2.5121407967283744,2.5486544710994266,0.0066402724963355916,6.6976511274901025,6.582893865181082,0.002065630721562368,20.134683296037224,21.177931135210137,5.825683999457397
0.05,null,quantitative,,S4,c+PCs,hratt-w-pooled,p,maf>=0.05,30,345047,0.9402496242707913,0.0033809077893893567,0.010755056557512455,1.069999159534788,1.081012151967703,0.0014316890162789416,1.4780595107333203,1.385318521824563,0.0002579358754024814,2.7822296672627207,2.3764878407869072,5.825683999457397
0.05,null,quantitative,,S4,c+PCs,wls-w,p,maf>=0.01,30,536756,0.9849048029548999,0.0033788952023369664,0.009453084828115568,0.9427002213296171,0.9479167442934964,0.0009054393430161935,0.8830828160281394,0.9277958700042478,7.452175662684721e-05,0.7824784445818956,0.7079566879550484,3.476040062494576
0.05,null,quantitative,,S4,c+PCs,wls-w,p,maf<0.05,30,191709,0.9777997132504254,0.005495073148934661,0.009441392944514864,0.9211878419896822,0.9670907469132903,0.0008241657929466014,0.8033008361631431,0.8450307497300596,7.824358793796848e-05,0.6259487035037479,0.9389230552556218,3.476040062494576
0.05,null,quantitative,,S4,c+PCs,wls-w,p,maf>=0.05,30,345047,0.9886698837228501,0.003676246369645149,0.00945958086869325,0.954652554579521,0.9372636191591289,0.0009505951363147629,0.9274098890875735,0.9737803835419522,7.245389758496669e-05,0.8694467710196002,0.5796311806797335,3.476040062494576
