mode,rep,n,m,wall_seconds,baseline_rss_bytes,sampled_peak_rss_bytes,process_peak_rss_bytes,bed_sha256
plink-dense,1,10000,12000,0.8772179579827935,314753024,853278720,853278720,de973bd856c913fd3ff4c5cc370872560626ca92c362928ef2b649e74db8ae73
plink-dense,2,10000,12000,1.3442122919950634,309428224,850558976,850558976,c6fca90f9ca8bf2d5b551c9cdbfbc021775fb951d90274eb3455595dbb170293
plink-dense,3,10000,12000,0.34876779100159183,307298304,848265216,848265216,d9a76cb0f50f3d67cf840617df8ee6b079cb5fdd86dd04b50eb042ada5559d7a
plink-tiled,1,10000,12000,0.814038792042993,320782336,323305472,323305472,de973bd856c913fd3ff4c5cc370872560626ca92c362928ef2b649e74db8ae73
plink-tiled,2,10000,12000,0.8122508329688571,309182464,323600384,323600384,c6fca90f9ca8bf2d5b551c9cdbfbc021775fb951d90274eb3455595dbb170293
plink-tiled,3,10000,12000,0.5664780829683878,298090496,307019776,307019776,d9a76cb0f50f3d67cf840617df8ee6b079cb5fdd86dd04b50eb042ada5559d7a
trait-dense,1,10000,12000,1.19877733301837,293634048,1627504640,1627652096,
trait-dense,2,10000,12000,1.4514896659529768,309673984,1685569536,1685569536,
trait-dense,3,10000,12000,0.9714336670003831,307036160,1792622592,1792622592,
trait-tiled,1,10000,12000,0.8186114160344005,280723456,323846144,323846144,
trait-tiled,2,10000,12000,0.8898570839664899,304250880,335757312,335757312,
trait-tiled,3,10000,12000,0.938287167053204,302383104,337788928,337788928,
