n,m,backend,mode,rep,wall_seconds,first_call_seconds,baseline_rss_bytes,sampled_peak_rss_bytes,process_peak_rss_bytes,sha256
10000,12000,numba,batches,1,2.5755743340123445,0.5043422920280136,147865600,176128000,176128000,320099a249e1ea0d29c44a03699e10ce91060a32271b8731518d5c542a174450
10000,12000,numba,batches,2,2.2069500409998,0.4638823749846779,149585920,177750016,177750016,9b142f70ba33fdba5c65b8773d1466347e7aa4dc3a557330732b8c24927d2525
10000,12000,numba,batches,3,2.3112180829630233,0.5682348749833182,147652608,181960704,181960704,42db30f8976d6f6670270a804941cc50e344c71fdfc3970a525b5e4e5f6878be
100000,12000,numba,batches,1,25.727928459004033,0.6722956669982523,151928832,203309056,203309056,5317fea940f2a1c9440c8648551781e0cf048baffaad0b6b6619cbd50840da4b
100000,12000,numba,batches,2,26.128479290986434,0.7693152910214849,152338432,193101824,193101824,d8c261dae0e5d901409f5b2ff3851f2251211e0576971a0615605a19a0ff7fb3
100000,12000,numba,batches,3,28.395155209000222,0.578895749989897,151879680,208207872,208207872,5d22a6f1f22c0d6a1334afedbc34524afceb59e0221f981fb5a40550b90b7f71
2000,12000,numba,batches,1,0.47595408296911046,0.6853825830039568,151519232,172556288,172556288,cfe0119c9e9eb4ca3d76535785ed363efc51eb0683369faf2a3089ef8f9d0fdd
2000,12000,numba,batches,2,0.4310939999995753,0.5561263340059668,151273472,169279488,169279488,445e74e5141fb92f6d1e54c5fdff990a919fe3b428e418a335360e45230bc5de
2000,12000,numba,batches,3,0.8105679579894058,0.8346958329784684,150274048,168230912,168230912,d5b2762d37642116846147d4355f573fc564cffbaa4a95b63027a2a376608424
2000,12000,numpy,batches,1,22.276475249964278,0.4296818330185488,107069440,126943232,126943232,cfe0119c9e9eb4ca3d76535785ed363efc51eb0683369faf2a3089ef8f9d0fdd
2000,12000,numpy,batches,2,21.077548500034027,0.2942365419585258,104955904,126615552,126615552,445e74e5141fb92f6d1e54c5fdff990a919fe3b428e418a335360e45230bc5de
2000,12000,numpy,batches,3,22.276818125043064,0.28287487500347197,107069440,121339904,121339904,d5b2762d37642116846147d4355f573fc564cffbaa4a95b63027a2a376608424
50000,12000,numba,array,1,13.942428958020173,0.6678839170490392,151683072,767787008,767787008,2d42abf1dbab463ca050c3d9df3d33296a10be5d7538710887e78df54a04c0aa
50000,12000,numba,array,2,12.93440212495625,0.5267851669923402,150290432,794050560,794050560,24da7731db6dfa3a907dbe83b88eeff477bad875b2bbcd792db09be617b1e130
50000,12000,numba,array,3,13.62469249998685,1.1043067919672467,140034048,745177088,745570304,837dd621beccb1ed6b62fce332e919353827ff8039baf5ef1c8e50e7a5e4f15d
50000,12000,numba,batches,1,13.315230541978963,0.4953693749848753,148193280,191889408,191889408,2d42abf1dbab463ca050c3d9df3d33296a10be5d7538710887e78df54a04c0aa
50000,12000,numba,batches,2,13.351693000004161,0.5698759999941103,151060480,191840256,191840256,24da7731db6dfa3a907dbe83b88eeff477bad875b2bbcd792db09be617b1e130
50000,12000,numba,batches,3,11.877203416021075,0.46173191600246355,148340736,189480960,189480960,837dd621beccb1ed6b62fce332e919353827ff8039baf5ef1c8e50e7a5e4f15d
50000,12000,numba,memmap,1,14.236651749990415,0.570946833002381,147439616,730529792,730824704,2d42abf1dbab463ca050c3d9df3d33296a10be5d7538710887e78df54a04c0aa
50000,12000,numba,memmap,2,14.457776749972254,0.5584671669639647,149979136,735903744,736280576,24da7731db6dfa3a907dbe83b88eeff477bad875b2bbcd792db09be617b1e130
50000,12000,numba,memmap,3,13.395415999984834,0.7301161250215955,149356544,793362432,793362432,837dd621beccb1ed6b62fce332e919353827ff8039baf5ef1c8e50e7a5e4f15d
