cell,trait,rho,method,reference,metric,n,mean_difference,mcse,ci95_low,ci95_high
unstructured,null,0,exact,ldak-kvik,rejection_0.01,6,-0.00019444444444444443,7.954345035153534e-05,-0.00039891739306194024,1.002850417305135e-05
unstructured,null,0,exact,ldak-kvik,wall_seconds,6,2.210507472297953,0.14192157223203505,1.8456864566333364,2.5753284879625693
unstructured,null,0,bolt-inf,ldak-kvik,rejection_0.01,6,-0.00038888888888888887,0.00020487876571761987,-0.0009155465225501906,0.00013776874477241288
unstructured,null,0,bolt-inf,ldak-kvik,wall_seconds,6,1.58939887531839,0.11985591885564907,1.2812994274145586,1.8974983232222216
unstructured,null,0,kvik,ldak-kvik,rejection_0.01,6,-0.00038888888888888854,0.0001956312984628781,-0.0008917751511995095,0.0001139973734217324
unstructured,null,0,kvik,ldak-kvik,wall_seconds,6,1.8298106944809358,0.13731508176597343,1.4768310395344093,2.1827903494274623
unstructured,null,0.8,exact,ldak-kvik,rejection_0.01,6,-0.00036111111111111093,0.0001516371562661797,-0.0007509068306164979,2.8684608394275943e-05
unstructured,null,0.8,exact,ldak-kvik,wall_seconds,6,2.320319048662592,0.09423255503538401,2.078086554363035,2.5625515429621495
unstructured,null,0.8,bolt-inf,ldak-kvik,rejection_0.01,6,-0.00033333333333333305,0.00016101529717988276,-0.0007472363315235228,8.05696648568567e-05
unstructured,null,0.8,bolt-inf,ldak-kvik,wall_seconds,6,1.4364879724841255,0.17203339259042022,0.9942620583683004,1.8787138865999506
unstructured,null,0.8,kvik,ldak-kvik,rejection_0.01,6,-0.0005277777777777772,0.00021695137988629598,-0.0010854690541297232,2.991349857416894e-05
unstructured,null,0.8,kvik,ldak-kvik,wall_seconds,6,1.6158771879951626,0.14156426661873514,1.2519746556498657,1.9797797203404595
unstructured,mixed,0,exact,ldak-kvik,rejection_0.01,6,-0.0008333333333333335,0.0019734346820820914,-0.0059062086809082825,0.0042395420142416155
unstructured,mixed,0,exact,ldak-kvik,power_bonferroni,6,-0.05000000000000001,0.0223606797749979,-0.10747995726208992,0.007479957262089908
unstructured,mixed,0,exact,ldak-kvik,wall_seconds,6,1.7193326110233709,0.09845582946429741,1.4662438441899412,1.9724213778568005
unstructured,mixed,0,bolt-inf,ldak-kvik,rejection_0.01,6,-0.0008333333333333334,0.001922093765778466,-0.005774232654033259,0.004107565987366592
unstructured,mixed,0,bolt-inf,ldak-kvik,power_bonferroni,6,-0.05000000000000001,0.0223606797749979,-0.10747995726208992,0.007479957262089908
unstructured,mixed,0,bolt-inf,ldak-kvik,wall_seconds,6,1.000294701186552,0.1275210925844741,0.672491296928406,1.3280981054446979
unstructured,mixed,0,kvik,ldak-kvik,rejection_0.01,6,-0.0011666666666666668,0.0016003471845543737,-0.005280490069993857,0.0029471567366605236
unstructured,mixed,0,kvik,ldak-kvik,power_bonferroni,6,-0.016666666666666663,0.016666666666666663,-0.05950969726060523,0.026176363927271906
unstructured,mixed,0,kvik,ldak-kvik,wall_seconds,6,1.7143844028469175,0.19946932284019941,1.201632184787225,2.22713662090661
unstructured,mixed,0.8,exact,ldak-kvik,rejection_0.01,6,-0.002166666666666667,0.001514742369000235,-0.00606043588608739,0.0017271025527540568
unstructured,mixed,0.8,exact,ldak-kvik,power_bonferroni,6,-0.033333333333333326,0.021081851067789193,-0.08752595674978227,0.020859290083115614
unstructured,mixed,0.8,exact,ldak-kvik,wall_seconds,6,1.7443181110235553,0.09858437527916324,1.4908989066533844,1.9977373153937261
unstructured,mixed,0.8,bolt-inf,ldak-kvik,rejection_0.01,6,-0.001666666666666667,0.0013581032524975576,-0.005157782218455488,0.0018244488851221537
unstructured,mixed,0.8,bolt-inf,ldak-kvik,power_bonferroni,6,-0.04999999999999999,0.03415650255319866,-0.13780208503211788,0.03780208503211789
unstructured,mixed,0.8,bolt-inf,ldak-kvik,wall_seconds,6,1.2292591108416673,0.11330934081031926,0.937988177546736,1.5205300441365985
unstructured,mixed,0.8,kvik,ldak-kvik,rejection_0.01,6,-0.0008333333333333334,0.0003073181485764296,-0.0016233197838252853,-4.334688284138137e-05
unstructured,mixed,0.8,kvik,ldak-kvik,power_bonferroni,6,-0.06666666666666667,0.04944132324730442,-0.19375963413601088,0.06042630080267754
unstructured,mixed,0.8,kvik,ldak-kvik,wall_seconds,6,2.1086791108537,0.20669271357790406,1.5773585757719604,2.63999964593544
structured,null,0,exact,ldak-kvik,rejection_0.01,6,-0.0006666666666666665,0.00024343224778007388,-0.001292429181018243,-4.090415231509004e-05
structured,null,0,exact,ldak-kvik,wall_seconds,6,1.9230917503397602,0.1516912245948634,1.5331570437707758,2.3130264569087444
structured,null,0,bolt-inf,ldak-kvik,rejection_0.01,6,-0.0009166666666666668,0.0003462764898277204,-0.0018067987215257078,-2.6534611807625653e-05
structured,null,0,bolt-inf,ldak-kvik,wall_seconds,6,1.2960660280077718,0.13250234328702098,0.9554579111749083,1.6366741448406352
structured,null,0,kvik,ldak-kvik,rejection_0.01,6,-0.0007222222222222223,0.00027442420078285486,-0.001427652088013642,-1.679235643080269e-05
structured,null,0,kvik,ldak-kvik,wall_seconds,6,1.6704597711601916,0.13912452438651407,1.312828795880677,2.028090746439706
structured,null,0.8,exact,ldak-kvik,rejection_0.01,6,-0.0001666666666666671,9.622504486493757e-05,-0.00041402101912976503,8.068768579643082e-05
structured,null,0.8,exact,ldak-kvik,wall_seconds,6,2.1704369166497295,0.09303513160920684,1.9312824972590685,2.4095913360403904
structured,null,0.8,bolt-inf,ldak-kvik,rejection_0.01,6,-5.555555555555551e-05,0.00021372648957412597,-0.0006049569874491179,0.0004938458763380069
structured,null,0.8,bolt-inf,ldak-kvik,wall_seconds,6,1.4543534169885486,0.07126393676491373,1.2711636356047264,1.6375431983723707
structured,null,0.8,kvik,ldak-kvik,rejection_0.01,6,-5.555555555555551e-05,0.0002304049039258635,-0.0006478302164289104,0.0005367191053177994
structured,null,0.8,kvik,ldak-kvik,wall_seconds,6,2.044287993000277,0.10335226560633531,1.7786125363607714,2.309963449639782
structured,mixed,0,exact,ldak-kvik,rejection_0.01,6,-0.008833333333333334,0.005924056418067308,-0.024061605154901883,0.006394938488235217
structured,mixed,0,exact,ldak-kvik,power_bonferroni,6,-0.03333333333333335,0.04216370213557839,-0.14171858016623126,0.07505191349956455
structured,mixed,0,exact,ldak-kvik,wall_seconds,6,1.2885277986642905,0.13830162326810938,0.9330121580522719,1.644043439276309
structured,mixed,0,bolt-inf,ldak-kvik,rejection_0.01,6,-0.0085,0.005965176722724428,-0.023833974929795977,0.006833974929795974
structured,mixed,0,bolt-inf,ldak-kvik,power_bonferroni,6,-0.03333333333333335,0.04216370213557839,-0.14171858016623126,0.07505191349956455
structured,mixed,0,bolt-inf,ldak-kvik,wall_seconds,6,0.749039847306752,0.1456806744728832,0.3745557517035115,1.1235239429099924
structured,mixed,0,kvik,ldak-kvik,rejection_0.01,6,-0.006666666666666668,0.005713531696284222,-0.02135376746246723,0.008020434129133894
structured,mixed,0,kvik,ldak-kvik,power_bonferroni,6,-0.016666666666666673,0.016666666666666673,-0.059509697260605274,0.026176363927271924
structured,mixed,0,kvik,ldak-kvik,wall_seconds,6,1.5516966873256024,0.2195415380536695,0.9873471974371809,2.1160461772140238
structured,mixed,0.8,exact,ldak-kvik,rejection_0.01,6,-0.008166666666666668,0.00599675838358618,-0.023581824840213088,0.007248491506879753
structured,mixed,0.8,exact,ldak-kvik,power_bonferroni,6,-0.06666666666666667,0.021081851067789193,-0.1208592900831156,-0.012474043250217726
structured,mixed,0.8,exact,ldak-kvik,wall_seconds,6,1.3692723326579046,0.16600779407951222,0.9425357126230567,1.7960089526927525
structured,mixed,0.8,bolt-inf,ldak-kvik,rejection_0.01,6,-0.006166666666666667,0.005787438504592896,-0.021043750961435362,0.008710417628102027
structured,mixed,0.8,bolt-inf,ldak-kvik,power_bonferroni,6,-0.06666666666666667,0.021081851067789197,-0.12085929008311562,-0.012474043250217712
structured,mixed,0.8,bolt-inf,ldak-kvik,wall_seconds,6,0.840664353502992,0.17970148855851661,0.37872697117766213,1.3026017358283217
structured,mixed,0.8,kvik,ldak-kvik,rejection_0.01,6,-0.006666666666666665,0.006706547381311622,-0.023906395544900615,0.010573062211567286
structured,mixed,0.8,kvik,ldak-kvik,power_bonferroni,6,0.0,0.0,0.0,0.0
structured,mixed,0.8,kvik,ldak-kvik,wall_seconds,6,2.0816466939965417,0.26507549346976866,1.400248445410822,2.7630449425822614
confounded,null,0,exact,ldak-kvik,rejection_0.01,6,-0.12508333333333335,0.04083613935936866,-0.2300559714080396,-0.020110695258627104
confounded,null,0,exact,ldak-kvik,wall_seconds,6,1.2727503472027213,0.19183119237134214,0.7796325685844936,1.765868125820949
confounded,null,0,bolt-inf,ldak-kvik,rejection_0.01,6,-0.12530555555555556,0.040779929174249316,-0.23013370074941625,-0.020477410361694856
confounded,null,0,bolt-inf,ldak-kvik,wall_seconds,6,0.8078722430315489,0.1172843779582851,0.5063831514480771,1.1093613346150208
confounded,null,0,kvik,ldak-kvik,rejection_0.01,6,-0.1313888888888889,0.041152666685266494,-0.23717518635803064,-0.025602591419747134
confounded,null,0,kvik,ldak-kvik,wall_seconds,6,1.6311380348730988,0.15032753320602524,1.2447088086176754,2.017567261128522
confounded,null,0.8,exact,ldak-kvik,rejection_0.01,6,-0.14494444444444443,0.045521131980544194,-0.2619602394512347,-0.02792864943765419
confounded,null,0.8,exact,ldak-kvik,wall_seconds,6,1.1874996735035286,0.12807293108462908,0.8582777232206795,1.5167216237863776
confounded,null,0.8,bolt-inf,ldak-kvik,rejection_0.01,6,-0.14538888888888887,0.0455127712370826,-0.2623831919204043,-0.028394585857373436
confounded,null,0.8,bolt-inf,ldak-kvik,wall_seconds,6,0.7960389095242135,0.14946654187685537,0.41182293194019454,1.1802548871082326
confounded,null,0.8,kvik,ldak-kvik,rejection_0.01,6,-0.15188888888888888,0.04533849371500645,-0.2684351972877957,-0.03534258048998208
confounded,null,0.8,kvik,ldak-kvik,wall_seconds,6,1.6177956318327535,0.14176710443604007,1.2533716882787125,1.9822195753867946
confounded,mixed,0,exact,ldak-kvik,rejection_0.01,6,-0.11083333333333334,0.06853535178609975,-0.2870090637336262,0.06534239706695952
confounded,mixed,0,exact,ldak-kvik,power_bonferroni,6,-0.08333333333333333,0.06540472290116195,-0.25146152598788674,0.08479485932122006
confounded,mixed,0,exact,ldak-kvik,wall_seconds,6,1.2037445557070896,0.13933730627401822,0.8455666071726045,1.5619225042415747
confounded,mixed,0,bolt-inf,ldak-kvik,rejection_0.01,6,-0.11033333333333332,0.06804981835227614,-0.2852609603080451,0.06459429364137843
confounded,mixed,0,bolt-inf,ldak-kvik,power_bonferroni,6,-0.08333333333333333,0.06540472290116195,-0.25146152598788674,0.08479485932122006
confounded,mixed,0,bolt-inf,ldak-kvik,wall_seconds,6,0.6111322568613105,0.16063242102435582,0.19821347316181653,1.0240510405608043
confounded,mixed,0,kvik,ldak-kvik,rejection_0.01,6,-0.11683333333333334,0.06901614142921769,-0.29424497285698725,0.06057830619032056
confounded,mixed,0,kvik,ldak-kvik,power_bonferroni,6,-0.13333333333333333,0.06146362971528592,-0.2913306234317238,0.024663956765057088
confounded,mixed,0,kvik,ldak-kvik,wall_seconds,6,2.1039832082169596,0.27227922563416446,1.404067176580655,2.8038992398532643
confounded,mixed,0.8,exact,ldak-kvik,rejection_0.01,6,-0.051833333333333335,0.04889540991863256,-0.1775229859161619,0.0738563192494952
confounded,mixed,0.8,exact,ldak-kvik,power_bonferroni,6,-0.016666666666666673,0.047726070210921186,-0.13935043583716408,0.10601710250383074
confounded,mixed,0.8,exact,ldak-kvik,wall_seconds,6,1.290045041173774,0.1484836466845385,0.9083556761174592,1.671734406230089
confounded,mixed,0.8,bolt-inf,ldak-kvik,rejection_0.01,6,-0.04883333333333333,0.04830280645170745,-0.1729996502083491,0.07533298354168244
confounded,mixed,0.8,bolt-inf,ldak-kvik,power_bonferroni,6,-0.016666666666666673,0.047726070210921186,-0.13935043583716408,0.10601710250383074
confounded,mixed,0.8,bolt-inf,ldak-kvik,wall_seconds,6,0.6155294233370417,0.21858214529778314,0.05364613104014271,1.177412715633941
confounded,mixed,0.8,kvik,ldak-kvik,rejection_0.01,6,-0.05583333333333334,0.04792244892648028,-0.17902191006295257,0.06735524339628587
confounded,mixed,0.8,kvik,ldak-kvik,power_bonferroni,6,-0.06666666666666667,0.04216370213557839,-0.17505191349956456,0.04171858016623124
confounded,mixed,0.8,kvik,ldak-kvik,wall_seconds,6,2.4077274791682917,0.20927514115087717,1.869768602675621,2.9456863556609623
confounded-pc,null,0,exact,ldak-kvik,rejection_0.01,6,-0.00013888888888888892,0.00011719457283182771,-0.00044014712904554237,0.00016236935126776454
confounded-pc,null,0,exact,ldak-kvik,wall_seconds,6,2.1643736941720513,0.18261591142757472,1.6949445493581576,2.633802838985945
confounded-pc,null,0,bolt-inf,ldak-kvik,rejection_0.01,6,-0.0002777777777777781,5.5555555555555457e-05,-0.0004205878797575731,-0.0001349676757979831
confounded-pc,null,0,bolt-inf,ldak-kvik,wall_seconds,6,1.396503479006545,0.07279533311609031,1.2093771179792285,1.5836298400338613
confounded-pc,null,0,kvik,ldak-kvik,rejection_0.01,6,-0.0003055555555555557,5.1219691429404846e-05,-0.00043721996397088085,-0.0001738911471402306
confounded-pc,null,0,kvik,ldak-kvik,wall_seconds,6,1.7523942010205549,0.12481252006786528,1.4315534040741074,2.073234997967002
confounded-pc,null,0.8,exact,ldak-kvik,rejection_0.01,6,-0.00027777777777777756,7.027283689263045e-05,-0.0004584198558326069,-9.713569972294824e-05
confounded-pc,null,0.8,exact,ldak-kvik,wall_seconds,6,1.919744507186503,0.13753819139014836,1.5661913306927167,2.273297683680289
confounded-pc,null,0.8,bolt-inf,ldak-kvik,rejection_0.01,6,-0.0002500000000000002,9.378857231185645e-05,-0.0004910912003751214,-8.908799624879023e-06
confounded-pc,null,0.8,bolt-inf,ldak-kvik,wall_seconds,6,1.5195564168388955,0.08840937581926508,1.2922928812579482,1.746819952419843
confounded-pc,null,0.8,kvik,ldak-kvik,rejection_0.01,6,-0.000277777777777778,8.240220541217421e-05,-0.0004895993902266855,-6.595616532887057e-05
confounded-pc,null,0.8,kvik,ldak-kvik,wall_seconds,6,1.9828304653444018,0.20235465987072646,1.4626612523243476,2.502999678364456
confounded-pc,mixed,0,exact,ldak-kvik,rejection_0.01,6,-0.0018333333333333335,0.0007031674369909663,-0.0036408827742732543,-2.578389239341278e-05
confounded-pc,mixed,0,exact,ldak-kvik,power_bonferroni,6,-0.016666666666666673,0.040138648595974324,-0.11984634765446733,0.08651301432113398
confounded-pc,mixed,0,exact,ldak-kvik,wall_seconds,6,1.9147343258276426,0.1916371814566532,1.4221152681426295,2.407353383512656
confounded-pc,mixed,0,bolt-inf,ldak-kvik,rejection_0.01,6,-0.0018333333333333335,0.0007031674369909663,-0.0036408827742732543,-2.578389239341278e-05
confounded-pc,mixed,0,bolt-inf,ldak-kvik,power_bonferroni,6,-0.016666666666666673,0.040138648595974324,-0.11984634765446733,0.08651301432113398
confounded-pc,mixed,0,bolt-inf,ldak-kvik,wall_seconds,6,1.3491105693295442,0.1346100959545446,1.0030843017755307,1.6951368368835578
confounded-pc,mixed,0,kvik,ldak-kvik,rejection_0.01,6,-0.00016666666666666726,0.0007031674369909662,-0.0019742161076065877,0.0016408827742732533
confounded-pc,mixed,0,kvik,ldak-kvik,power_bonferroni,6,0.0,0.0,0.0,0.0
confounded-pc,mixed,0,kvik,ldak-kvik,wall_seconds,6,1.7706197429894626,0.13480755217768792,1.4240858980549034,2.117153587924022
confounded-pc,mixed,0.8,exact,ldak-kvik,rejection_0.01,6,-0.0005000000000000003,0.0023345235059857505,-0.006501083719352976,0.005501083719352975
confounded-pc,mixed,0.8,exact,ldak-kvik,power_bonferroni,6,-0.09999999999999999,0.02581988897471612,-0.1663721375965516,-0.033627862403448394
confounded-pc,mixed,0.8,exact,ldak-kvik,wall_seconds,6,1.9257084445174162,0.3176900933227464,1.1090600612603587,2.742356827774474
confounded-pc,mixed,0.8,bolt-inf,ldak-kvik,rejection_0.01,6,0.001166666666666667,0.002845073715116086,-0.0061468281464570704,0.008480161479790405
confounded-pc,mixed,0.8,bolt-inf,ldak-kvik,power_bonferroni,6,-0.09999999999999999,0.02581988897471612,-0.1663721375965516,-0.033627862403448394
confounded-pc,mixed,0.8,bolt-inf,ldak-kvik,wall_seconds,6,1.3255437636786762,0.24225019002730014,0.702819825515053,1.9482677018422994
confounded-pc,mixed,0.8,kvik,ldak-kvik,rejection_0.01,6,0.0008333333333333339,0.0009457507306074074,-0.001597796315805841,0.003264462982472509
confounded-pc,mixed,0.8,kvik,ldak-kvik,power_bonferroni,6,-0.016666666666666663,0.016666666666666663,-0.05950969726060523,0.026176363927271906
confounded-pc,mixed,0.8,kvik,ldak-kvik,wall_seconds,6,1.8113231181923766,0.1150705784978165,1.5155247792897268,2.1071214570950265
