cell,method,n,m,replicates,median_seconds,min_seconds,max_seconds,median_rss_mib,max_rss_mib
unstructured,exact,800,6000,6,2.567356062500039,2.0885863340226933,2.8073474170523696,468.5859375,476.765625
unstructured,exact,2000,12000,2,12.217403291520895,11.380939166003373,13.053867417038418,738.21875,788.71875
unstructured,exact,4000,24000,2,91.41328524998971,88.76065195800038,94.06591854197904,1282.890625,1290.515625
unstructured,bolt-inf,800,6000,6,2.069886895507807,1.5856544160051271,2.3798996249679476,282.3828125,296.875
unstructured,bolt-inf,2000,12000,2,4.598057582974434,4.536841374996584,4.659273790952284,516.3828125,532.625
unstructured,bolt-inf,4000,24000,2,15.965001895528985,15.829064958030358,16.100938833027612,987.453125,1064.6875
unstructured,kvik,800,6000,6,2.757656916975975,2.0051401250530034,3.589603666041512,318.4375,354.484375
unstructured,kvik,2000,12000,2,5.016128729504999,4.323421042005066,5.708836417004932,577.96875,581.5
unstructured,kvik,4000,24000,2,15.766347854485502,15.108392708993051,16.424302999977954,1064.0,1088.515625
unstructured,ldak-kvik,800,6000,6,0.7155753954721149,0.5788252920028754,1.025911876000464,39.3125,41.015625
unstructured,ldak-kvik,2000,12000,2,1.3894153959699906,1.2730464169871993,1.505784374952782,82.6640625,82.78125
unstructured,ldak-kvik,4000,24000,2,3.4387990624818485,2.9817044999217615,3.8958936250419356,152.75,153.78125
confounded-pc,exact,800,6000,6,2.8081730414996855,2.0206591669702902,3.6529045830247924,470.5859375,488.5
confounded-pc,exact,2000,12000,2,9.765624521009158,9.41591654199874,10.115332500019576,726.140625,776.9375
confounded-pc,exact,4000,24000,2,94.10562741648755,91.54821670800447,96.66303812497063,1297.734375,1359.65625
confounded-pc,bolt-inf,800,6000,6,2.460034978983458,1.5712197910179384,2.6569310419727117,294.28125,306.90625
confounded-pc,bolt-inf,2000,12000,2,4.3718018329527695,4.200048624945339,4.5435550409602,504.6015625,510.046875
confounded-pc,bolt-inf,4000,24000,2,14.176048395514954,12.602901624981314,15.749195166048594,1087.3203125,1090.375
confounded-pc,kvik,800,6000,6,2.8371806665090844,2.1061999580124393,2.895878667011857,315.78125,332.34375
confounded-pc,kvik,2000,12000,2,5.28492658349569,5.068655291979667,5.501197875011712,558.7109375,559.9375
confounded-pc,kvik,4000,24000,2,19.08311766703264,16.546631375036668,21.61960395902861,1092.1640625,1177.234375
confounded-pc,ldak-kvik,800,6000,6,0.8449086245091166,0.7585577499703504,1.2180469169397838,43.8125,45.59375
confounded-pc,ldak-kvik,2000,12000,2,1.4556057505251374,1.3834992090123706,1.5277122920379043,83.78125,84.359375
confounded-pc,ldak-kvik,4000,24000,2,5.327512604009826,3.1808982500224374,7.474126957997214,151.6953125,152.75
