workload,source,rep,wall_seconds,fit_seconds,user_seconds,system_seconds,peak_rss_gib,load_average_1min,load_wait_seconds
exact,dev5,0,23.630852916976437,15.566271250019781,63.303465,5.202618,0.7309417724609375,4.77490234375,3241.436448042048
exact,current,0,16.49974179099081,14.878604875004385,62.714036,4.730336,0.840240478515625,4.57421875,10.001343165989965
mlmm,dev5,0,9.06988495803671,6.264420249965042,8.032648,1.519952,1.441925048828125,4.93310546875,7.958034984767437e-06
mlmm,current,0,8.779857708024792,6.184592915989924,8.008007,1.416276,1.452362060546875,4.8564453125,9.124982170760632e-06
bolt-inf,dev5,0,9.689353540947195,8.337003458000254,11.700962,1.794168,1.861785888671875,4.7978515625,4.458008334040642e-06
bolt-inf,current,0,11.84695095900679,10.488597250019666,13.231551,1.190348,0.82037353515625,4.68115234375,6.125017534941435e-06
bolt-inf-packed,current,0,11.236469499999657,9.941274000040721,12.540507,1.192692,0.598907470703125,4.453125,20.00671541597694
bolt,dev5,0,20.146620541985612,18.87582845799625,22.900698,2.990029,3.1089630126953125,4.14892578125,4.916975740343332e-06
bolt,current,0,24.367904916987754,22.87542170798406,26.012952,2.7093949999999998,1.1488494873046875,4.02734375,4.667032044380903e-06
bolt-packed,current,0,22.81525020900881,21.59171454195166,24.876251,2.461993,0.9539947509765625,3.60400390625,4.04199818149209e-06
hratt-reml,dev5,0,11.937319249962457,10.64939829200739,13.227391,1.881022,1.960479736328125,3.48779296875,4.208006430417299e-06
hratt-reml,current,0,13.97698604199104,12.69072558300104,14.800605,1.247097,0.82672119140625,3.4189453125,4.833040293306112e-06
hratt-reml-packed,current,0,13.40388100000564,12.256773000000976,14.285939,1.239456,0.6325836181640625,3.61474609375,8.374976459890604e-06
hratt-he,dev5,0,7.334596167027485,6.064589874993544,6.071603,1.187675,1.76861572265625,3.92138671875,3.6669662222266197e-06
hratt-he,current,0,7.02249900001334,5.829588292050175,6.16379,0.644139,0.6522064208984375,3.92724609375,4.125002305954695e-06
hratt-he-packed,current,0,6.971287208027206,5.752448417013511,6.10326,0.642749,0.436126708984375,3.63037109375,4.62500611320138e-06
hratt-he-4t,dev5,0,8.281364333000965,6.890580833016429,9.072369,1.332941,2.2665863037109375,3.49951171875,5.499983672052622e-06
hratt-he-4t,current,0,7.154949708958156,5.855130749987438,7.92305,1.137353,0.81317138671875,3.59521484375,4.208006430417299e-06
hratt-he-4t-packed,current,0,6.878460417035967,5.636032333015464,7.558662,1.062178,0.5360870361328125,3.38720703125,2.874992787837982e-06
hratt-he-m10000,dev5,0,3.211060042027384,1.9607301250216551,2.382467,0.5198499999999999,0.805206298828125,3.32080078125,4.375004209578037e-06
hratt-he-m10000,current,0,3.0752306670183316,1.8616981249651872,2.41259,0.352496,0.4460296630859375,3.32080078125,3.2080570235848427e-06
hratt-he-m20000,dev5,0,5.446231207984965,4.142663832986727,4.375425,0.8712709999999999,1.286651611328125,3.375,4.083034582436085e-06
hratt-he-m20000,current,0,5.229809915996157,4.014695374993607,4.441389,0.533445,0.5411224365234375,3.3447265625,4.542001988738775e-06
hratt-he-m40000,dev5,0,9.518231374968309,8.152708082983736,7.855147,1.631576,2.2876129150390625,3.23681640625,5.04200579598546e-06
hratt-he-m40000,current,0,8.712209916964639,7.460719833965413,7.738171,0.801622,0.746826171875,3.2802734375,5.332985892891884e-06
hratt-he-m80000,dev5,0,19.514267833030317,17.942643541027792,16.390859,3.391449,3.4709320068359375,3.23681640625,4.792003892362118e-06
hratt-he-m80000,current,0,17.925639875000343,16.37009174999548,16.333019,1.409733,1.1845550537109375,3.02783203125,5.834037438035011e-06
hratt-he-streamed-m10000,dev5,0,4.343407834006939,3.1161893749958836,3.419257,0.6152839999999999,0.486846923828125,2.947265625,4.00003045797348e-06
hratt-he-streamed-m20000,dev5,0,7.646153667010367,6.425566417048685,6.53567,0.921439,0.6412506103515625,3.111328125,4.0839659050107e-06
hratt-he-streamed-m40000,dev5,0,14.201287875010166,12.84436749998713,12.343935,1.784282,0.88043212890625,3.09375,3.834022209048271e-06
hratt-he-streamed-m80000,dev5,0,28.348233333963435,27.040978541015647,25.521194,3.159428,1.335601806640625,2.92529296875,8.417002391070127e-06
hratt-he-packed-m10000,current,0,3.08100733300671,1.8907783330068924,2.424093,0.354417,0.3789520263671875,3.07666015625,4.999979864805937e-06
hratt-he-packed-m20000,current,0,5.138124291028362,3.932728290965315,4.388711,0.49635999999999997,0.404083251953125,3.150390625,3.7919962778687477e-06
hratt-he-packed-m40000,current,0,8.620407333015464,7.378640958981123,7.677313,0.756446,0.474365234375,3.37841796875,4.125002305954695e-06
hratt-he-packed-m80000,current,0,17.473233208002057,16.204802167019807,16.069917,1.293171,0.60205078125,3.3193359375,5.082983989268541e-06
exact,current,1,16.608309833041858,15.338091625017114,62.890155,4.858771,0.8371734619140625,3.18017578125,3.541994374245405e-06
exact,dev5,1,16.513266917027067,15.26526620797813,62.077126,5.100618,0.829559326171875,4.58447265625,10.003472208045423
mlmm,current,1,8.783280791016296,6.236004791979212,8.046062,1.396683,1.4519195556640625,4.91650390625,10.008657124999445
mlmm,dev5,1,8.704449083947111,6.11597654200159,8.008197,1.3499079999999999,1.4448089599609375,4.7626953125,4.375004209578037e-06
bolt-inf,current,1,11.36813316703774,10.091418125026394,12.922882,1.066512,0.7914581298828125,4.41748046875,4.499976057559252e-06
bolt-inf,dev5,1,9.406056290958077,8.149955334025435,11.692751,1.559482,1.88494873046875,4.28564453125,5.166977643966675e-06
bolt-inf-packed,current,1,10.859457749989815,9.640486999996938,12.407299,1.043971,0.5798492431640625,4.1611328125,4.500034265220165e-06
bolt,current,1,24.075064875010867,22.788004750036635,26.045218,2.65459,1.1640777587890625,4.2294921875,5.082983989268541e-06
bolt,dev5,1,20.27736112504499,18.983613624994177,22.818008,3.179789,3.14971923828125,4.10791015625,5.665991920977831e-06
bolt-packed,current,1,23.195423041994218,21.804048583027907,25.034991,2.54565,0.9564666748046875,3.7861328125,4.375004209578037e-06
hratt-reml,current,1,14.182798000052571,12.906931958976202,14.889623,1.376563,0.8220672607421875,4.06884765625,5.707959644496441e-06
hratt-reml,dev5,1,12.372856249974575,11.073737083992455,13.45499,2.054103,1.9498748779296875,3.9111328125,4.999979864805937e-06
hratt-reml-packed,current,1,13.794136958953459,12.334555334004108,14.284563,1.326142,0.620452880859375,3.85693359375,5.542009603232145e-06
hratt-he,current,1,7.173659332969692,5.8840640829876065,6.216634,0.712564,0.648193359375,3.66064453125,4.375004209578037e-06
hratt-he,dev5,1,7.81383558397647,6.528687375015579,6.281948,1.465513,1.524139404296875,3.63232421875,4.582980182021856e-06
hratt-he-packed,current,1,6.976625874987803,5.753040709008928,6.112006,0.63013,0.4307403564453125,3.58154296875,5.66698145121336e-06
hratt-he-4t,current,1,6.716388167056721,5.3832007920136675,7.505551,1.144778,0.813018798828125,3.41796875,4.584027919918299e-06
hratt-he-4t,dev5,1,7.5421559160458855,6.273295124992728,8.548846,1.38012,2.2448272705078125,3.38427734375,4.875008016824722e-06
hratt-he-4t-packed,current,1,6.854239250009414,5.604205125011504,7.55824,1.070214,0.5358734130859375,3.43310546875,4.417030140757561e-06
hratt-he-m10000,current,1,3.1161511249956675,1.921129749971442,2.425357,0.37343,0.435943603515625,3.2919921875,5.08397351950407e-06
hratt-he-m10000,dev5,1,3.2672891250113025,2.047585708030965,2.443407,0.541051,0.804840087890625,3.2919921875,8.249946404248476e-06
hratt-he-m20000,current,1,5.228605583019089,3.9640199589775875,4.404334,0.508417,0.5418243408203125,3.1884765625,4.750036168843508e-06
hratt-he-m20000,dev5,1,5.3239367920323275,4.128840541001409,4.339401,0.859497,1.281982421875,3.09326171875,5.375011824071407e-06
hratt-he-m40000,current,1,8.764050500001758,7.441189875011332,7.74843,0.822098,0.7526092529296875,3.16552734375,5.250039976090193e-06
hratt-he-m40000,dev5,1,9.62362058297731,8.280628166976385,7.948166,1.695243,2.2809295654296875,3.15234375,6.375019438564777e-06
hratt-he-m80000,current,1,17.793240584025625,16.3153094999725,16.249814,1.409837,1.168731689453125,3.21533203125,6.707967258989811e-06
hratt-he-m80000,dev5,1,20.024251667025965,18.60717483301414,16.392315,3.395368,3.7418670654296875,3.09912109375,1.895899185910821e-05
hratt-he-streamed-m10000,dev5,1,10.251297958020587,3.0592821660102345,3.997929,0.958259,0.491668701171875,3.0703125,6.458954885601997e-06
hratt-he-streamed-m20000,dev5,1,7.672449458972551,6.416592625027988,6.560143,0.911778,0.630279541015625,3.4716796875,3.7500285543501377e-06
hratt-he-streamed-m40000,dev5,1,14.14213762502186,12.761260208033491,12.317461,1.730064,0.8893890380859375,3.59375,3.958004526793957e-06
hratt-he-streamed-m80000,dev5,1,28.35551179200411,26.938753290975,25.57376,3.012102,1.321685791015625,3.24560546875,4.749977961182594e-06
hratt-he-packed-m10000,current,1,3.391536667011678,2.010511708969716,2.46312,0.37150299999999997,0.3549041748046875,3.01025390625,7.2499969974160194e-06
hratt-he-packed-m20000,current,1,5.125316834019031,3.9238033749861643,4.364705,0.49134099999999997,0.404937744140625,3.01025390625,4.499976057559252e-06
hratt-he-packed-m40000,current,1,8.560238041041885,7.352379124960862,7.63992,0.726903,0.4893646240234375,3.64990234375,5.207955837249756e-06
hratt-he-packed-m80000,current,1,17.221616374969017,15.967662875016686,15.938217999999999,1.273523,0.618499755859375,3.70947265625,4.708010237663984e-06
exact,dev5,2,16.408056500018574,15.125509250035975,63.039305,4.694379,0.832855224609375,3.39794921875,4.584027919918299e-06
exact,current,2,16.058780916035175,14.796317207976244,62.639553,4.785769,0.8283843994140625,3.4296875,8.04202863946557e-06
mlmm,dev5,2,8.47606125002494,5.9131360410247,7.809532,1.303177,1.4484710693359375,4.5205078125,4.792003892362118e-06
mlmm,current,2,8.698900999967009,6.1722187920240685,8.001518,1.367678,1.4540863037109375,4.37255859375,5.624955520033836e-06
bolt-inf,dev5,2,9.503834833973087,8.176566875015851,11.696293,1.618983,1.8923797607421875,4.26220703125,4.165980499237776e-06
bolt-inf,current,2,11.295851541974116,10.054558250005357,12.861274,1.038536,0.79217529296875,4.1474609375,3.4580007195472717e-06
bolt-inf-packed,current,2,10.862770583014935,9.610230540973134,12.434545,1.067308,0.605804443359375,4.22509765625,7.874972652643919e-06
bolt,dev5,2,20.431403624999803,19.126181625004392,22.860267,3.13307,2.9567108154296875,4.1103515625,4.708010237663984e-06
bolt,current,2,23.72398583398899,22.246548249968328,25.46242,2.461617,1.19110107421875,3.86376953125,3.6659766919910908e-06
bolt-packed,current,2,21.842355041997507,20.31468774995301,23.769265,2.144857,0.9478759765625,4.40673828125,80.05320366600063
hratt-reml,dev5,2,11.861479916027747,10.24575216602534,12.851966,1.87767,1.9225616455078125,4.88623046875,60.04041000001598
hratt-reml,current,2,13.621315834054258,12.159347624983639,14.268107,1.122836,0.7820587158203125,4.8232421875,5.08397351950407e-06
hratt-reml-packed,current,2,12.904101749998517,11.52749154198682,13.593707,1.084718,0.594879150390625,4.33203125,5.291018169373274e-06
hratt-he,dev5,2,7.6824596670339815,5.9732851249864325,6.178216,1.145441,1.766143798828125,4.6611328125,10.005001207988244
hratt-he,current,2,7.0258206249563955,5.70193262497196,6.071099,0.595784,0.6561126708984375,4.92822265625,3.0420487746596336e-06
hratt-he-packed,current,2,7.065540499985218,5.589207332988735,6.064542,0.563707,0.4252166748046875,4.548828125,10.001598707982339
hratt-he-4t,dev5,2,7.4035230000154115,5.929945207957644,8.256979,1.181532,2.24114990234375,4.26416015625,6.916990969330072e-06
hratt-he-4t,current,2,5.922565999964718,4.621858041966334,6.806426,0.9341349999999999,0.80621337890625,3.98291015625,5.291949491947889e-06
hratt-he-4t-packed,current,2,6.36786050000228,4.938624208967667,6.969518,0.8750629999999999,0.5056610107421875,4.06396484375,4.62500611320138e-06
hratt-he-m10000,dev5,2,3.3137272910098545,1.8836994580342434,2.352928,0.493174,0.8167266845703125,4.298828125,6.62502134218812e-06
hratt-he-m10000,current,2,3.059846749994904,1.8434551249956712,2.358172,0.302426,0.430694580078125,4.3544921875,5.958019755780697e-06
hratt-he-m20000,dev5,2,5.282711666019168,3.9709456249838695,4.236466,0.746401,1.2784576416015625,4.3544921875,5.459005478769541e-06
hratt-he-m20000,current,2,5.164363916963339,3.824953417002689,4.327215,0.457263,0.530364990234375,4.16552734375,5.292007699608803e-06
hratt-he-m40000,dev5,2,9.13074637495447,7.7121326249907725,7.567479,1.450609,2.278411865234375,4.07177734375,4.583969712257385e-06
hratt-he-m40000,current,2,8.83962370903464,7.244937333045527,7.659421,0.7598349999999999,0.750244140625,4.2333984375,5.332985892891884e-06
hratt-he-m80000,dev5,2,19.26305437501287,17.54646783397766,15.999023,3.318618,3.4453125,4.63232421875,3.832974471151829e-06
hratt-he-m80000,current,2,17.65461970900651,15.951336374972016,15.980977,1.218631,1.1762847900390625,4.94970703125,4.792003892362118e-06
hratt-he-streamed-m10000,dev5,2,4.027303332986776,2.934194084024057,3.273077,0.525528,0.51220703125,4.67724609375,4.417030140757561e-06
hratt-he-streamed-m20000,dev5,2,7.9769563330337405,6.517565290967468,6.544079,0.960792,0.5547027587890625,4.94287109375,4.957953933626413e-06
hratt-he-streamed-m40000,dev5,2,13.74154020799324,12.320746916986536,11.841886,1.641599,0.8320770263671875,4.7236328125,8.666014764457941e-06
hratt-he-streamed-m80000,dev5,2,28.485475833993405,26.53876958298497,25.148861,3.196295,1.245635986328125,4.95458984375,10.001949209021404
hratt-he-packed-m10000,current,2,3.458444415999111,1.8591622919775546,2.328882,0.300908,0.374298095703125,4.73193359375,4.708010237663984e-06
hratt-he-packed-m20000,current,2,5.10838612500811,3.8303710410255007,4.245681,0.439911,0.40478515625,4.6728515625,4.708010237663984e-06
hratt-he-packed-m40000,current,2,8.534892458003014,7.225778874999378,7.481605,0.6752,0.4750518798828125,4.53857421875,4.66697383671999e-06
hratt-he-packed-m80000,current,2,17.05962841701694,15.759942917036824,15.677236,1.187671,0.610107421875,4.294921875,4.708010237663984e-06
