cell,trait,rho,fst,rep,n,m,method,status,n_tested,wall_seconds,peak_rss_bytes,stratum,n_null,lambda_gc,rejection_0.05,rejection_0.01,rejection_0.001,power_bonferroni,power_5e-8
confounded-pc,mixed,0.8,0.05,1,2000,12000,bolt-inf,ok,12000,4.200048624945339,523403264,all,2000,1.0827210469726798,0.058,0.0095,0.0005,0.7,0.6
confounded-pc,mixed,0.8,0.05,1,2000,12000,bolt-inf,ok,12000,4.200048624945339,523403264,loading_q1,376,1.1458506138456586,0.07180851063829788,0.013297872340425532,0.0,0.7,0.6
confounded-pc,mixed,0.8,0.05,1,2000,12000,bolt-inf,ok,12000,4.200048624945339,523403264,loading_q2,383,1.0391888437478305,0.07049608355091384,0.010443864229765013,0.0,0.7,0.6
confounded-pc,mixed,0.8,0.05,1,2000,12000,bolt-inf,ok,12000,4.200048624945339,523403264,loading_q3,401,1.029349631882142,0.04738154613466334,0.004987531172069825,0.0,0.7,0.6
confounded-pc,mixed,0.8,0.05,1,2000,12000,bolt-inf,ok,12000,4.200048624945339,523403264,loading_q4,441,1.1726340038475798,0.06349206349206349,0.011337868480725623,0.0,0.7,0.6
confounded-pc,mixed,0.8,0.05,1,2000,12000,bolt-inf,ok,12000,4.200048624945339,523403264,loading_q5,399,1.050834904601406,0.03759398496240601,0.007518796992481203,0.002506265664160401,0.7,0.6
confounded-pc,mixed,0.8,0.05,1,2000,12000,bolt-inf,ok,12000,4.200048624945339,523403264,maf_q1,392,0.8961690588970884,0.058673469387755105,0.007653061224489796,0.0,0.7,0.6
confounded-pc,mixed,0.8,0.05,1,2000,12000,bolt-inf,ok,12000,4.200048624945339,523403264,maf_q2,390,1.0965554019719375,0.05897435897435897,0.005128205128205128,0.0,0.7,0.6
confounded-pc,mixed,0.8,0.05,1,2000,12000,bolt-inf,ok,12000,4.200048624945339,523403264,maf_q3,406,0.9864287211439325,0.0665024630541872,0.009852216748768473,0.0,0.7,0.6
confounded-pc,mixed,0.8,0.05,1,2000,12000,bolt-inf,ok,12000,4.200048624945339,523403264,maf_q4,396,1.2552601251487787,0.06565656565656566,0.017676767676767676,0.0025252525252525255,0.7,0.6
confounded-pc,mixed,0.8,0.05,1,2000,12000,bolt-inf,ok,12000,4.200048624945339,523403264,maf_q5,416,1.1180159067360242,0.040865384615384616,0.007211538461538462,0.0,0.7,0.6
confounded-pc,mixed,0.8,0.05,1,2000,12000,bolt-inf,ok,12000,4.200048624945339,523403264,ld_q1,397,1.0483913786266343,0.05793450881612091,0.007556675062972292,0.0,0.7,0.6
confounded-pc,mixed,0.8,0.05,1,2000,12000,bolt-inf,ok,12000,4.200048624945339,523403264,ld_q2,385,1.0841384725622198,0.046753246753246755,0.0025974025974025974,0.0,0.7,0.6
confounded-pc,mixed,0.8,0.05,1,2000,12000,bolt-inf,ok,12000,4.200048624945339,523403264,ld_q3,411,1.0557514319025307,0.05596107055961071,0.0072992700729927005,0.0,0.7,0.6
confounded-pc,mixed,0.8,0.05,1,2000,12000,bolt-inf,ok,12000,4.200048624945339,523403264,ld_q4,396,1.0752660639049276,0.07828282828282829,0.020202020202020204,0.0,0.7,0.6
confounded-pc,mixed,0.8,0.05,1,2000,12000,bolt-inf,ok,12000,4.200048624945339,523403264,ld_q5,411,1.11000880957361,0.051094890510948905,0.009732360097323601,0.0024330900243309003,0.7,0.6
confounded-pc,mixed,0.8,0.05,1,2000,12000,exact,ok,12000,9.41591654199874,708149248,all,2000,1.0347872158705256,0.052,0.0075,0.0005,0.7,0.4
confounded-pc,mixed,0.8,0.05,1,2000,12000,exact,ok,12000,9.41591654199874,708149248,loading_q1,376,1.073407023215459,0.05851063829787234,0.010638297872340425,0.0,0.7,0.4
confounded-pc,mixed,0.8,0.05,1,2000,12000,exact,ok,12000,9.41591654199874,708149248,loading_q2,383,1.0087468416959375,0.06005221932114883,0.007832898172323759,0.0,0.7,0.4
confounded-pc,mixed,0.8,0.05,1,2000,12000,exact,ok,12000,9.41591654199874,708149248,loading_q3,401,0.9681914576228002,0.04738154613466334,0.004987531172069825,0.0,0.7,0.4
confounded-pc,mixed,0.8,0.05,1,2000,12000,exact,ok,12000,9.41591654199874,708149248,loading_q4,441,1.1304313035411984,0.05668934240362812,0.009070294784580499,0.0,0.7,0.4
confounded-pc,mixed,0.8,0.05,1,2000,12000,exact,ok,12000,9.41591654199874,708149248,loading_q5,399,1.0143167298150186,0.03759398496240601,0.005012531328320802,0.002506265664160401,0.7,0.4
confounded-pc,mixed,0.8,0.05,1,2000,12000,exact,ok,12000,9.41591654199874,708149248,maf_q1,392,0.8543104194697076,0.05102040816326531,0.007653061224489796,0.0,0.7,0.4
confounded-pc,mixed,0.8,0.05,1,2000,12000,exact,ok,12000,9.41591654199874,708149248,maf_q2,390,1.0432420439677685,0.05384615384615385,0.005128205128205128,0.0,0.7,0.4
confounded-pc,mixed,0.8,0.05,1,2000,12000,exact,ok,12000,9.41591654199874,708149248,maf_q3,406,0.9407747871890544,0.05665024630541872,0.007389162561576354,0.0,0.7,0.4
confounded-pc,mixed,0.8,0.05,1,2000,12000,exact,ok,12000,9.41591654199874,708149248,maf_q4,396,1.1722091456295318,0.06313131313131314,0.012626262626262626,0.0025252525252525255,0.7,0.4
confounded-pc,mixed,0.8,0.05,1,2000,12000,exact,ok,12000,9.41591654199874,708149248,maf_q5,416,1.0753204743354747,0.036057692307692304,0.004807692307692308,0.0,0.7,0.4
confounded-pc,mixed,0.8,0.05,1,2000,12000,exact,ok,12000,9.41591654199874,708149248,ld_q1,397,1.0413785748140376,0.04785894206549118,0.007556675062972292,0.0,0.7,0.4
confounded-pc,mixed,0.8,0.05,1,2000,12000,exact,ok,12000,9.41591654199874,708149248,ld_q2,385,1.0467703902775116,0.03896103896103896,0.0,0.0,0.7,0.4
confounded-pc,mixed,0.8,0.05,1,2000,12000,exact,ok,12000,9.41591654199874,708149248,ld_q3,411,1.0412999371659208,0.051094890510948905,0.0072992700729927005,0.0,0.7,0.4
confounded-pc,mixed,0.8,0.05,1,2000,12000,exact,ok,12000,9.41591654199874,708149248,ld_q4,396,1.017528581182041,0.07323232323232323,0.015151515151515152,0.0,0.7,0.4
confounded-pc,mixed,0.8,0.05,1,2000,12000,exact,ok,12000,9.41591654199874,708149248,ld_q5,411,1.046630859367171,0.04866180048661801,0.0072992700729927005,0.0024330900243309003,0.7,0.4
confounded-pc,mixed,0.8,0.05,1,2000,12000,kvik,ok,12000,5.068655291979667,584564736,all,2000,1.0367438886018936,0.044,0.0055,0.0,0.7,0.6
confounded-pc,mixed,0.8,0.05,1,2000,12000,kvik,ok,12000,5.068655291979667,584564736,loading_q1,376,1.2319057771435957,0.05053191489361702,0.010638297872340425,0.0,0.7,0.6
confounded-pc,mixed,0.8,0.05,1,2000,12000,kvik,ok,12000,5.068655291979667,584564736,loading_q2,383,0.9286588809017574,0.04699738903394256,0.005221932114882507,0.0,0.7,0.6
confounded-pc,mixed,0.8,0.05,1,2000,12000,kvik,ok,12000,5.068655291979667,584564736,loading_q3,401,1.0233455734580115,0.03740648379052369,0.0024937655860349127,0.0,0.7,0.6
confounded-pc,mixed,0.8,0.05,1,2000,12000,kvik,ok,12000,5.068655291979667,584564736,loading_q4,441,0.9914359612819946,0.049886621315192746,0.0045351473922902496,0.0,0.7,0.6
confounded-pc,mixed,0.8,0.05,1,2000,12000,kvik,ok,12000,5.068655291979667,584564736,loading_q5,399,1.1917052910509998,0.03508771929824561,0.005012531328320802,0.0,0.7,0.6
confounded-pc,mixed,0.8,0.05,1,2000,12000,kvik,ok,12000,5.068655291979667,584564736,maf_q1,392,0.9594702100657162,0.04081632653061224,0.00510204081632653,0.0,0.7,0.6
confounded-pc,mixed,0.8,0.05,1,2000,12000,kvik,ok,12000,5.068655291979667,584564736,maf_q2,390,1.0228880749847897,0.03333333333333333,0.0,0.0,0.7,0.6
confounded-pc,mixed,0.8,0.05,1,2000,12000,kvik,ok,12000,5.068655291979667,584564736,maf_q3,406,0.9873202994856829,0.05665024630541872,0.0049261083743842365,0.0,0.7,0.6
confounded-pc,mixed,0.8,0.05,1,2000,12000,kvik,ok,12000,5.068655291979667,584564736,maf_q4,396,1.3454554422641813,0.047979797979797977,0.012626262626262626,0.0,0.7,0.6
confounded-pc,mixed,0.8,0.05,1,2000,12000,kvik,ok,12000,5.068655291979667,584564736,maf_q5,416,0.9658851215246739,0.040865384615384616,0.004807692307692308,0.0,0.7,0.6
confounded-pc,mixed,0.8,0.05,1,2000,12000,kvik,ok,12000,5.068655291979667,584564736,ld_q1,397,1.267962973354521,0.04785894206549118,0.0025188916876574307,0.0,0.7,0.6
confounded-pc,mixed,0.8,0.05,1,2000,12000,kvik,ok,12000,5.068655291979667,584564736,ld_q2,385,1.1236060659479996,0.04155844155844156,0.0,0.0,0.7,0.6
confounded-pc,mixed,0.8,0.05,1,2000,12000,kvik,ok,12000,5.068655291979667,584564736,ld_q3,411,1.0551911538830085,0.031630170316301706,0.004866180048661801,0.0,0.7,0.6
confounded-pc,mixed,0.8,0.05,1,2000,12000,kvik,ok,12000,5.068655291979667,584564736,ld_q4,396,0.8895309165213784,0.06060606060606061,0.005050505050505051,0.0,0.7,0.6
confounded-pc,mixed,0.8,0.05,1,2000,12000,kvik,ok,12000,5.068655291979667,584564736,ld_q5,411,0.9602069638990794,0.038929440389294405,0.014598540145985401,0.0,0.7,0.6
confounded-pc,mixed,0.8,0.05,1,2000,12000,ldak-kvik,ok,12000,1.3834992090123706,88457216,all,2000,0.9301053123273428,0.0405,0.005,0.0,0.7,0.6
confounded-pc,mixed,0.8,0.05,1,2000,12000,ldak-kvik,ok,12000,1.3834992090123706,88457216,loading_q1,376,1.0534329348787126,0.05585106382978723,0.007978723404255319,0.0,0.7,0.6
confounded-pc,mixed,0.8,0.05,1,2000,12000,ldak-kvik,ok,12000,1.3834992090123706,88457216,loading_q2,383,0.8351716295990506,0.05221932114882506,0.0026109660574412533,0.0,0.7,0.6
confounded-pc,mixed,0.8,0.05,1,2000,12000,ldak-kvik,ok,12000,1.3834992090123706,88457216,loading_q3,401,0.8410999449365023,0.03740648379052369,0.0024937655860349127,0.0,0.7,0.6
confounded-pc,mixed,0.8,0.05,1,2000,12000,ldak-kvik,ok,12000,1.3834992090123706,88457216,loading_q4,441,0.9277381387268147,0.034013605442176874,0.006802721088435374,0.0,0.7,0.6
confounded-pc,mixed,0.8,0.05,1,2000,12000,ldak-kvik,ok,12000,1.3834992090123706,88457216,loading_q5,399,0.9151564024319285,0.02506265664160401,0.005012531328320802,0.0,0.7,0.6
confounded-pc,mixed,0.8,0.05,1,2000,12000,ldak-kvik,ok,12000,1.3834992090123706,88457216,maf_q1,392,0.9323214968347314,0.04081632653061224,0.007653061224489796,0.0,0.7,0.6
confounded-pc,mixed,0.8,0.05,1,2000,12000,ldak-kvik,ok,12000,1.3834992090123706,88457216,maf_q2,390,0.8998693525108883,0.02564102564102564,0.0,0.0,0.7,0.6
confounded-pc,mixed,0.8,0.05,1,2000,12000,ldak-kvik,ok,12000,1.3834992090123706,88457216,maf_q3,406,0.8694906363263145,0.046798029556650245,0.007389162561576354,0.0,0.7,0.6
confounded-pc,mixed,0.8,0.05,1,2000,12000,ldak-kvik,ok,12000,1.3834992090123706,88457216,maf_q4,396,1.0913994379063623,0.050505050505050504,0.010101010101010102,0.0,0.7,0.6
confounded-pc,mixed,0.8,0.05,1,2000,12000,ldak-kvik,ok,12000,1.3834992090123706,88457216,maf_q5,416,0.8855624610136771,0.038461538461538464,0.0,0.0,0.7,0.6
confounded-pc,mixed,0.8,0.05,1,2000,12000,ldak-kvik,ok,12000,1.3834992090123706,88457216,ld_q1,397,0.9633137766858996,0.04534005037783375,0.0025188916876574307,0.0,0.7,0.6
confounded-pc,mixed,0.8,0.05,1,2000,12000,ldak-kvik,ok,12000,1.3834992090123706,88457216,ld_q2,385,0.9365202627286068,0.025974025974025976,0.0025974025974025974,0.0,0.7,0.6
confounded-pc,mixed,0.8,0.05,1,2000,12000,ldak-kvik,ok,12000,1.3834992090123706,88457216,ld_q3,411,0.9643131945984766,0.031630170316301706,0.0072992700729927005,0.0,0.7,0.6
confounded-pc,mixed,0.8,0.05,1,2000,12000,ldak-kvik,ok,12000,1.3834992090123706,88457216,ld_q4,396,0.922213690345746,0.05555555555555555,0.005050505050505051,0.0,0.7,0.6
confounded-pc,mixed,0.8,0.05,1,2000,12000,ldak-kvik,ok,12000,1.3834992090123706,88457216,ld_q5,411,0.8543363858831863,0.043795620437956206,0.0072992700729927005,0.0,0.7,0.6
confounded-pc,mixed,0.8,0.05,2,2000,12000,bolt-inf,ok,12000,4.5435550409602,534822912,all,2000,0.935555060928052,0.047,0.013,0.0005,0.6,0.5
confounded-pc,mixed,0.8,0.05,2,2000,12000,bolt-inf,ok,12000,4.5435550409602,534822912,loading_q1,406,0.9674705556663497,0.04926108374384237,0.009852216748768473,0.0,0.6,0.5
confounded-pc,mixed,0.8,0.05,2,2000,12000,bolt-inf,ok,12000,4.5435550409602,534822912,loading_q2,365,0.9144811039543934,0.06027397260273973,0.01643835616438356,0.0,0.6,0.5
confounded-pc,mixed,0.8,0.05,2,2000,12000,bolt-inf,ok,12000,4.5435550409602,534822912,loading_q3,422,0.9136571443065632,0.04976303317535545,0.014218009478672985,0.0,0.6,0.5
confounded-pc,mixed,0.8,0.05,2,2000,12000,bolt-inf,ok,12000,4.5435550409602,534822912,loading_q4,421,0.9066059624822436,0.047505938242280284,0.009501187648456057,0.0,0.6,0.5
confounded-pc,mixed,0.8,0.05,2,2000,12000,bolt-inf,ok,12000,4.5435550409602,534822912,loading_q5,386,0.9806312930591834,0.02849740932642487,0.015544041450777202,0.0025906735751295338,0.6,0.5
confounded-pc,mixed,0.8,0.05,2,2000,12000,bolt-inf,ok,12000,4.5435550409602,534822912,maf_q1,419,0.8200738222524486,0.0477326968973747,0.00477326968973747,0.0,0.6,0.5
confounded-pc,mixed,0.8,0.05,2,2000,12000,bolt-inf,ok,12000,4.5435550409602,534822912,maf_q2,389,0.9122576802235094,0.056555269922879174,0.017994858611825194,0.002570694087403599,0.6,0.5
confounded-pc,mixed,0.8,0.05,2,2000,12000,bolt-inf,ok,12000,4.5435550409602,534822912,maf_q3,402,0.935555060928052,0.029850746268656716,0.004975124378109453,0.0,0.6,0.5
confounded-pc,mixed,0.8,0.05,2,2000,12000,bolt-inf,ok,12000,4.5435550409602,534822912,maf_q4,402,0.957894074567761,0.05721393034825871,0.014925373134328358,0.0,0.6,0.5
confounded-pc,mixed,0.8,0.05,2,2000,12000,bolt-inf,ok,12000,4.5435550409602,534822912,maf_q5,388,1.0335869786734364,0.04381443298969072,0.023195876288659795,0.0,0.6,0.5
confounded-pc,mixed,0.8,0.05,2,2000,12000,bolt-inf,ok,12000,4.5435550409602,534822912,ld_q1,409,0.9004300812440886,0.05378973105134474,0.022004889975550123,0.0,0.6,0.5
confounded-pc,mixed,0.8,0.05,2,2000,12000,bolt-inf,ok,12000,4.5435550409602,534822912,ld_q2,403,1.0049982034980574,0.04466501240694789,0.007444168734491315,0.0,0.6,0.5
confounded-pc,mixed,0.8,0.05,2,2000,12000,bolt-inf,ok,12000,4.5435550409602,534822912,ld_q3,396,0.7820706391181883,0.06313131313131314,0.012626262626262626,0.0025252525252525255,0.6,0.5
confounded-pc,mixed,0.8,0.05,2,2000,12000,bolt-inf,ok,12000,4.5435550409602,534822912,ld_q4,384,0.9339488986010185,0.03125,0.013020833333333334,0.0,0.6,0.5
confounded-pc,mixed,0.8,0.05,2,2000,12000,bolt-inf,ok,12000,4.5435550409602,534822912,ld_q5,408,1.0676919264041518,0.041666666666666664,0.00980392156862745,0.0,0.6,0.5
confounded-pc,mixed,0.8,0.05,2,2000,12000,exact,ok,12000,10.115332500019576,814678016,all,2000,0.9221722995085943,0.0455,0.0125,0.0005,0.6,0.5
confounded-pc,mixed,0.8,0.05,2,2000,12000,exact,ok,12000,10.115332500019576,814678016,loading_q1,406,0.960455170489311,0.046798029556650245,0.007389162561576354,0.0,0.6,0.5
confounded-pc,mixed,0.8,0.05,2,2000,12000,exact,ok,12000,10.115332500019576,814678016,loading_q2,365,0.8993693219268017,0.06027397260273973,0.01643835616438356,0.0,0.6,0.5
confounded-pc,mixed,0.8,0.05,2,2000,12000,exact,ok,12000,10.115332500019576,814678016,loading_q3,422,0.8931859715699919,0.04976303317535545,0.014218009478672985,0.0,0.6,0.5
confounded-pc,mixed,0.8,0.05,2,2000,12000,exact,ok,12000,10.115332500019576,814678016,loading_q4,421,0.8942554800994611,0.04513064133016627,0.009501187648456057,0.0,0.6,0.5
confounded-pc,mixed,0.8,0.05,2,2000,12000,exact,ok,12000,10.115332500019576,814678016,loading_q5,386,0.9665725321327306,0.025906735751295335,0.015544041450777202,0.0025906735751295338,0.6,0.5
confounded-pc,mixed,0.8,0.05,2,2000,12000,exact,ok,12000,10.115332500019576,814678016,maf_q1,419,0.8108862949102449,0.0477326968973747,0.002386634844868735,0.0,0.6,0.5
confounded-pc,mixed,0.8,0.05,2,2000,12000,exact,ok,12000,10.115332500019576,814678016,maf_q2,389,0.8790683188776817,0.05141388174807198,0.017994858611825194,0.002570694087403599,0.6,0.5
confounded-pc,mixed,0.8,0.05,2,2000,12000,exact,ok,12000,10.115332500019576,814678016,maf_q3,402,0.9221722995085943,0.02736318407960199,0.004975124378109453,0.0,0.6,0.5
confounded-pc,mixed,0.8,0.05,2,2000,12000,exact,ok,12000,10.115332500019576,814678016,maf_q4,402,0.9418274871575859,0.05721393034825871,0.014925373134328358,0.0,0.6,0.5
confounded-pc,mixed,0.8,0.05,2,2000,12000,exact,ok,12000,10.115332500019576,814678016,maf_q5,388,1.020018448693978,0.04381443298969072,0.023195876288659795,0.0,0.6,0.5
confounded-pc,mixed,0.8,0.05,2,2000,12000,exact,ok,12000,10.115332500019576,814678016,ld_q1,409,0.8910288699854291,0.05134474327628362,0.019559902200488997,0.0,0.6,0.5
confounded-pc,mixed,0.8,0.05,2,2000,12000,exact,ok,12000,10.115332500019576,814678016,ld_q2,403,0.9937360149662289,0.04466501240694789,0.007444168734491315,0.0,0.6,0.5
confounded-pc,mixed,0.8,0.05,2,2000,12000,exact,ok,12000,10.115332500019576,814678016,ld_q3,396,0.7742174590329078,0.06060606060606061,0.012626262626262626,0.0025252525252525255,0.6,0.5
confounded-pc,mixed,0.8,0.05,2,2000,12000,exact,ok,12000,10.115332500019576,814678016,ld_q4,384,0.9191599545769106,0.028645833333333332,0.013020833333333334,0.0,0.6,0.5
confounded-pc,mixed,0.8,0.05,2,2000,12000,exact,ok,12000,10.115332500019576,814678016,ld_q5,408,1.0476657186988958,0.041666666666666664,0.00980392156862745,0.0,0.6,0.5
confounded-pc,mixed,0.8,0.05,2,2000,12000,kvik,ok,12000,5.501197875011712,587137024,all,2000,0.9427799058121783,0.0525,0.0085,0.001,0.6,0.5
confounded-pc,mixed,0.8,0.05,2,2000,12000,kvik,ok,12000,5.501197875011712,587137024,loading_q1,406,0.8810596449682191,0.05172413793103448,0.0049261083743842365,0.0,0.6,0.5
confounded-pc,mixed,0.8,0.05,2,2000,12000,kvik,ok,12000,5.501197875011712,587137024,loading_q2,365,1.0687091628381364,0.07397260273972603,0.01643835616438356,0.0,0.6,0.5
confounded-pc,mixed,0.8,0.05,2,2000,12000,kvik,ok,12000,5.501197875011712,587137024,loading_q3,422,1.0296512855745568,0.04739336492890995,0.009478672985781991,0.002369668246445498,0.6,0.5
confounded-pc,mixed,0.8,0.05,2,2000,12000,kvik,ok,12000,5.501197875011712,587137024,loading_q4,421,0.8821989342129367,0.052256532066508314,0.0,0.0,0.6,0.5
confounded-pc,mixed,0.8,0.05,2,2000,12000,kvik,ok,12000,5.501197875011712,587137024,loading_q5,386,0.9507581564923119,0.038860103626943004,0.012953367875647668,0.0025906735751295338,0.6,0.5
confounded-pc,mixed,0.8,0.05,2,2000,12000,kvik,ok,12000,5.501197875011712,587137024,maf_q1,419,0.9706194573738324,0.045346062052505964,0.002386634844868735,0.0,0.6,0.5
confounded-pc,mixed,0.8,0.05,2,2000,12000,kvik,ok,12000,5.501197875011712,587137024,maf_q2,389,0.8723246522360331,0.05398457583547558,0.012853470437017995,0.005141388174807198,0.6,0.5
confounded-pc,mixed,0.8,0.05,2,2000,12000,kvik,ok,12000,5.501197875011712,587137024,maf_q3,402,0.9447158228395889,0.04477611940298507,0.004975124378109453,0.0,0.6,0.5
confounded-pc,mixed,0.8,0.05,2,2000,12000,kvik,ok,12000,5.501197875011712,587137024,maf_q4,402,0.9518888432634566,0.06218905472636816,0.014925373134328358,0.0,0.6,0.5
confounded-pc,mixed,0.8,0.05,2,2000,12000,kvik,ok,12000,5.501197875011712,587137024,maf_q5,388,0.9741230263502041,0.05670103092783505,0.007731958762886598,0.0,0.6,0.5
confounded-pc,mixed,0.8,0.05,2,2000,12000,kvik,ok,12000,5.501197875011712,587137024,ld_q1,409,1.0185132626885511,0.05623471882640587,0.012224938875305624,0.0,0.6,0.5
confounded-pc,mixed,0.8,0.05,2,2000,12000,kvik,ok,12000,5.501197875011712,587137024,ld_q2,403,0.9786317795983008,0.05707196029776675,0.004962779156327543,0.0,0.6,0.5
confounded-pc,mixed,0.8,0.05,2,2000,12000,kvik,ok,12000,5.501197875011712,587137024,ld_q3,396,0.8927258368754026,0.06060606060606061,0.007575757575757576,0.0025252525252525255,0.6,0.5
confounded-pc,mixed,0.8,0.05,2,2000,12000,kvik,ok,12000,5.501197875011712,587137024,ld_q4,384,0.9247191855760686,0.0390625,0.010416666666666666,0.0026041666666666665,0.6,0.5
confounded-pc,mixed,0.8,0.05,2,2000,12000,kvik,ok,12000,5.501197875011712,587137024,ld_q5,408,0.9250948201424932,0.049019607843137254,0.007352941176470588,0.0,0.6,0.5
confounded-pc,mixed,0.8,0.05,2,2000,12000,ldak-kvik,ok,12000,1.5277122920379043,87244800,all,2000,0.898952727894899,0.042,0.0065,0.0005,0.6,0.5
confounded-pc,mixed,0.8,0.05,2,2000,12000,ldak-kvik,ok,12000,1.5277122920379043,87244800,loading_q1,406,0.92212369069266,0.04187192118226601,0.0024630541871921183,0.0,0.6,0.5
confounded-pc,mixed,0.8,0.05,2,2000,12000,ldak-kvik,ok,12000,1.5277122920379043,87244800,loading_q2,365,1.0241439184954186,0.057534246575342465,0.010958904109589041,0.0,0.6,0.5
confounded-pc,mixed,0.8,0.05,2,2000,12000,ldak-kvik,ok,12000,1.5277122920379043,87244800,loading_q3,422,1.0652117208653726,0.04028436018957346,0.0071090047393364926,0.002369668246445498,0.6,0.5
confounded-pc,mixed,0.8,0.05,2,2000,12000,ldak-kvik,ok,12000,1.5277122920379043,87244800,loading_q4,421,0.8172762509579139,0.040380047505938245,0.0,0.0,0.6,0.5
confounded-pc,mixed,0.8,0.05,2,2000,12000,ldak-kvik,ok,12000,1.5277122920379043,87244800,loading_q5,386,0.7801596213306691,0.031088082901554404,0.012953367875647668,0.0,0.6,0.5
confounded-pc,mixed,0.8,0.05,2,2000,12000,ldak-kvik,ok,12000,1.5277122920379043,87244800,maf_q1,419,0.9563386816121681,0.03818615751789976,0.002386634844868735,0.0,0.6,0.5
confounded-pc,mixed,0.8,0.05,2,2000,12000,ldak-kvik,ok,12000,1.5277122920379043,87244800,maf_q2,389,0.8456066453600488,0.04884318766066838,0.007712082262210797,0.002570694087403599,0.6,0.5
confounded-pc,mixed,0.8,0.05,2,2000,12000,ldak-kvik,ok,12000,1.5277122920379043,87244800,maf_q3,402,0.8535195013708177,0.029850746268656716,0.0024875621890547263,0.0,0.6,0.5
confounded-pc,mixed,0.8,0.05,2,2000,12000,ldak-kvik,ok,12000,1.5277122920379043,87244800,maf_q4,402,0.8926121143342807,0.0472636815920398,0.017412935323383085,0.0,0.6,0.5
confounded-pc,mixed,0.8,0.05,2,2000,12000,ldak-kvik,ok,12000,1.5277122920379043,87244800,maf_q5,388,1.0190720005613978,0.04639175257731959,0.002577319587628866,0.0,0.6,0.5
confounded-pc,mixed,0.8,0.05,2,2000,12000,ldak-kvik,ok,12000,1.5277122920379043,87244800,ld_q1,409,0.9578302812012044,0.0488997555012225,0.007334963325183374,0.0,0.6,0.5
confounded-pc,mixed,0.8,0.05,2,2000,12000,ldak-kvik,ok,12000,1.5277122920379043,87244800,ld_q2,403,0.9566549421237759,0.04218362282878412,0.004962779156327543,0.0,0.6,0.5
confounded-pc,mixed,0.8,0.05,2,2000,12000,ldak-kvik,ok,12000,1.5277122920379043,87244800,ld_q3,396,0.8644115175120965,0.045454545454545456,0.007575757575757576,0.0,0.6,0.5
confounded-pc,mixed,0.8,0.05,2,2000,12000,ldak-kvik,ok,12000,1.5277122920379043,87244800,ld_q4,384,0.8980356968113338,0.03125,0.0078125,0.0026041666666666665,0.6,0.5
confounded-pc,mixed,0.8,0.05,2,2000,12000,ldak-kvik,ok,12000,1.5277122920379043,87244800,ld_q5,408,0.8644362671215744,0.041666666666666664,0.004901960784313725,0.0,0.6,0.5
unstructured,mixed,0.8,0,1,2000,12000,bolt-inf,ok,12000,4.536841374996584,524435456,all,2000,1.0363212060741949,0.054,0.01,0.001,0.6,0.5
unstructured,mixed,0.8,0,1,2000,12000,bolt-inf,ok,12000,4.536841374996584,524435456,loading_q1,405,0.9945493316741335,0.044444444444444446,0.0049382716049382715,0.0024691358024691358,0.6,0.5
unstructured,mixed,0.8,0,1,2000,12000,bolt-inf,ok,12000,4.536841374996584,524435456,loading_q2,426,1.1231811064444022,0.06807511737089202,0.014084507042253521,0.0,0.6,0.5
unstructured,mixed,0.8,0,1,2000,12000,bolt-inf,ok,12000,4.536841374996584,524435456,loading_q3,399,0.8944488269417303,0.042606516290726815,0.007518796992481203,0.002506265664160401,0.6,0.5
unstructured,mixed,0.8,0,1,2000,12000,bolt-inf,ok,12000,4.536841374996584,524435456,loading_q4,403,1.0879331810638544,0.04962779156327544,0.007444168734491315,0.0,0.6,0.5
unstructured,mixed,0.8,0,1,2000,12000,bolt-inf,ok,12000,4.536841374996584,524435456,loading_q5,367,1.2129274561634529,0.0653950953678474,0.01634877384196185,0.0,0.6,0.5
unstructured,mixed,0.8,0,1,2000,12000,bolt-inf,ok,12000,4.536841374996584,524435456,maf_q1,398,0.906917355379945,0.04020100502512563,0.01256281407035176,0.0,0.6,0.5
unstructured,mixed,0.8,0,1,2000,12000,bolt-inf,ok,12000,4.536841374996584,524435456,maf_q2,405,0.9705825002299169,0.05925925925925926,0.007407407407407408,0.0,0.6,0.5
unstructured,mixed,0.8,0,1,2000,12000,bolt-inf,ok,12000,4.536841374996584,524435456,maf_q3,427,1.0707885837501583,0.05152224824355972,0.00936768149882904,0.00234192037470726,0.6,0.5
unstructured,mixed,0.8,0,1,2000,12000,bolt-inf,ok,12000,4.536841374996584,524435456,maf_q4,378,1.2813142220582887,0.05026455026455026,0.007936507936507936,0.0026455026455026454,0.6,0.5
unstructured,mixed,0.8,0,1,2000,12000,bolt-inf,ok,12000,4.536841374996584,524435456,maf_q5,392,0.9756727597663534,0.06887755102040816,0.012755102040816327,0.0,0.6,0.5
unstructured,mixed,0.8,0,1,2000,12000,bolt-inf,ok,12000,4.536841374996584,524435456,ld_q1,432,0.9707408465321342,0.05787037037037037,0.013888888888888888,0.0023148148148148147,0.6,0.5
unstructured,mixed,0.8,0,1,2000,12000,bolt-inf,ok,12000,4.536841374996584,524435456,ld_q2,380,1.230253065283092,0.06315789473684211,0.015789473684210527,0.0,0.6,0.5
unstructured,mixed,0.8,0,1,2000,12000,bolt-inf,ok,12000,4.536841374996584,524435456,ld_q3,376,0.9926268433015877,0.03723404255319149,0.010638297872340425,0.0,0.6,0.5
unstructured,mixed,0.8,0,1,2000,12000,bolt-inf,ok,12000,4.536841374996584,524435456,ld_q4,412,0.9083401979830811,0.04611650485436893,0.007281553398058253,0.0024271844660194173,0.6,0.5
unstructured,mixed,0.8,0,1,2000,12000,bolt-inf,ok,12000,4.536841374996584,524435456,ld_q5,400,1.1453812281585873,0.065,0.0025,0.0,0.6,0.5
unstructured,mixed,0.8,0,1,2000,12000,exact,ok,12000,13.053867417038418,721125376,all,2000,1.001479024152369,0.0495,0.0085,0.0005,0.7,0.5
unstructured,mixed,0.8,0,1,2000,12000,exact,ok,12000,13.053867417038418,721125376,loading_q1,405,0.9555426967065579,0.04197530864197531,0.0024691358024691358,0.0024691358024691358,0.7,0.5
unstructured,mixed,0.8,0,1,2000,12000,exact,ok,12000,13.053867417038418,721125376,loading_q2,426,1.086476065762825,0.056338028169014086,0.009389671361502348,0.0,0.7,0.5
unstructured,mixed,0.8,0,1,2000,12000,exact,ok,12000,13.053867417038418,721125376,loading_q3,399,0.880096782707277,0.03759398496240601,0.007518796992481203,0.0,0.7,0.5
unstructured,mixed,0.8,0,1,2000,12000,exact,ok,12000,13.053867417038418,721125376,loading_q4,403,1.0489565879131295,0.04962779156327544,0.007444168734491315,0.0,0.7,0.5
unstructured,mixed,0.8,0,1,2000,12000,exact,ok,12000,13.053867417038418,721125376,loading_q5,367,1.1777766899473379,0.06267029972752043,0.01634877384196185,0.0,0.7,0.5
unstructured,mixed,0.8,0,1,2000,12000,exact,ok,12000,13.053867417038418,721125376,maf_q1,398,0.8749107220892752,0.03768844221105527,0.010050251256281407,0.0,0.7,0.5
unstructured,mixed,0.8,0,1,2000,12000,exact,ok,12000,13.053867417038418,721125376,maf_q2,405,0.9298749364149482,0.056790123456790124,0.007407407407407408,0.0,0.7,0.5
unstructured,mixed,0.8,0,1,2000,12000,exact,ok,12000,13.053867417038418,721125376,maf_q3,427,1.0404624802280098,0.0468384074941452,0.00936768149882904,0.0,0.7,0.5
unstructured,mixed,0.8,0,1,2000,12000,exact,ok,12000,13.053867417038418,721125376,maf_q4,378,1.2443688582437205,0.04497354497354497,0.005291005291005291,0.0026455026455026454,0.7,0.5
unstructured,mixed,0.8,0,1,2000,12000,exact,ok,12000,13.053867417038418,721125376,maf_q5,392,0.9457361851858325,0.061224489795918366,0.01020408163265306,0.0,0.7,0.5
unstructured,mixed,0.8,0,1,2000,12000,exact,ok,12000,13.053867417038418,721125376,ld_q1,432,0.9412908700867002,0.05092592592592592,0.013888888888888888,0.0023148148148148147,0.7,0.5
unstructured,mixed,0.8,0,1,2000,12000,exact,ok,12000,13.053867417038418,721125376,ld_q2,380,1.2053047594763722,0.06315789473684211,0.013157894736842105,0.0,0.7,0.5
unstructured,mixed,0.8,0,1,2000,12000,exact,ok,12000,13.053867417038418,721125376,ld_q3,376,0.9587275184537879,0.034574468085106384,0.007978723404255319,0.0,0.7,0.5
unstructured,mixed,0.8,0,1,2000,12000,exact,ok,12000,13.053867417038418,721125376,ld_q4,412,0.8909449435427317,0.0412621359223301,0.0048543689320388345,0.0,0.7,0.5
unstructured,mixed,0.8,0,1,2000,12000,exact,ok,12000,13.053867417038418,721125376,ld_q5,400,1.101181364900242,0.0575,0.0025,0.0,0.7,0.5
unstructured,mixed,0.8,0,1,2000,12000,kvik,ok,12000,4.323421042005066,602341376,all,2000,0.9817180141899323,0.048,0.0075,0.0005,0.7,0.5
unstructured,mixed,0.8,0,1,2000,12000,kvik,ok,12000,4.323421042005066,602341376,loading_q1,405,1.1784196980726547,0.04197530864197531,0.0049382716049382715,0.0024691358024691358,0.7,0.5
unstructured,mixed,0.8,0,1,2000,12000,kvik,ok,12000,4.323421042005066,602341376,loading_q2,426,0.9571299793049246,0.056338028169014086,0.014084507042253521,0.0,0.7,0.5
unstructured,mixed,0.8,0,1,2000,12000,kvik,ok,12000,4.323421042005066,602341376,loading_q3,399,0.8852967760278098,0.040100250626566414,0.005012531328320802,0.0,0.7,0.5
unstructured,mixed,0.8,0,1,2000,12000,kvik,ok,12000,4.323421042005066,602341376,loading_q4,403,0.9023604712460362,0.04218362282878412,0.007444168734491315,0.0,0.7,0.5
unstructured,mixed,0.8,0,1,2000,12000,kvik,ok,12000,4.323421042005066,602341376,loading_q5,367,1.0592575999298504,0.05994550408719346,0.005449591280653951,0.0,0.7,0.5
unstructured,mixed,0.8,0,1,2000,12000,kvik,ok,12000,4.323421042005066,602341376,maf_q1,398,0.9181579751047259,0.03768844221105527,0.007537688442211055,0.0,0.7,0.5
unstructured,mixed,0.8,0,1,2000,12000,kvik,ok,12000,4.323421042005066,602341376,maf_q2,405,0.897983504590957,0.044444444444444446,0.009876543209876543,0.0,0.7,0.5
unstructured,mixed,0.8,0,1,2000,12000,kvik,ok,12000,4.323421042005066,602341376,maf_q3,427,0.9819665514256377,0.04215456674473068,0.00468384074941452,0.0,0.7,0.5
unstructured,mixed,0.8,0,1,2000,12000,kvik,ok,12000,4.323421042005066,602341376,maf_q4,378,1.143641305241026,0.05555555555555555,0.010582010582010581,0.0026455026455026454,0.7,0.5
unstructured,mixed,0.8,0,1,2000,12000,kvik,ok,12000,4.323421042005066,602341376,maf_q5,392,1.0084964366829994,0.061224489795918366,0.00510204081632653,0.0,0.7,0.5
unstructured,mixed,0.8,0,1,2000,12000,kvik,ok,12000,4.323421042005066,602341376,ld_q1,432,0.9867606051669003,0.046296296296296294,0.006944444444444444,0.0023148148148148147,0.7,0.5
unstructured,mixed,0.8,0,1,2000,12000,kvik,ok,12000,4.323421042005066,602341376,ld_q2,380,1.2393841169468807,0.060526315789473685,0.015789473684210527,0.0,0.7,0.5
unstructured,mixed,0.8,0,1,2000,12000,kvik,ok,12000,4.323421042005066,602341376,ld_q3,376,1.027626502642133,0.03723404255319149,0.005319148936170213,0.0,0.7,0.5
unstructured,mixed,0.8,0,1,2000,12000,kvik,ok,12000,4.323421042005066,602341376,ld_q4,412,0.8431696982981899,0.038834951456310676,0.0024271844660194173,0.0,0.7,0.5
unstructured,mixed,0.8,0,1,2000,12000,kvik,ok,12000,4.323421042005066,602341376,ld_q5,400,0.9971828208866077,0.0575,0.0075,0.0,0.7,0.5
unstructured,mixed,0.8,0,1,2000,12000,ldak-kvik,ok,12000,1.2730464169871993,86802432,all,2000,0.9633139498720211,0.0465,0.009,0.0005,0.7,0.5
unstructured,mixed,0.8,0,1,2000,12000,ldak-kvik,ok,12000,1.2730464169871993,86802432,loading_q1,405,1.1379326962478462,0.04197530864197531,0.0049382716049382715,0.0024691358024691358,0.7,0.5
unstructured,mixed,0.8,0,1,2000,12000,ldak-kvik,ok,12000,1.2730464169871993,86802432,loading_q2,426,0.9504481431903575,0.051643192488262914,0.01643192488262911,0.0,0.7,0.5
unstructured,mixed,0.8,0,1,2000,12000,ldak-kvik,ok,12000,1.2730464169871993,86802432,loading_q3,399,0.8223446200109337,0.042606516290726815,0.005012531328320802,0.0,0.7,0.5
unstructured,mixed,0.8,0,1,2000,12000,ldak-kvik,ok,12000,1.2730464169871993,86802432,loading_q4,403,0.8994050746792179,0.03970223325062035,0.007444168734491315,0.0,0.7,0.5
unstructured,mixed,0.8,0,1,2000,12000,ldak-kvik,ok,12000,1.2730464169871993,86802432,loading_q5,367,1.1383949672167772,0.05722070844686648,0.010899182561307902,0.0,0.7,0.5
unstructured,mixed,0.8,0,1,2000,12000,ldak-kvik,ok,12000,1.2730464169871993,86802432,maf_q1,398,0.8493617396402686,0.032663316582914576,0.007537688442211055,0.0,0.7,0.5
unstructured,mixed,0.8,0,1,2000,12000,ldak-kvik,ok,12000,1.2730464169871993,86802432,maf_q2,405,0.899664575201229,0.04938271604938271,0.009876543209876543,0.0,0.7,0.5
unstructured,mixed,0.8,0,1,2000,12000,ldak-kvik,ok,12000,1.2730464169871993,86802432,maf_q3,427,1.0199723247532588,0.04215456674473068,0.0117096018735363,0.0,0.7,0.5
unstructured,mixed,0.8,0,1,2000,12000,ldak-kvik,ok,12000,1.2730464169871993,86802432,maf_q4,378,1.096996083587151,0.0582010582010582,0.013227513227513227,0.0026455026455026454,0.7,0.5
unstructured,mixed,0.8,0,1,2000,12000,ldak-kvik,ok,12000,1.2730464169871993,86802432,maf_q5,392,0.9445340962172355,0.05102040816326531,0.002551020408163265,0.0,0.7,0.5
unstructured,mixed,0.8,0,1,2000,12000,ldak-kvik,ok,12000,1.2730464169871993,86802432,ld_q1,432,0.9717670059417506,0.04398148148148148,0.006944444444444444,0.0023148148148148147,0.7,0.5
unstructured,mixed,0.8,0,1,2000,12000,ldak-kvik,ok,12000,1.2730464169871993,86802432,ld_q2,380,1.1693809417916212,0.06578947368421052,0.02368421052631579,0.0,0.7,0.5
unstructured,mixed,0.8,0,1,2000,12000,ldak-kvik,ok,12000,1.2730464169871993,86802432,ld_q3,376,0.9544677382547407,0.0398936170212766,0.005319148936170213,0.0,0.7,0.5
unstructured,mixed,0.8,0,1,2000,12000,ldak-kvik,ok,12000,1.2730464169871993,86802432,ld_q4,412,0.785461714599779,0.03155339805825243,0.0024271844660194173,0.0,0.7,0.5
unstructured,mixed,0.8,0,1,2000,12000,ldak-kvik,ok,12000,1.2730464169871993,86802432,ld_q5,400,1.0212277963695742,0.0525,0.0075,0.0,0.7,0.5
unstructured,mixed,0.8,0,2,2000,12000,bolt-inf,ok,12000,4.659273790952284,558497792,all,2000,0.9946151720395107,0.0425,0.0075,0.001,0.4,0.4
unstructured,mixed,0.8,0,2,2000,12000,bolt-inf,ok,12000,4.659273790952284,558497792,loading_q1,410,1.1446576980696836,0.04390243902439024,0.004878048780487805,0.0,0.4,0.4
unstructured,mixed,0.8,0,2,2000,12000,bolt-inf,ok,12000,4.659273790952284,558497792,loading_q2,379,0.9541717596823038,0.05013192612137203,0.0079155672823219,0.0,0.4,0.4
unstructured,mixed,0.8,0,2,2000,12000,bolt-inf,ok,12000,4.659273790952284,558497792,loading_q3,423,1.0599548393644134,0.03546099290780142,0.0070921985815602835,0.0,0.4,0.4
unstructured,mixed,0.8,0,2,2000,12000,bolt-inf,ok,12000,4.659273790952284,558497792,loading_q4,377,1.0304790559743093,0.03978779840848806,0.007957559681697613,0.0,0.4,0.4
unstructured,mixed,0.8,0,2,2000,12000,bolt-inf,ok,12000,4.659273790952284,558497792,loading_q5,411,0.8031773656623222,0.043795620437956206,0.009732360097323601,0.004866180048661801,0.4,0.4
unstructured,mixed,0.8,0,2,2000,12000,bolt-inf,ok,12000,4.659273790952284,558497792,maf_q1,386,1.0372106150018625,0.038860103626943004,0.007772020725388601,0.0025906735751295338,0.4,0.4
unstructured,mixed,0.8,0,2,2000,12000,bolt-inf,ok,12000,4.659273790952284,558497792,maf_q2,424,0.9108290954827013,0.04716981132075472,0.0023584905660377358,0.0,0.4,0.4
unstructured,mixed,0.8,0,2,2000,12000,bolt-inf,ok,12000,4.659273790952284,558497792,maf_q3,372,1.1334941634882925,0.0456989247311828,0.008064516129032258,0.0,0.4,0.4
unstructured,mixed,0.8,0,2,2000,12000,bolt-inf,ok,12000,4.659273790952284,558497792,maf_q4,410,1.0129005746496023,0.03170731707317073,0.00975609756097561,0.0,0.4,0.4
unstructured,mixed,0.8,0,2,2000,12000,bolt-inf,ok,12000,4.659273790952284,558497792,maf_q5,408,0.9326518993280872,0.049019607843137254,0.00980392156862745,0.0024509803921568627,0.4,0.4
unstructured,mixed,0.8,0,2,2000,12000,bolt-inf,ok,12000,4.659273790952284,558497792,ld_q1,388,1.0427646544058342,0.05670103092783505,0.010309278350515464,0.002577319587628866,0.4,0.4
unstructured,mixed,0.8,0,2,2000,12000,bolt-inf,ok,12000,4.659273790952284,558497792,ld_q2,422,0.9591883812817359,0.026066350710900472,0.004739336492890996,0.002369668246445498,0.4,0.4
unstructured,mixed,0.8,0,2,2000,12000,bolt-inf,ok,12000,4.659273790952284,558497792,ld_q3,378,0.8893209551281662,0.03439153439153439,0.005291005291005291,0.0,0.4,0.4
unstructured,mixed,0.8,0,2,2000,12000,bolt-inf,ok,12000,4.659273790952284,558497792,ld_q4,420,1.061927710683339,0.05952380952380952,0.009523809523809525,0.0,0.4,0.4
unstructured,mixed,0.8,0,2,2000,12000,bolt-inf,ok,12000,4.659273790952284,558497792,ld_q5,392,1.0359360024621727,0.03571428571428571,0.007653061224489796,0.0,0.4,0.4
unstructured,mixed,0.8,0,2,2000,12000,exact,ok,12000,11.380939166003373,827031552,all,2000,0.9658111600372927,0.0385,0.007,0.001,0.4,0.4
unstructured,mixed,0.8,0,2,2000,12000,exact,ok,12000,11.380939166003373,827031552,loading_q1,410,1.1106157770916745,0.03902439024390244,0.004878048780487805,0.0,0.4,0.4
unstructured,mixed,0.8,0,2,2000,12000,exact,ok,12000,11.380939166003373,827031552,loading_q2,379,0.9367138988731019,0.047493403693931395,0.0079155672823219,0.0,0.4,0.4
unstructured,mixed,0.8,0,2,2000,12000,exact,ok,12000,11.380939166003373,827031552,loading_q3,423,1.042902278101758,0.03546099290780142,0.0070921985815602835,0.0,0.4,0.4
unstructured,mixed,0.8,0,2,2000,12000,exact,ok,12000,11.380939166003373,827031552,loading_q4,377,1.008787020946845,0.034482758620689655,0.007957559681697613,0.0,0.4,0.4
unstructured,mixed,0.8,0,2,2000,12000,exact,ok,12000,11.380939166003373,827031552,loading_q5,411,0.7950232269781082,0.0364963503649635,0.0072992700729927005,0.004866180048661801,0.4,0.4
unstructured,mixed,0.8,0,2,2000,12000,exact,ok,12000,11.380939166003373,827031552,maf_q1,386,1.0192177934751556,0.03367875647668394,0.0051813471502590676,0.0025906735751295338,0.4,0.4
unstructured,mixed,0.8,0,2,2000,12000,exact,ok,12000,11.380939166003373,827031552,maf_q2,424,0.9092372740342992,0.04009433962264151,0.0023584905660377358,0.0,0.4,0.4
unstructured,mixed,0.8,0,2,2000,12000,exact,ok,12000,11.380939166003373,827031552,maf_q3,372,1.1066377987640361,0.043010752688172046,0.008064516129032258,0.0,0.4,0.4
unstructured,mixed,0.8,0,2,2000,12000,exact,ok,12000,11.380939166003373,827031552,maf_q4,410,0.9844532852172114,0.02926829268292683,0.00975609756097561,0.0,0.4,0.4
unstructured,mixed,0.8,0,2,2000,12000,exact,ok,12000,11.380939166003373,827031552,maf_q5,408,0.8983179464463233,0.04656862745098039,0.00980392156862745,0.0024509803921568627,0.4,0.4
unstructured,mixed,0.8,0,2,2000,12000,exact,ok,12000,11.380939166003373,827031552,ld_q1,388,1.0436214350289017,0.05670103092783505,0.010309278350515464,0.002577319587628866,0.4,0.4
unstructured,mixed,0.8,0,2,2000,12000,exact,ok,12000,11.380939166003373,827031552,ld_q2,422,0.9345586112583857,0.023696682464454975,0.004739336492890996,0.002369668246445498,0.4,0.4
unstructured,mixed,0.8,0,2,2000,12000,exact,ok,12000,11.380939166003373,827031552,ld_q3,378,0.8535964964068734,0.0291005291005291,0.005291005291005291,0.0,0.4,0.4
unstructured,mixed,0.8,0,2,2000,12000,exact,ok,12000,11.380939166003373,827031552,ld_q4,420,1.0440872772358676,0.05238095238095238,0.007142857142857143,0.0,0.4,0.4
unstructured,mixed,0.8,0,2,2000,12000,exact,ok,12000,11.380939166003373,827031552,ld_q5,392,1.019664652481545,0.030612244897959183,0.007653061224489796,0.0,0.4,0.4
unstructured,mixed,0.8,0,2,2000,12000,kvik,ok,12000,5.708836417004932,609746944,all,2000,0.9433017692174857,0.045,0.0075,0.0005,0.5,0.4
unstructured,mixed,0.8,0,2,2000,12000,kvik,ok,12000,5.708836417004932,609746944,loading_q1,410,1.0548078197924133,0.046341463414634146,0.004878048780487805,0.0,0.5,0.4
unstructured,mixed,0.8,0,2,2000,12000,kvik,ok,12000,5.708836417004932,609746944,loading_q2,379,0.9465773809308853,0.04221635883905013,0.002638522427440633,0.0,0.5,0.4
unstructured,mixed,0.8,0,2,2000,12000,kvik,ok,12000,5.708836417004932,609746944,loading_q3,423,0.9555455355399751,0.0425531914893617,0.004728132387706856,0.0,0.5,0.4
unstructured,mixed,0.8,0,2,2000,12000,kvik,ok,12000,5.708836417004932,609746944,loading_q4,377,0.9894509408160648,0.04509283819628647,0.010610079575596816,0.0,0.5,0.4
unstructured,mixed,0.8,0,2,2000,12000,kvik,ok,12000,5.708836417004932,609746944,loading_q5,411,0.7943690382049179,0.04866180048661801,0.014598540145985401,0.0024330900243309003,0.5,0.4
unstructured,mixed,0.8,0,2,2000,12000,kvik,ok,12000,5.708836417004932,609746944,maf_q1,386,1.103477555987075,0.04922279792746114,0.0051813471502590676,0.0,0.5,0.4
unstructured,mixed,0.8,0,2,2000,12000,kvik,ok,12000,5.708836417004932,609746944,maf_q2,424,0.9651852601922754,0.049528301886792456,0.01179245283018868,0.0,0.5,0.4
unstructured,mixed,0.8,0,2,2000,12000,kvik,ok,12000,5.708836417004932,609746944,maf_q3,372,0.7799163417529509,0.026881720430107527,0.0,0.0,0.5,0.4
unstructured,mixed,0.8,0,2,2000,12000,kvik,ok,12000,5.708836417004932,609746944,maf_q4,410,1.0328391252833502,0.046341463414634146,0.004878048780487805,0.0,0.5,0.4
unstructured,mixed,0.8,0,2,2000,12000,kvik,ok,12000,5.708836417004932,609746944,maf_q5,408,0.8858167153346118,0.051470588235294115,0.014705882352941176,0.0024509803921568627,0.5,0.4
unstructured,mixed,0.8,0,2,2000,12000,kvik,ok,12000,5.708836417004932,609746944,ld_q1,388,1.0391849642330853,0.04639175257731959,0.005154639175257732,0.0,0.5,0.4
unstructured,mixed,0.8,0,2,2000,12000,kvik,ok,12000,5.708836417004932,609746944,ld_q2,422,0.9811755335380128,0.035545023696682464,0.002369668246445498,0.002369668246445498,0.5,0.4
unstructured,mixed,0.8,0,2,2000,12000,kvik,ok,12000,5.708836417004932,609746944,ld_q3,378,0.8093490065771443,0.037037037037037035,0.010582010582010581,0.0,0.5,0.4
unstructured,mixed,0.8,0,2,2000,12000,kvik,ok,12000,5.708836417004932,609746944,ld_q4,420,0.9120656636609128,0.05714285714285714,0.011904761904761904,0.0,0.5,0.4
unstructured,mixed,0.8,0,2,2000,12000,kvik,ok,12000,5.708836417004932,609746944,ld_q5,392,1.0943065259042308,0.04846938775510204,0.007653061224489796,0.0,0.5,0.4
unstructured,mixed,0.8,0,2,2000,12000,ldak-kvik,ok,12000,1.505784374952782,86556672,all,2000,0.9539249874008474,0.047,0.0085,0.0005,0.5,0.4
unstructured,mixed,0.8,0,2,2000,12000,ldak-kvik,ok,12000,1.505784374952782,86556672,loading_q1,410,1.0662923172639167,0.05853658536585366,0.007317073170731708,0.0,0.5,0.4
unstructured,mixed,0.8,0,2,2000,12000,ldak-kvik,ok,12000,1.505784374952782,86556672,loading_q2,379,1.0431193752687349,0.0395778364116095,0.005277044854881266,0.0,0.5,0.4
unstructured,mixed,0.8,0,2,2000,12000,ldak-kvik,ok,12000,1.505784374952782,86556672,loading_q3,423,0.9523241900360585,0.03309692671394799,0.0070921985815602835,0.0,0.5,0.4
unstructured,mixed,0.8,0,2,2000,12000,ldak-kvik,ok,12000,1.505784374952782,86556672,loading_q4,377,0.9251767339061365,0.050397877984084884,0.007957559681697613,0.0,0.5,0.4
unstructured,mixed,0.8,0,2,2000,12000,ldak-kvik,ok,12000,1.505784374952782,86556672,loading_q5,411,0.7572224745653683,0.0535279805352798,0.014598540145985401,0.0024330900243309003,0.5,0.4
unstructured,mixed,0.8,0,2,2000,12000,ldak-kvik,ok,12000,1.505784374952782,86556672,maf_q1,386,1.0997074200873689,0.04922279792746114,0.0051813471502590676,0.0,0.5,0.4
unstructured,mixed,0.8,0,2,2000,12000,ldak-kvik,ok,12000,1.505784374952782,86556672,maf_q2,424,0.9787900369443965,0.0589622641509434,0.01650943396226415,0.0,0.5,0.4
unstructured,mixed,0.8,0,2,2000,12000,ldak-kvik,ok,12000,1.505784374952782,86556672,maf_q3,372,0.7541533162295111,0.03225806451612903,0.0,0.0,0.5,0.4
unstructured,mixed,0.8,0,2,2000,12000,ldak-kvik,ok,12000,1.505784374952782,86556672,maf_q4,410,1.0904263230811475,0.046341463414634146,0.007317073170731708,0.0,0.5,0.4
unstructured,mixed,0.8,0,2,2000,12000,ldak-kvik,ok,12000,1.505784374952782,86556672,maf_q5,408,0.8705878885577528,0.04656862745098039,0.012254901960784314,0.0024509803921568627,0.5,0.4
unstructured,mixed,0.8,0,2,2000,12000,ldak-kvik,ok,12000,1.505784374952782,86556672,ld_q1,388,1.1042768917817087,0.041237113402061855,0.002577319587628866,0.0,0.5,0.4
unstructured,mixed,0.8,0,2,2000,12000,ldak-kvik,ok,12000,1.505784374952782,86556672,ld_q2,422,0.9866760593873942,0.035545023696682464,0.002369668246445498,0.002369668246445498,0.5,0.4
unstructured,mixed,0.8,0,2,2000,12000,ldak-kvik,ok,12000,1.505784374952782,86556672,ld_q3,378,0.769663495559184,0.03968253968253968,0.007936507936507936,0.0,0.5,0.4
unstructured,mixed,0.8,0,2,2000,12000,ldak-kvik,ok,12000,1.505784374952782,86556672,ld_q4,420,0.8982268232673809,0.06190476190476191,0.01904761904761905,0.0,0.5,0.4
unstructured,mixed,0.8,0,2,2000,12000,ldak-kvik,ok,12000,1.505784374952782,86556672,ld_q5,392,1.1245562661534176,0.05612244897959184,0.01020408163265306,0.0,0.5,0.4
