case_index,threads,method,case,seed,n,m,cell,trait,rho,fst,n_tested,n_null,n_causal,h2,alpha,he_status,he_boundary,he_curvature_se_ratio,lambda_gc_all,lambda_gc_null,calibration_lambda,converged,cv_converged,loco_converged,cv_iterations,loco_iterations,cv_best,power_bonferroni,power_5e-8,null_rejection_0.05,null_rejection_0.01,null_rejection_0.001,wall_seconds,fit_seconds,peak_rss_bytes,user_seconds,system_seconds,cpu_wall_ratio,reported_threadpools,timing_repeats,wall_seconds_min,wall_seconds_max,fit_seconds_min,fit_seconds_max,peak_rss_bytes_min,peak_rss_bytes_max,user_seconds_min,user_seconds_max,system_seconds_min,system_seconds_max,cpu_wall_ratio_min,cpu_wall_ratio_max,speedup_vs_one_thread,parallel_efficiency
1,1,mixmogam-he,/Users/au507860/REPOS/mixmogam/benchmarks/results/20261003-hapnest-kvik-n50000/rho0.8_fst0_rep01/unstructured_mixed,20262486,50000,12000,unstructured,mixed,0.8,0,12000,2000,10,0.5125993284953004,-1.0,interior,none,151.31321848004015,3.722339363742361,0.936383520706268,1.0,,True,True,9,9,"[0.01, 0.5]",0.9,0.9,0.045,0.0095,0.001,25.840998125029728,22.183689582976513,3206971392.0,18.401082,5.054135,0.9303914780868638,[],3,23.59462954197079,26.49878849997185,20.485262707981747,22.35637387499446,3036610560.0,3307372544.0,18.052597,19.536798,4.205382,5.117449,0.9076745753594228,0.9433493736533087,1.0,1.0
1,1,ldak-kvik,/Users/au507860/REPOS/mixmogam/benchmarks/results/20261003-hapnest-kvik-n50000/rho0.8_fst0_rep01/unstructured_mixed,20262486,50000,12000,unstructured,mixed,0.8,0,12000,2000,10,0.2361,0.0,,,,3.7209975707549052,0.963178973222567,,,,,,,,0.9,0.9,0.046,0.011,0.001,22.913576666964218,,682409984.0,21.39699,0.626319,0.9583695076358903,[],3,21.946815124945715,24.392460124974605,,,682328064.0,682672128.0,19.60743,22.725154,0.566913,0.651836,0.9192378431742907,0.9611467175158311,1.0,1.0
2,1,ldak-kvik,/Users/au507860/REPOS/mixmogam/benchmarks/results/20261003-hapnest-kvik-n50000/rho0.8_fst0.05_rep01/confounded-pc_mixed,20262486,50000,12000,confounded-pc,mixed,0.8,0.05,12000,2000,10,0.229,-0.5,,,,3.2644585034867903,0.9654054323901633,,,,,,,,0.9,0.9,0.04,0.013,0.0005,26.542792916065082,,682098688.0,24.79238,0.691434,0.9596700724204054,[],3,25.044980583072174,27.97709916596068,,,682016768.0,685277184.0,23.600172999999998,26.038284,0.679944,0.7980769999999999,0.9592260026962124,0.9699191787922017,1.0,1.0
2,1,mixmogam-he,/Users/au507860/REPOS/mixmogam/benchmarks/results/20261003-hapnest-kvik-n50000/rho0.8_fst0.05_rep01/confounded-pc_mixed,20262486,50000,12000,confounded-pc,mixed,0.8,0.05,12000,2000,10,0.5208717458993155,-1.0,interior,none,179.17205031010465,3.489406127278731,1.0592567973037161,1.0,,True,True,10,9,"[0.01, 0.5]",0.9,0.9,0.0525,0.0105,0.0005,24.48135520797223,20.00824700004887,3363684352.0,18.337,5.445816,0.9545291326866069,[],3,23.665997832955327,28.73029650002718,19.882368334045168,24.94992145895958,2687516672.0,3512336384.0,17.249832,21.978089,4.415763,5.492659,0.9289718974623604,0.9614115221592884,1.0,1.0
1,2,ldak-kvik,/Users/au507860/REPOS/mixmogam/benchmarks/results/20261003-hapnest-kvik-n50000/rho0.8_fst0_rep01/unstructured_mixed,20262486,50000,12000,unstructured,mixed,0.8,0,12000,2000,10,0.2361,0.0,,,,3.7209975707549052,0.963178973222567,,,,,,,,0.9,0.9,0.046,0.011,0.001,17.457078834006097,,682475520.0,21.452728999999998,0.6610269999999999,1.2864635127863995,[],3,17.189571083988994,18.724359416984953,,,681738240.0,683917312.0,20.75108,23.655770999999998,0.6169389999999999,0.710139,1.2240317640300424,1.3012947176124792,1.3125664886343387,0.6562832443171693
1,2,mixmogam-he,/Users/au507860/REPOS/mixmogam/benchmarks/results/20261003-hapnest-kvik-n50000/rho0.8_fst0_rep01/unstructured_mixed,20262486,50000,12000,unstructured,mixed,0.8,0,12000,2000,10,0.5125993284953004,-1.0,interior,none,151.31321848004015,3.722339363742361,0.936383520706268,1.0,,True,True,9,9,"[0.01, 0.5]",0.9,0.9,0.045,0.0095,0.001,26.670402291987557,21.72135437495308,3073212416.0,18.681366,5.047486,0.9442811634625861,[],3,24.74642183299875,26.86255420796806,20.53180999995675,23.624254958005622,2751676416.0,3159261184.0,17.524915,21.661845,4.946311,5.842665,0.8897073145060406,0.9905296344495567,0.9689017001739414,0.4844508500869707
2,2,mixmogam-he,/Users/au507860/REPOS/mixmogam/benchmarks/results/20261003-hapnest-kvik-n50000/rho0.8_fst0.05_rep01/confounded-pc_mixed,20262486,50000,12000,confounded-pc,mixed,0.8,0.05,12000,2000,10,0.5208717458993155,-1.0,interior,none,179.17205031010465,3.489406127278731,1.0592567973037161,1.0,,True,True,10,9,"[0.01, 0.5]",0.9,0.9,0.0525,0.0105,0.0005,26.051475208019838,22.848247374990024,3306471424.0,20.531023,5.411344,0.9630375822910893,[],3,24.17832120798994,31.08352891600225,20.48121345898835,26.709350374992937,2644803584.0,3376168960.0,17.873288,22.642269,5.118318,6.721469,0.944671954054841,0.9845638604029593,0.9397300925375521,0.46986504626877607
2,2,ldak-kvik,/Users/au507860/REPOS/mixmogam/benchmarks/results/20261003-hapnest-kvik-n50000/rho0.8_fst0.05_rep01/confounded-pc_mixed,20262486,50000,12000,confounded-pc,mixed,0.8,0.05,12000,2000,10,0.229,-0.5,,,,3.2644585034867903,0.9654054323901633,,,,,,,,0.9,0.9,0.04,0.013,0.0005,21.43226595898159,,683245568.0,26.819145,0.7389009999999999,1.2869020033992986,[],3,20.687441165966447,21.594547708984464,,,682967040.0,686407680.0,26.019048,26.92681,0.7009509999999999,0.7620809999999999,1.2793859529878184,1.293439279673715,1.2384501464690827,0.6192250732345413
1,4,mixmogam-he,/Users/au507860/REPOS/mixmogam/benchmarks/results/20261003-hapnest-kvik-n50000/rho0.8_fst0_rep01/unstructured_mixed,20262486,50000,12000,unstructured,mixed,0.8,0,12000,2000,10,0.5125993284953004,-1.0,interior,none,151.31321848004015,3.722339363742361,0.936383520706268,1.0,,True,True,9,9,"[0.01, 0.5]",0.9,0.9,0.045,0.0095,0.001,27.04550945799565,23.410571500018705,3147644928.0,20.718783,5.019827,0.9738590959325432,[],3,25.200532707967795,27.666843791026622,22.0617793329875,23.779364917019848,2992766976.0,3489398784.0,20.155891,21.669353,4.385877,5.798602,0.9584535626937165,0.9868248199003585,0.9554635369381136,0.2388658842345284
1,4,ldak-kvik,/Users/au507860/REPOS/mixmogam/benchmarks/results/20261003-hapnest-kvik-n50000/rho0.8_fst0_rep01/unstructured_mixed,20262486,50000,12000,unstructured,mixed,0.8,0,12000,2000,10,0.2361,0.0,,,,3.7209975707549052,0.963178973222567,,,,,,,,0.9,0.9,0.046,0.011,0.001,17.453295958053786,,680411136.0,20.536310999999998,0.6520549999999999,1.239040614967274,[],3,16.40675999998348,19.911116958013736,,,679936000.0,683048960.0,19.692981,24.274848000000002,0.6356609999999999,0.783428,1.2140037074328458,1.2585067956177447,1.3128509779489985,0.32821274448724963
2,4,ldak-kvik,/Users/au507860/REPOS/mixmogam/benchmarks/results/20261003-hapnest-kvik-n50000/rho0.8_fst0.05_rep01/confounded-pc_mixed,20262486,50000,12000,confounded-pc,mixed,0.8,0.05,12000,2000,10,0.229,-0.5,,,,3.2644585034867903,0.9654054323901633,,,,,,,,0.9,0.9,0.04,0.013,0.0005,20.81528545898618,,682524672.0,25.560956,0.859838,1.2605556742806856,[],3,17.810902333061676,23.189700082992204,,,682131456.0,682819584.0,21.843016,27.137707,0.608618,0.9157569999999999,1.2097381121619153,1.2692977020208898,1.275158727386382,0.3187896818465955
2,4,mixmogam-he,/Users/au507860/REPOS/mixmogam/benchmarks/results/20261003-hapnest-kvik-n50000/rho0.8_fst0.05_rep01/confounded-pc_mixed,20262486,50000,12000,confounded-pc,mixed,0.8,0.05,12000,2000,10,0.5208717458993155,-1.0,interior,none,179.17205031010465,3.489406127278731,1.0592567973037161,1.0,,True,True,10,9,"[0.01, 0.5]",0.9,0.9,0.0525,0.0105,0.0005,26.396396833006293,23.321291416999884,3151364096.0,20.61549,5.166589,0.9767272087591083,[],3,25.33958441601135,30.065993416996207,22.05538237496512,25.464482041017618,3039576064.0,3210739712.0,20.205745,22.200793,4.670597,6.35541,0.9497841166910278,0.9817186261461085,0.9274506427089519,0.23186266067723799
1,8,ldak-kvik,/Users/au507860/REPOS/mixmogam/benchmarks/results/20261003-hapnest-kvik-n50000/rho0.8_fst0_rep01/unstructured_mixed,20262486,50000,12000,unstructured,mixed,0.8,0,12000,2000,10,0.2361,0.0,,,,3.7209975707549052,0.963178973222567,,,,,,,,0.9,0.9,0.046,0.011,0.001,15.14379724994069,,681377792.0,19.387633,0.643916,1.319636592472094,[],3,14.799136417976115,16.981688209052663,,,679968768.0,684277760.0,18.78624,21.825281999999998,0.596676,0.673639,1.3129249877309537,1.324893068523434,1.5130667882557631,0.1891333485319704
1,8,mixmogam-he,/Users/au507860/REPOS/mixmogam/benchmarks/results/20261003-hapnest-kvik-n50000/rho0.8_fst0_rep01/unstructured_mixed,20262486,50000,12000,unstructured,mixed,0.8,0,12000,2000,10,0.5125993284953004,-1.0,interior,none,151.31321848004015,3.722339363742361,0.936383520706268,1.0,,True,True,9,9,"[0.01, 0.5]",0.9,0.9,0.045,0.0095,0.001,26.495924458024092,22.78479895798955,3001368576.0,21.054195,4.833206,0.9770333185019402,[],3,23.81390879204264,29.490721333015244,20.658501332974993,25.479225541988853,2923102208.0,3347496960.0,18.849102,21.891987,4.435946,6.334118,0.9571181620573149,0.9777919367769076,0.9752819972735081,0.12191024965918851
2,8,mixmogam-he,/Users/au507860/REPOS/mixmogam/benchmarks/results/20261003-hapnest-kvik-n50000/rho0.8_fst0.05_rep01/confounded-pc_mixed,20262486,50000,12000,confounded-pc,mixed,0.8,0.05,12000,2000,10,0.5208717458993155,-1.0,interior,none,179.17205031010465,3.489406127278731,1.0592567973037161,1.0,,True,True,10,9,"[0.01, 0.5]",0.9,0.9,0.0525,0.0105,0.0005,23.49505141598638,20.286177832982503,3017801728.0,18.577776,4.630284,0.9664991974883732,[],3,23.413583874993492,27.24442820897093,20.27026537497295,23.73398591700243,2842017792.0,3236757504.0,17.996908,21.107531,4.517438,5.224187,0.9664130071162073,0.9829820582680519,1.0419792140277995,0.13024740175347493
2,8,ldak-kvik,/Users/au507860/REPOS/mixmogam/benchmarks/results/20261003-hapnest-kvik-n50000/rho0.8_fst0.05_rep01/confounded-pc_mixed,20262486,50000,12000,confounded-pc,mixed,0.8,0.05,12000,2000,10,0.229,-0.5,,,,3.2644585034867903,0.9654054323901633,,,,,,,,0.9,0.9,0.04,0.013,0.0005,21.57553774997359,,683966464.0,26.734403999999998,0.8590429999999999,1.2793543010635755,[],3,18.257216915953904,21.696096208004747,,,682229760.0,684113920.0,22.898251000000002,26.858907000000002,0.751511,0.898087,1.2789227930151486,1.295365121029694,1.2302262508426967,0.15377828135533708
