case_index,rep,threads,thread_order,order,method,schedule_index,case,seed,n,m,cell,trait,rho,fst,n_tested,n_null,n_causal,h2,alpha,he_status,he_boundary,he_curvature_se_ratio,lambda_gc_all,lambda_gc_null,calibration_lambda,converged,cv_converged,loco_converged,cv_iterations,loco_iterations,cv_best,power_bonferroni,power_5e-8,null_rejection_0.05,null_rejection_0.01,null_rejection_0.001,wall_seconds,fit_seconds,peak_rss_bytes,user_seconds,system_seconds,cpu_wall_ratio,reported_threadpools
1,1,1,1,1,mixmogam-he,1,/Users/au507860/REPOS/mixmogam/benchmarks/results/20261003-hapnest-kvik-n50000/rho0.8_fst0_rep01/unstructured_mixed,20262486,50000,12000,unstructured,mixed,0.8,0,12000,2000,10,0.5125993284953004,-1.0,interior,none,151.31321848004015,3.722339363742361,0.936383520706268,1.0,,True,True,9,9,"[0.01, 0.5]",0.9,0.9,0.045,0.0095,0.001,26.49878849997185,22.35637387499446,3307372544,19.536798,5.117449,0.9303914780868638,[]
1,1,1,1,2,ldak-kvik,2,/Users/au507860/REPOS/mixmogam/benchmarks/results/20261003-hapnest-kvik-n50000/rho0.8_fst0_rep01/unstructured_mixed,20262486,50000,12000,unstructured,mixed,0.8,0,12000,2000,10,0.2361,0.0,,,,3.7209975707549052,0.963178973222567,,,,,,,,0.9,0.9,0.046,0.011,0.001,21.946815124945715,,682409984,19.60743,0.566913,0.9192378431742907,[]
1,1,2,2,1,ldak-kvik,3,/Users/au507860/REPOS/mixmogam/benchmarks/results/20261003-hapnest-kvik-n50000/rho0.8_fst0_rep01/unstructured_mixed,20262486,50000,12000,unstructured,mixed,0.8,0,12000,2000,10,0.2361,0.0,,,,3.7209975707549052,0.963178973222567,,,,,,,,0.9,0.9,0.046,0.011,0.001,17.189571083988994,,682475520,21.452728999999998,0.6610269999999999,1.2864635127863995,[]
1,1,2,2,2,mixmogam-he,4,/Users/au507860/REPOS/mixmogam/benchmarks/results/20261003-hapnest-kvik-n50000/rho0.8_fst0_rep01/unstructured_mixed,20262486,50000,12000,unstructured,mixed,0.8,0,12000,2000,10,0.5125993284953004,-1.0,interior,none,151.31321848004015,3.722339363742361,0.936383520706268,1.0,,True,True,9,9,"[0.01, 0.5]",0.9,0.9,0.045,0.0095,0.001,26.670402291987557,20.53180999995675,3159261184,18.681366,5.047486,0.8897073145060406,[]
1,1,8,3,1,ldak-kvik,5,/Users/au507860/REPOS/mixmogam/benchmarks/results/20261003-hapnest-kvik-n50000/rho0.8_fst0_rep01/unstructured_mixed,20262486,50000,12000,unstructured,mixed,0.8,0,12000,2000,10,0.2361,0.0,,,,3.7209975707549052,0.963178973222567,,,,,,,,0.9,0.9,0.046,0.011,0.001,16.981688209052663,,684277760,21.825281999999998,0.673639,1.324893068523434,[]
1,1,8,3,2,mixmogam-he,6,/Users/au507860/REPOS/mixmogam/benchmarks/results/20261003-hapnest-kvik-n50000/rho0.8_fst0_rep01/unstructured_mixed,20262486,50000,12000,unstructured,mixed,0.8,0,12000,2000,10,0.5125993284953004,-1.0,interior,none,151.31321848004015,3.722339363742361,0.936383520706268,1.0,,True,True,9,9,"[0.01, 0.5]",0.9,0.9,0.045,0.0095,0.001,29.490721333015244,25.479225541988853,2923102208,21.891987,6.334118,0.9571181620573149,[]
1,1,4,4,1,mixmogam-he,7,/Users/au507860/REPOS/mixmogam/benchmarks/results/20261003-hapnest-kvik-n50000/rho0.8_fst0_rep01/unstructured_mixed,20262486,50000,12000,unstructured,mixed,0.8,0,12000,2000,10,0.5125993284953004,-1.0,interior,none,151.31321848004015,3.722339363742361,0.936383520706268,1.0,,True,True,9,9,"[0.01, 0.5]",0.9,0.9,0.045,0.0095,0.001,27.666843791026622,23.779364917019848,2992766976,20.718783,5.798602,0.9584535626937165,[]
1,1,4,4,2,ldak-kvik,8,/Users/au507860/REPOS/mixmogam/benchmarks/results/20261003-hapnest-kvik-n50000/rho0.8_fst0_rep01/unstructured_mixed,20262486,50000,12000,unstructured,mixed,0.8,0,12000,2000,10,0.2361,0.0,,,,3.7209975707549052,0.963178973222567,,,,,,,,0.9,0.9,0.046,0.011,0.001,16.40675999998348,,680411136,19.692981,0.6356609999999999,1.239040614967274,[]
2,1,4,1,1,ldak-kvik,9,/Users/au507860/REPOS/mixmogam/benchmarks/results/20261003-hapnest-kvik-n50000/rho0.8_fst0.05_rep01/confounded-pc_mixed,20262486,50000,12000,confounded-pc,mixed,0.8,0.05,12000,2000,10,0.229,-0.5,,,,3.2644585034867903,0.9654054323901633,,,,,,,,0.9,0.9,0.04,0.013,0.0005,23.189700082992204,,682524672,27.137707,0.9157569999999999,1.2097381121619153,[]
2,1,4,1,2,mixmogam-he,10,/Users/au507860/REPOS/mixmogam/benchmarks/results/20261003-hapnest-kvik-n50000/rho0.8_fst0.05_rep01/confounded-pc_mixed,20262486,50000,12000,confounded-pc,mixed,0.8,0.05,12000,2000,10,0.5208717458993155,-1.0,interior,none,179.17205031010465,3.489406127278731,1.0592567973037161,1.0,,True,True,10,9,"[0.01, 0.5]",0.9,0.9,0.0525,0.0105,0.0005,30.065993416996207,25.464482041017618,3210739712,22.200793,6.35541,0.9497841166910278,[]
2,1,8,2,1,mixmogam-he,11,/Users/au507860/REPOS/mixmogam/benchmarks/results/20261003-hapnest-kvik-n50000/rho0.8_fst0.05_rep01/confounded-pc_mixed,20262486,50000,12000,confounded-pc,mixed,0.8,0.05,12000,2000,10,0.5208717458993155,-1.0,interior,none,179.17205031010465,3.489406127278731,1.0592567973037161,1.0,,True,True,10,9,"[0.01, 0.5]",0.9,0.9,0.0525,0.0105,0.0005,23.413583874993492,20.27026537497295,2842017792,17.996908,4.630284,0.9664130071162073,[]
2,1,8,2,2,ldak-kvik,12,/Users/au507860/REPOS/mixmogam/benchmarks/results/20261003-hapnest-kvik-n50000/rho0.8_fst0.05_rep01/confounded-pc_mixed,20262486,50000,12000,confounded-pc,mixed,0.8,0.05,12000,2000,10,0.229,-0.5,,,,3.2644585034867903,0.9654054323901633,,,,,,,,0.9,0.9,0.04,0.013,0.0005,21.696096208004747,,683966464,26.858907000000002,0.898087,1.2793543010635755,[]
2,1,2,3,1,mixmogam-he,13,/Users/au507860/REPOS/mixmogam/benchmarks/results/20261003-hapnest-kvik-n50000/rho0.8_fst0.05_rep01/confounded-pc_mixed,20262486,50000,12000,confounded-pc,mixed,0.8,0.05,12000,2000,10,0.5208717458993155,-1.0,interior,none,179.17205031010465,3.489406127278731,1.0592567973037161,1.0,,True,True,10,9,"[0.01, 0.5]",0.9,0.9,0.0525,0.0105,0.0005,31.08352891600225,26.709350374992937,2644803584,22.642269,6.721469,0.944671954054841,[]
2,1,2,3,2,ldak-kvik,14,/Users/au507860/REPOS/mixmogam/benchmarks/results/20261003-hapnest-kvik-n50000/rho0.8_fst0.05_rep01/confounded-pc_mixed,20262486,50000,12000,confounded-pc,mixed,0.8,0.05,12000,2000,10,0.229,-0.5,,,,3.2644585034867903,0.9654054323901633,,,,,,,,0.9,0.9,0.04,0.013,0.0005,20.687441165966447,,686407680,26.019048,0.7389009999999999,1.293439279673715,[]
2,1,1,4,1,ldak-kvik,15,/Users/au507860/REPOS/mixmogam/benchmarks/results/20261003-hapnest-kvik-n50000/rho0.8_fst0.05_rep01/confounded-pc_mixed,20262486,50000,12000,confounded-pc,mixed,0.8,0.05,12000,2000,10,0.229,-0.5,,,,3.2644585034867903,0.9654054323901633,,,,,,,,0.9,0.9,0.04,0.013,0.0005,27.97709916596068,,685277184,26.038284,0.7980769999999999,0.9592260026962124,[]
2,1,1,4,2,mixmogam-he,16,/Users/au507860/REPOS/mixmogam/benchmarks/results/20261003-hapnest-kvik-n50000/rho0.8_fst0.05_rep01/confounded-pc_mixed,20262486,50000,12000,confounded-pc,mixed,0.8,0.05,12000,2000,10,0.5208717458993155,-1.0,interior,none,179.17205031010465,3.489406127278731,1.0592567973037161,1.0,,True,True,10,9,"[0.01, 0.5]",0.9,0.9,0.0525,0.0105,0.0005,24.48135520797223,19.882368334045168,2687516672,17.249832,5.492659,0.9289718974623604,[]
1,2,2,1,1,mixmogam-he,17,/Users/au507860/REPOS/mixmogam/benchmarks/results/20261003-hapnest-kvik-n50000/rho0.8_fst0_rep01/unstructured_mixed,20262486,50000,12000,unstructured,mixed,0.8,0,12000,2000,10,0.5125993284953004,-1.0,interior,none,151.31321848004015,3.722339363742361,0.936383520706268,1.0,,True,True,9,9,"[0.01, 0.5]",0.9,0.9,0.045,0.0095,0.001,24.74642183299875,21.72135437495308,2751676416,17.524915,5.842665,0.9442811634625861,[]
1,2,2,1,2,ldak-kvik,18,/Users/au507860/REPOS/mixmogam/benchmarks/results/20261003-hapnest-kvik-n50000/rho0.8_fst0_rep01/unstructured_mixed,20262486,50000,12000,unstructured,mixed,0.8,0,12000,2000,10,0.2361,0.0,,,,3.7209975707549052,0.963178973222567,,,,,,,,0.9,0.9,0.046,0.011,0.001,17.457078834006097,,681738240,20.75108,0.6169389999999999,1.2240317640300424,[]
1,2,4,2,1,ldak-kvik,19,/Users/au507860/REPOS/mixmogam/benchmarks/results/20261003-hapnest-kvik-n50000/rho0.8_fst0_rep01/unstructured_mixed,20262486,50000,12000,unstructured,mixed,0.8,0,12000,2000,10,0.2361,0.0,,,,3.7209975707549052,0.963178973222567,,,,,,,,0.9,0.9,0.046,0.011,0.001,17.453295958053786,,679936000,20.536310999999998,0.6520549999999999,1.2140037074328458,[]
1,2,4,2,2,mixmogam-he,20,/Users/au507860/REPOS/mixmogam/benchmarks/results/20261003-hapnest-kvik-n50000/rho0.8_fst0_rep01/unstructured_mixed,20262486,50000,12000,unstructured,mixed,0.8,0,12000,2000,10,0.5125993284953004,-1.0,interior,none,151.31321848004015,3.722339363742361,0.936383520706268,1.0,,True,True,9,9,"[0.01, 0.5]",0.9,0.9,0.045,0.0095,0.001,27.04550945799565,23.410571500018705,3147644928,21.669353,5.019827,0.9868248199003585,[]
1,2,1,3,1,ldak-kvik,21,/Users/au507860/REPOS/mixmogam/benchmarks/results/20261003-hapnest-kvik-n50000/rho0.8_fst0_rep01/unstructured_mixed,20262486,50000,12000,unstructured,mixed,0.8,0,12000,2000,10,0.2361,0.0,,,,3.7209975707549052,0.963178973222567,,,,,,,,0.9,0.9,0.046,0.011,0.001,24.392460124974605,,682328064,22.725154,0.651836,0.9583695076358903,[]
1,2,1,3,2,mixmogam-he,22,/Users/au507860/REPOS/mixmogam/benchmarks/results/20261003-hapnest-kvik-n50000/rho0.8_fst0_rep01/unstructured_mixed,20262486,50000,12000,unstructured,mixed,0.8,0,12000,2000,10,0.5125993284953004,-1.0,interior,none,151.31321848004015,3.722339363742361,0.936383520706268,1.0,,True,True,9,9,"[0.01, 0.5]",0.9,0.9,0.045,0.0095,0.001,23.59462954197079,20.485262707981747,3036610560,18.052597,4.205382,0.9433493736533087,[]
1,2,8,4,1,mixmogam-he,23,/Users/au507860/REPOS/mixmogam/benchmarks/results/20261003-hapnest-kvik-n50000/rho0.8_fst0_rep01/unstructured_mixed,20262486,50000,12000,unstructured,mixed,0.8,0,12000,2000,10,0.5125993284953004,-1.0,interior,none,151.31321848004015,3.722339363742361,0.936383520706268,1.0,,True,True,9,9,"[0.01, 0.5]",0.9,0.9,0.045,0.0095,0.001,26.495924458024092,22.78479895798955,3347496960,21.054195,4.833206,0.9770333185019402,[]
1,2,8,4,2,ldak-kvik,24,/Users/au507860/REPOS/mixmogam/benchmarks/results/20261003-hapnest-kvik-n50000/rho0.8_fst0_rep01/unstructured_mixed,20262486,50000,12000,unstructured,mixed,0.8,0,12000,2000,10,0.2361,0.0,,,,3.7209975707549052,0.963178973222567,,,,,,,,0.9,0.9,0.046,0.011,0.001,14.799136417976115,,679968768,18.78624,0.643916,1.3129249877309537,[]
2,2,8,1,1,ldak-kvik,25,/Users/au507860/REPOS/mixmogam/benchmarks/results/20261003-hapnest-kvik-n50000/rho0.8_fst0.05_rep01/confounded-pc_mixed,20262486,50000,12000,confounded-pc,mixed,0.8,0.05,12000,2000,10,0.229,-0.5,,,,3.2644585034867903,0.9654054323901633,,,,,,,,0.9,0.9,0.04,0.013,0.0005,21.57553774997359,,682229760,26.734403999999998,0.8590429999999999,1.2789227930151486,[]
2,2,8,1,2,mixmogam-he,26,/Users/au507860/REPOS/mixmogam/benchmarks/results/20261003-hapnest-kvik-n50000/rho0.8_fst0.05_rep01/confounded-pc_mixed,20262486,50000,12000,confounded-pc,mixed,0.8,0.05,12000,2000,10,0.5208717458993155,-1.0,interior,none,179.17205031010465,3.489406127278731,1.0592567973037161,1.0,,True,True,10,9,"[0.01, 0.5]",0.9,0.9,0.0525,0.0105,0.0005,23.49505141598638,20.286177832982503,3017801728,18.577776,4.517438,0.9829820582680519,[]
2,2,1,2,1,mixmogam-he,27,/Users/au507860/REPOS/mixmogam/benchmarks/results/20261003-hapnest-kvik-n50000/rho0.8_fst0.05_rep01/confounded-pc_mixed,20262486,50000,12000,confounded-pc,mixed,0.8,0.05,12000,2000,10,0.5208717458993155,-1.0,interior,none,179.17205031010465,3.489406127278731,1.0592567973037161,1.0,,True,True,10,9,"[0.01, 0.5]",0.9,0.9,0.0525,0.0105,0.0005,23.665997832955327,20.00824700004887,3512336384,18.337,4.415763,0.9614115221592884,[]
2,2,1,2,2,ldak-kvik,28,/Users/au507860/REPOS/mixmogam/benchmarks/results/20261003-hapnest-kvik-n50000/rho0.8_fst0.05_rep01/confounded-pc_mixed,20262486,50000,12000,confounded-pc,mixed,0.8,0.05,12000,2000,10,0.229,-0.5,,,,3.2644585034867903,0.9654054323901633,,,,,,,,0.9,0.9,0.04,0.013,0.0005,25.044980583072174,,682016768,23.600172999999998,0.691434,0.9699191787922017,[]
2,2,4,3,1,mixmogam-he,29,/Users/au507860/REPOS/mixmogam/benchmarks/results/20261003-hapnest-kvik-n50000/rho0.8_fst0.05_rep01/confounded-pc_mixed,20262486,50000,12000,confounded-pc,mixed,0.8,0.05,12000,2000,10,0.5208717458993155,-1.0,interior,none,179.17205031010465,3.489406127278731,1.0592567973037161,1.0,,True,True,10,9,"[0.01, 0.5]",0.9,0.9,0.0525,0.0105,0.0005,25.33958441601135,22.05538237496512,3151364096,20.205745,4.670597,0.9817186261461085,[]
2,2,4,3,2,ldak-kvik,30,/Users/au507860/REPOS/mixmogam/benchmarks/results/20261003-hapnest-kvik-n50000/rho0.8_fst0.05_rep01/confounded-pc_mixed,20262486,50000,12000,confounded-pc,mixed,0.8,0.05,12000,2000,10,0.229,-0.5,,,,3.2644585034867903,0.9654054323901633,,,,,,,,0.9,0.9,0.04,0.013,0.0005,17.810902333061676,,682131456,21.843016,0.608618,1.2605556742806856,[]
2,2,2,4,1,ldak-kvik,31,/Users/au507860/REPOS/mixmogam/benchmarks/results/20261003-hapnest-kvik-n50000/rho0.8_fst0.05_rep01/confounded-pc_mixed,20262486,50000,12000,confounded-pc,mixed,0.8,0.05,12000,2000,10,0.229,-0.5,,,,3.2644585034867903,0.9654054323901633,,,,,,,,0.9,0.9,0.04,0.013,0.0005,21.594547708984464,,682967040,26.92681,0.7009509999999999,1.2793859529878184,[]
2,2,2,4,2,mixmogam-he,32,/Users/au507860/REPOS/mixmogam/benchmarks/results/20261003-hapnest-kvik-n50000/rho0.8_fst0.05_rep01/confounded-pc_mixed,20262486,50000,12000,confounded-pc,mixed,0.8,0.05,12000,2000,10,0.5208717458993155,-1.0,interior,none,179.17205031010465,3.489406127278731,1.0592567973037161,1.0,,True,True,10,9,"[0.01, 0.5]",0.9,0.9,0.0525,0.0105,0.0005,26.051475208019838,22.848247374990024,3376168960,20.531023,5.118318,0.9845638604029593,[]
1,3,4,1,1,mixmogam-he,33,/Users/au507860/REPOS/mixmogam/benchmarks/results/20261003-hapnest-kvik-n50000/rho0.8_fst0_rep01/unstructured_mixed,20262486,50000,12000,unstructured,mixed,0.8,0,12000,2000,10,0.5125993284953004,-1.0,interior,none,151.31321848004015,3.722339363742361,0.936383520706268,1.0,,True,True,9,9,"[0.01, 0.5]",0.9,0.9,0.045,0.0095,0.001,25.200532707967795,22.0617793329875,3489398784,20.155891,4.385877,0.9738590959325432,[]
1,3,4,1,2,ldak-kvik,34,/Users/au507860/REPOS/mixmogam/benchmarks/results/20261003-hapnest-kvik-n50000/rho0.8_fst0_rep01/unstructured_mixed,20262486,50000,12000,unstructured,mixed,0.8,0,12000,2000,10,0.2361,0.0,,,,3.7209975707549052,0.963178973222567,,,,,,,,0.9,0.9,0.046,0.011,0.001,19.911116958013736,,683048960,24.274848000000002,0.783428,1.2585067956177447,[]
1,3,8,2,1,ldak-kvik,35,/Users/au507860/REPOS/mixmogam/benchmarks/results/20261003-hapnest-kvik-n50000/rho0.8_fst0_rep01/unstructured_mixed,20262486,50000,12000,unstructured,mixed,0.8,0,12000,2000,10,0.2361,0.0,,,,3.7209975707549052,0.963178973222567,,,,,,,,0.9,0.9,0.046,0.011,0.001,15.14379724994069,,681377792,19.387633,0.596676,1.319636592472094,[]
1,3,8,2,2,mixmogam-he,36,/Users/au507860/REPOS/mixmogam/benchmarks/results/20261003-hapnest-kvik-n50000/rho0.8_fst0_rep01/unstructured_mixed,20262486,50000,12000,unstructured,mixed,0.8,0,12000,2000,10,0.5125993284953004,-1.0,interior,none,151.31321848004015,3.722339363742361,0.936383520706268,1.0,,True,True,9,9,"[0.01, 0.5]",0.9,0.9,0.045,0.0095,0.001,23.81390879204264,20.658501332974993,3001368576,18.849102,4.435946,0.9777919367769076,[]
1,3,2,3,1,ldak-kvik,37,/Users/au507860/REPOS/mixmogam/benchmarks/results/20261003-hapnest-kvik-n50000/rho0.8_fst0_rep01/unstructured_mixed,20262486,50000,12000,unstructured,mixed,0.8,0,12000,2000,10,0.2361,0.0,,,,3.7209975707549052,0.963178973222567,,,,,,,,0.9,0.9,0.046,0.011,0.001,18.724359416984953,,683917312,23.655770999999998,0.710139,1.3012947176124792,[]
1,3,2,3,2,mixmogam-he,38,/Users/au507860/REPOS/mixmogam/benchmarks/results/20261003-hapnest-kvik-n50000/rho0.8_fst0_rep01/unstructured_mixed,20262486,50000,12000,unstructured,mixed,0.8,0,12000,2000,10,0.5125993284953004,-1.0,interior,none,151.31321848004015,3.722339363742361,0.936383520706268,1.0,,True,True,9,9,"[0.01, 0.5]",0.9,0.9,0.045,0.0095,0.001,26.86255420796806,23.624254958005622,3073212416,21.661845,4.946311,0.9905296344495567,[]
1,3,1,4,1,mixmogam-he,39,/Users/au507860/REPOS/mixmogam/benchmarks/results/20261003-hapnest-kvik-n50000/rho0.8_fst0_rep01/unstructured_mixed,20262486,50000,12000,unstructured,mixed,0.8,0,12000,2000,10,0.5125993284953004,-1.0,interior,none,151.31321848004015,3.722339363742361,0.936383520706268,1.0,,True,True,9,9,"[0.01, 0.5]",0.9,0.9,0.045,0.0095,0.001,25.840998125029728,22.183689582976513,3206971392,18.401082,5.054135,0.9076745753594228,[]
1,3,1,4,2,ldak-kvik,40,/Users/au507860/REPOS/mixmogam/benchmarks/results/20261003-hapnest-kvik-n50000/rho0.8_fst0_rep01/unstructured_mixed,20262486,50000,12000,unstructured,mixed,0.8,0,12000,2000,10,0.2361,0.0,,,,3.7209975707549052,0.963178973222567,,,,,,,,0.9,0.9,0.046,0.011,0.001,22.913576666964218,,682672128,21.39699,0.626319,0.9611467175158311,[]
2,3,1,1,1,ldak-kvik,41,/Users/au507860/REPOS/mixmogam/benchmarks/results/20261003-hapnest-kvik-n50000/rho0.8_fst0.05_rep01/confounded-pc_mixed,20262486,50000,12000,confounded-pc,mixed,0.8,0.05,12000,2000,10,0.229,-0.5,,,,3.2644585034867903,0.9654054323901633,,,,,,,,0.9,0.9,0.04,0.013,0.0005,26.542792916065082,,682098688,24.79238,0.679944,0.9596700724204054,[]
2,3,1,1,2,mixmogam-he,42,/Users/au507860/REPOS/mixmogam/benchmarks/results/20261003-hapnest-kvik-n50000/rho0.8_fst0.05_rep01/confounded-pc_mixed,20262486,50000,12000,confounded-pc,mixed,0.8,0.05,12000,2000,10,0.5208717458993155,-1.0,interior,none,179.17205031010465,3.489406127278731,1.0592567973037161,1.0,,True,True,10,9,"[0.01, 0.5]",0.9,0.9,0.0525,0.0105,0.0005,28.73029650002718,24.94992145895958,3363684352,21.978089,5.445816,0.9545291326866069,[]
2,3,2,2,1,mixmogam-he,43,/Users/au507860/REPOS/mixmogam/benchmarks/results/20261003-hapnest-kvik-n50000/rho0.8_fst0.05_rep01/confounded-pc_mixed,20262486,50000,12000,confounded-pc,mixed,0.8,0.05,12000,2000,10,0.5208717458993155,-1.0,interior,none,179.17205031010465,3.489406127278731,1.0592567973037161,1.0,,True,True,10,9,"[0.01, 0.5]",0.9,0.9,0.0525,0.0105,0.0005,24.17832120798994,20.48121345898835,3306471424,17.873288,5.411344,0.9630375822910893,[]
2,3,2,2,2,ldak-kvik,44,/Users/au507860/REPOS/mixmogam/benchmarks/results/20261003-hapnest-kvik-n50000/rho0.8_fst0.05_rep01/confounded-pc_mixed,20262486,50000,12000,confounded-pc,mixed,0.8,0.05,12000,2000,10,0.229,-0.5,,,,3.2644585034867903,0.9654054323901633,,,,,,,,0.9,0.9,0.04,0.013,0.0005,21.43226595898159,,683245568,26.819145,0.7620809999999999,1.2869020033992986,[]
2,3,8,3,1,mixmogam-he,45,/Users/au507860/REPOS/mixmogam/benchmarks/results/20261003-hapnest-kvik-n50000/rho0.8_fst0.05_rep01/confounded-pc_mixed,20262486,50000,12000,confounded-pc,mixed,0.8,0.05,12000,2000,10,0.5208717458993155,-1.0,interior,none,179.17205031010465,3.489406127278731,1.0592567973037161,1.0,,True,True,10,9,"[0.01, 0.5]",0.9,0.9,0.0525,0.0105,0.0005,27.24442820897093,23.73398591700243,3236757504,21.107531,5.224187,0.9664991974883732,[]
2,3,8,3,2,ldak-kvik,46,/Users/au507860/REPOS/mixmogam/benchmarks/results/20261003-hapnest-kvik-n50000/rho0.8_fst0.05_rep01/confounded-pc_mixed,20262486,50000,12000,confounded-pc,mixed,0.8,0.05,12000,2000,10,0.229,-0.5,,,,3.2644585034867903,0.9654054323901633,,,,,,,,0.9,0.9,0.04,0.013,0.0005,18.257216915953904,,684113920,22.898251000000002,0.751511,1.295365121029694,[]
2,3,4,4,1,ldak-kvik,47,/Users/au507860/REPOS/mixmogam/benchmarks/results/20261003-hapnest-kvik-n50000/rho0.8_fst0.05_rep01/confounded-pc_mixed,20262486,50000,12000,confounded-pc,mixed,0.8,0.05,12000,2000,10,0.229,-0.5,,,,3.2644585034867903,0.9654054323901633,,,,,,,,0.9,0.9,0.04,0.013,0.0005,20.81528545898618,,682819584,25.560956,0.859838,1.2692977020208898,[]
2,3,4,4,2,mixmogam-he,48,/Users/au507860/REPOS/mixmogam/benchmarks/results/20261003-hapnest-kvik-n50000/rho0.8_fst0.05_rep01/confounded-pc_mixed,20262486,50000,12000,confounded-pc,mixed,0.8,0.05,12000,2000,10,0.5208717458993155,-1.0,interior,none,179.17205031010465,3.489406127278731,1.0592567973037161,1.0,,True,True,10,9,"[0.01, 0.5]",0.9,0.9,0.0525,0.0105,0.0005,26.396396833006293,23.321291416999884,3039576064,20.61549,5.166589,0.9767272087591083,[]
