bonferroni_05,delta,delta_rel_err,fp_lm,fp_lmm,gen_seconds,lambda_gc,lambda_gc_lm,lambda_gc_lmm,ll,m,max_dlog10p,method,n,n_false_positive,n_perm,n_significant,peak_rss_gb,power,pseudo_h2,scenario,seconds,seed,tail_mass,threshold_05,top100_overlap
,1.09389,,,,2.04,,,,-1074.784,20000,,fit_exact,800,,,,,,0.4776,S1_ld_small,0.089,1,,,
,1.12132,0.0251,,,2.04,,,,-1076.08,20000,,fit_slq,800,,,,,,0.4714,S1_ld_small,0.233,1,,,
,1.14391,,,,2.04,,,,,20000,,fit_exact_kinship25,800,,,,,,0.4664,S1_ld_small,0.151,1,,,
,,,,,2.04,,,,,20000,,kinship_full,800,,,,,,,S1_ld_small,0.304,1,,,
,,,,,2.04,1.0015,,,,20000,,scan_lmm_exact_f32,800,0,,1,,0.05,,S1_ld_small,0.557,1,,,
2.5e-06,,,,,2.04,,,,,20000,,permutations_batched,800,,50,,,,,S1_ld_small,0.362,1,,4.02e-05,
,0.69285,0.0138,,,2.14,,,,-895.91,20000,,fit_slq,800,,,,,,0.5907,S2_structure,0.294,1,,,
,0.69573,,,,2.14,,,,,20000,,fit_exact_kinship25,800,,,,,,0.5897,S2_structure,0.195,1,,,
,,,,,2.14,,,,,20000,,kinship_full,800,,,,,,,S2_structure,0.278,1,,,
,,,,,2.14,1.0062,,,,20000,,scan_lmm_exact_f32,800,3,,3,,0.0,,S2_structure,0.183,1,,,
,,,,,2.14,0.3827,,,,20000,,scan_lm_nok,800,960,,960,,0.0,,S2_structure,0.126,1,,,
,,,960,3,2.14,,0.383,1.006,,20000,,lmm_vs_lm,800,,,,,,,S2_structure,,1,,,
,1.01192,0.0096,,,4.65,,,,-2579.952,20000,,fit_slq,2000,,,,,,0.497,S3_large,2.72,1,,,
,1.05576,,,,4.65,,,,,20000,,fit_exact_kinship25,2000,,,,,,0.4864,S3_large,1.69,1,,,
,,,,,4.65,,,,,20000,,kinship_full,2000,,,,,,,S3_large,1.052,1,,,
,,,,,4.65,1.0473,,,,20000,,scan_lmm_exact_f32,2000,21,,23,,0.1,,S3_large,0.752,1,,,
,,,,,4.65,1.0472,,,,20000,,scan_lmm_exact_f64,2000,21,,23,,0.1,,S3_large,1.817,1,,,
,,,,,4.65,1.0497,,,,20000,0.0792,scan_topk1024,2000,21,,23,,0.1,,S3_large,5.019,1,35.27,,99
,,,,,4.65,1.0497,,,,20000,0.0792,scan_topk1024,2000,21,,23,,0.1,,S3_large,5.019,1,35.27,,99
,0.91639,,,,,1.0668,,,,50000,,dense_exact_pipeline,10000,50,,65,7762.41,0.5,0.5218,S4_n10k,284.02,1,,,
,0.91724,0.0009,,,,,,,,50000,,kfree_slq_topk1024,10000,,,,7762.41,,0.5216,S4_n10k,315.74,1,1453.9,,
,,,,,,0.8834,,,,50000,17.3805,kfree_scan_topk1024_f32,10000,84,,98,7762.41,0.467,,S4_n10k,6.46,1,,,88
