workload,source,rep,wall_seconds,fit_seconds,user_seconds,system_seconds,peak_rss_gib
bolt-gram,baseline,0,16.517477124987636,14.985990250017494,20.687823,1.56605,3.32647705078125
bolt-gram,optimized,0,16.34140854200814,15.079485624970403,20.929936,1.290789,4.1998138427734375
kvik-he-gram,baseline,0,25.723528291040566,24.48853037500521,24.805383,0.8885959999999999,3.683197021484375
kvik-he-gram,optimized,0,27.02915512502659,25.622360624955036,26.022422,0.843916,3.3947601318359375
bolt,baseline,0,17.785312541993335,16.61469679197762,20.959198,1.706834,2.3113861083984375
bolt,optimized,0,18.329696082975715,16.922973415988963,21.224729,1.8728259999999999,2.1587066650390625
kvik-he,baseline,0,5.861531874979846,4.427045666030608,4.956062,0.53287,1.7411651611328125
kvik-he,optimized,0,5.731157917005476,4.480240750010125,4.964403,0.5092479999999999,1.7201385498046875
kvik-he-streamed-m80000,baseline,0,17.035358875000384,15.576024624984711,15.839535,1.013014,1.2544097900390625
kvik-he-streamed-m80000,optimized,0,17.32913795800414,15.76477716700174,16.062884,1.046131,1.1827850341796875
bolt-gram,optimized,1,16.464421542012133,15.000956500007305,20.9681,1.2550729999999999,4.1928253173828125
bolt-gram,baseline,1,16.433108915982302,15.182589459000155,20.844711,1.515996,3.3121490478515625
kvik-he-gram,optimized,1,27.027011749974918,25.762675541976932,26.070187,0.899813,3.4227142333984375
kvik-he-gram,baseline,1,25.69184200000018,24.421900958986953,24.747681,0.8795029999999999,3.6771240234375
bolt,optimized,1,18.40947670803871,17.02280079200864,21.350602,1.835059,2.187408447265625
bolt,baseline,1,18.279754124989267,16.871866999950726,21.136124,1.9708219999999999,2.2661590576171875
kvik-he,optimized,1,5.858360916026868,4.400550915976055,4.934122,0.533918,1.7162628173828125
kvik-he,baseline,1,5.541381374991033,4.3509241249994375,4.79593,0.494594,1.7383880615234375
kvik-he-streamed-m80000,optimized,1,17.206247624999378,15.679554749978706,15.98674,1.002426,1.1793365478515625
kvik-he-streamed-m80000,baseline,1,16.742502458044328,15.481642208003905,15.701395,0.9741909999999999,1.24029541015625
