theta,seed,method,bin,n_audit,k,mean_variance_ratio,analytic_fpr_01,empirical_fpr_01,mc_se,analytic_fpr_5e8
0.0,20261003,exact,all,970,0,1.0,0.009999999999999998,0.010071649484536082,0.00010451759752902346,4.9999999999999846e-08
0.0,20261003,exact,q1,194,0,1.0,0.009999999999999998,0.01022422680412371,0.00017666966315766405,4.9999999999999846e-08
0.0,20261003,exact,q2,194,0,1.0,0.009999999999999998,0.010108247422680414,0.00018267123689147223,4.9999999999999846e-08
0.0,20261003,exact,q3,194,0,1.0,0.009999999999999998,0.010213917525773195,0.00018211296994181635,4.9999999999999846e-08
0.0,20261003,exact,q4,194,0,1.0,0.009999999999999998,0.009711340206185567,0.00017626730731746656,4.9999999999999846e-08
0.0,20261003,exact,q5,194,0,1.0,0.009999999999999998,0.010100515463917525,0.00017725672701770926,4.9999999999999846e-08
0.0,20261003,constant,all,970,0,0.9969797788151885,0.009895743370190706,0.009956701030927835,0.00010370733216053896,4.8898076735187054e-08
0.0,20261003,constant,q1,194,0,0.9992841609950571,0.009980761842169356,0.010190721649484537,0.00017622684678916917,5.0565943482812574e-08
0.0,20261003,constant,q2,194,0,0.9989049301520483,0.009966966906661202,0.010061855670103093,0.0001821690970772412,5.032341804774114e-08
0.0,20261003,constant,q3,194,0,0.9986954982045416,0.009959311518771562,0.010152061855670103,0.0001817261683397156,5.020343483913953e-08
0.0,20261003,constant,q4,194,0,0.9961307252716891,0.009863557209940779,0.009579896907216496,0.0001752059151163229,4.815990697580468e-08
0.0,20261003,constant,q5,194,0,0.9918835794526065,0.009708119373410635,0.009798969072164949,0.00017420625948630234,4.5237680330437355e-08
0.0,20261003,spectral,all,970,4,0.9967099083578153,0.009885361930601392,0.009941237113402062,0.00010346999113176827,4.8638291174647254e-08
0.0,20261003,spectral,q1,194,4,0.9962180781743867,0.009867005896225292,0.010072164948453609,0.00017438489877214902,4.8238577446193716e-08
0.0,20261003,spectral,q2,194,4,0.9970620963622002,0.009898206615518873,0.00997680412371134,0.0001813516615906017,4.88696817592865e-08
0.0,20261003,spectral,q3,194,4,0.9975436519751232,0.009916494912296276,0.010100515463917525,0.0001814439872072709,4.9313594150675756e-08
0.0,20261003,spectral,q4,194,4,0.9967792918938989,0.00988745876862917,0.009600515463917525,0.00017502055750196957,4.862546184542599e-08
0.0,20261003,spectral,q5,194,4,0.9959464233834668,0.009857643460337344,0.009956185567010308,0.00017559731481247637,4.814414067165426e-08
0.05,20261004,exact,all,970,0,1.0,0.009999999999999998,0.010073711340206185,0.00010482976793034935,4.9999999999999846e-08
0.05,20261004,exact,q1,194,0,1.0,0.009999999999999998,0.010018041237113404,0.0001765974224820113,4.9999999999999846e-08
0.05,20261004,exact,q2,194,0,1.0,0.009999999999999998,0.010304123711340207,0.0001856133836609535,4.9999999999999846e-08
0.05,20261004,exact,q3,194,0,1.0,0.009999999999999998,0.010005154639175257,0.00017664299962952802,4.9999999999999846e-08
0.05,20261004,exact,q4,194,0,1.0,0.009999999999999998,0.009868556701030927,0.00017719410252511623,4.9999999999999846e-08
0.05,20261004,exact,q5,194,0,1.0,0.009999999999999998,0.010172680412371132,0.00017732937370428689,4.9999999999999846e-08
0.05,20261004,constant,all,970,0,0.996858629927669,0.00997194690310397,0.010104123711340207,0.00010485540573665689,5.897641186894086e-08
0.05,20261004,constant,q1,194,0,1.049501289187473,0.011933977082656016,0.012041237113402062,0.00019609833032216672,1.0547621008594725e-07
0.05,20261004,constant,q2,194,0,1.031114565686062,0.01120091156547341,0.011487113402061854,0.00019576536858947338,8.15147286264788e-08
0.05,20261004,constant,q3,194,0,1.005223178459939,0.010204487436119318,0.01029639175257732,0.00017966371189430787,5.561648633755685e-08
0.05,20261004,constant,q4,194,0,0.9771596126542992,0.009176967919756892,0.00911340206185567,0.00016925177971298405,3.608419083795501e-08
0.05,20261004,constant,q5,194,0,0.921294503650572,0.0073433905115142155,0.007582474226804124,0.00015085646250190284,1.6190443456766398e-08
0.05,20261004,spectral,all,970,4,1.0021420918249317,0.010087271414263533,0.010177319587628865,0.00010539205821858373,5.281320488367647e-08
0.05,20261004,spectral,q1,194,4,1.002611366968473,0.010104749539917302,0.010159793814432988,0.00017797884428647165,5.317152844813871e-08
0.05,20261004,spectral,q2,194,4,1.0043879598748406,0.010172174965400219,0.010474226804123712,0.0001874651861017619,5.474718147939392e-08
0.05,20261004,spectral,q3,194,4,1.0019532743089954,0.010080171629078802,0.010126288659793816,0.00017779505992632688,5.266866816610916e-08
0.05,20261004,spectral,q4,194,4,1.0004711740749743,0.010024452432893769,0.00988917525773196,0.00017691889244430357,5.141832626065088e-08
0.05,20261004,spectral,q5,194,4,1.0012866838973755,0.010054808504027575,0.010237113402061855,0.00017747945527791584,5.206032006408965e-08
0.2,20261005,exact,all,970,0,1.0,0.009999999999999998,0.010058762886597938,0.00010411899314495848,4.9999999999999846e-08
0.2,20261005,exact,q1,194,0,1.0,0.009999999999999998,0.010085051546391752,0.00017509701662308107,4.9999999999999846e-08
0.2,20261005,exact,q2,194,0,1.0,0.009999999999999998,0.010188144329896908,0.00017714751354747479,4.9999999999999846e-08
0.2,20261005,exact,q3,194,0,1.0,0.009999999999999998,0.009945876288659795,0.0001716827260131081,4.9999999999999846e-08
0.2,20261005,exact,q4,194,0,1.0,0.009999999999999998,0.010208762886597939,0.00018112357708356132,4.9999999999999846e-08
0.2,20261005,exact,q5,194,0,1.0,0.009999999999999998,0.0098659793814433,0.0001833294701723964,4.9999999999999846e-08
0.2,20261005,constant,all,970,0,1.0332592563977467,0.012525407636756605,0.012637113402061854,0.0001179512245448476,3.9346459700831043e-07
0.2,20261005,constant,q1,194,0,1.2663852130690259,0.02212694209283248,0.022399484536082474,0.0002717553248643405,1.3703933504853188e-06
0.2,20261005,constant,q2,194,0,1.1593608244727367,0.016774283598307523,0.01704896907216495,0.0002385959449323867,4.376690866326813e-07
0.2,20261005,constant,q3,194,0,1.061094271393319,0.012432582652255737,0.012193298969072163,0.00019312065337863282,1.3118829524473173e-07
0.2,20261005,constant,q4,194,0,0.9486349075616475,0.008241540996506215,0.008487113402061855,0.00016525284144122853,2.6829073109176437e-08
0.2,20261005,constant,q5,194,0,0.7308210654920055,0.0030516888438810777,0.0030567010309278347,9.460468145408289e-05,1.243179569643617e-09
0.2,20261005,spectral,all,970,4,0.9991257281241915,0.009973733582863088,0.010023711340206186,0.00010335359190431175,5.027750175771471e-08
0.2,20261005,spectral,q1,194,4,0.9993272423317222,0.009982425212251582,0.010069587628865978,0.00017382964964904893,5.0640756251034776e-08
0.2,20261005,spectral,q2,194,4,1.0004067722492604,0.010020887871714726,0.010172680412371132,0.0001769917528944211,5.116964220387284e-08
0.2,20261005,spectral,q3,194,4,0.9994373503529024,0.009985004871684876,0.009902061855670103,0.00017013622077490667,5.046866849272779e-08
0.2,20261005,spectral,q4,194,4,0.9987170321716361,0.00995776609981987,0.010193298969072164,0.00018001478121688246,4.984533726000212e-08
0.2,20261005,spectral,q5,194,4,0.9977402435154369,0.009922583858844378,0.009780927835051547,0.00018210698494590817,4.926310458093601e-08
