case_index,threads,method,case,seed,kvik_threads,blas_threads,numba_pool_ceiling,cache_bytes,n,m,cell,trait,rho,fst,n_tested,n_null,n_causal,h2,alpha,he_status,he_boundary,he_curvature_se_ratio,lambda_gc_all,lambda_gc_null,calibration_lambda,converged,cv_converged,loco_converged,cv_iterations,loco_iterations,cv_best,power_bonferroni,power_5e-8,null_rejection_0.05,null_rejection_0.01,null_rejection_0.001,wall_seconds,fit_seconds,peak_rss_bytes,user_seconds,system_seconds,cpu_wall_ratio,reported_threadpools,timing_repeats,wall_seconds_min,wall_seconds_max,fit_seconds_min,fit_seconds_max,peak_rss_bytes_min,peak_rss_bytes_max,user_seconds_min,user_seconds_max,system_seconds_min,system_seconds_max,cpu_wall_ratio_min,cpu_wall_ratio_max,speedup_vs_one_thread,parallel_efficiency
1,1,mixmogam-he,/Users/au507860/REPOS/mixmogam/benchmarks/results/20261003-hapnest-kvik-n50000/rho0.8_fst0_rep01/unstructured_mixed,20262486,1,1,8,,50000,12000,unstructured,mixed,0.8,0,12000,2000,10,0.5125993284953004,-1.0,interior,none,151.31321848004015,3.722339363742361,0.936383520706268,1.0,,True,True,9,9,"[0.01, 0.5]",0.9,0.9,0.045,0.0095,0.001,23.614769999985583,20.488052124972455,2993504256.0,18.456416,4.527853,0.9696737761012585,[],3,23.46450729202479,26.699753709021024,20.37251679203473,23.448226334003266,2951561216.0,3158589440.0,18.435768,21.345913,4.1906039999999996,4.544138,0.964280720596692,0.9733005657058711,1.0,1.0
1,1,ldak-kvik,/Users/au507860/REPOS/mixmogam/benchmarks/results/20261003-hapnest-kvik-n50000/rho0.8_fst0_rep01/unstructured_mixed,20262486,,1,,,50000,12000,unstructured,mixed,0.8,0,12000,2000,10,0.2361,0.0,,,,3.7209975707549052,0.963178973222567,,,,,,,,0.9,0.9,0.046,0.011,0.001,20.042020833992865,,682115072.0,19.089296,0.54155,0.9691730186239038,[],3,18.90096674999222,21.047838250000495,,,681328640.0,683294720.0,17.763312,19.398342,0.538817,0.5549949999999999,0.9473605680146051,0.9793479990156062,1.0,1.0
2,1,ldak-kvik,/Users/au507860/REPOS/mixmogam/benchmarks/results/20261003-hapnest-kvik-n50000/rho0.8_fst0.05_rep01/confounded-pc_mixed,20262486,,1,,,50000,12000,confounded-pc,mixed,0.8,0.05,12000,2000,10,0.229,-0.5,,,,3.2644585034867903,0.9654054323901633,,,,,,,,0.9,0.9,0.04,0.013,0.0005,25.090204666019417,,683360256.0,24.087851,0.578287,0.9787295212166124,[],3,23.846127500000875,26.787352291983552,,,681984000.0,683671552.0,22.768127,25.171868999999997,0.46867299999999995,0.69256,0.9655463040197612,0.9790442494278848,1.0,1.0
2,1,mixmogam-he,/Users/au507860/REPOS/mixmogam/benchmarks/results/20261003-hapnest-kvik-n50000/rho0.8_fst0.05_rep01/confounded-pc_mixed,20262486,1,1,8,,50000,12000,confounded-pc,mixed,0.8,0.05,12000,2000,10,0.5208717458993155,-1.0,interior,none,179.17205031010465,3.489406127278731,1.0592567973037161,1.0,,True,True,10,9,"[0.01, 0.5]",0.9,0.9,0.0525,0.0105,0.0005,25.844279624987394,22.484900499985088,3153788928.0,19.102307,5.164164,0.9389494059079171,[],3,23.78279399999883,28.461106749949977,20.801903249986935,25.411311625037342,2889154560.0,3522166784.0,17.369945,21.720374,4.8944149999999995,5.2362589999999996,0.9361540952674061,0.9471393096843425,1.0,1.0
1,4,ldak-kvik,/Users/au507860/REPOS/mixmogam/benchmarks/results/20261003-hapnest-kvik-n50000/rho0.8_fst0_rep01/unstructured_mixed,20262486,,4,,,50000,12000,unstructured,mixed,0.8,0,12000,2000,10,0.2361,0.0,,,,3.7209975707549052,0.963178973222567,,,,,,,,0.9,0.9,0.046,0.011,0.001,16.249997125007212,,680787968.0,21.051756,0.69158,1.3028359418314632,[],3,15.339058709039818,17.44577341596596,,,680198144.0,682803200.0,19.433289,21.833624,0.550988,0.7161359999999999,1.2925629298476955,1.3380516828854732,1.2333553464541902,0.30833883661354755
1,4,mixmogam-he,/Users/au507860/REPOS/mixmogam/benchmarks/results/20261003-hapnest-kvik-n50000/rho0.8_fst0_rep01/unstructured_mixed,20262486,4,1,8,,50000,12000,unstructured,mixed,0.8,0,12000,2000,10,0.5125993284953004,-1.0,interior,none,151.31321848004015,3.722339948612155,0.9363828557660628,1.0,,True,True,9,9,"[0.01, 0.5]",0.9,0.9,0.045,0.0095,0.001,17.148352332995273,13.794141958991531,3073245184.0,19.215118,2.74809,1.259198818679063,"[{""user_api"": ""openmp"", ""internal_api"": ""openmp"", ""num_threads"": 8}]",3,17.131758540985174,18.06041566701606,13.7496885000146,14.340140375017654,2764931072.0,3231383552.0,18.845095,19.259624,2.624485,3.049031,1.235223785061744,1.2748021721034657,1.377086821020596,0.344271705255149
2,4,mixmogam-he,/Users/au507860/REPOS/mixmogam/benchmarks/results/20261003-hapnest-kvik-n50000/rho0.8_fst0.05_rep01/confounded-pc_mixed,20262486,4,1,8,,50000,12000,confounded-pc,mixed,0.8,0.05,12000,2000,10,0.5208717459055843,-1.0,interior,none,179.17205044368703,3.4894045422094835,1.0592584311873126,1.0,,True,True,10,9,"[0.01, 0.5]",0.9,0.9,0.0525,0.0105,0.0005,18.015850875002798,15.200614457949996,3279241216.0,21.185025,2.8223789999999997,1.309600926633799,"[{""user_api"": ""openmp"", ""internal_api"": ""openmp"", ""num_threads"": 8}]",3,17.75078491604654,22.387471749971155,14.944318707974162,19.065277874993626,2640822272.0,3494395904.0,20.771196,23.094037,2.527171,4.614795,1.2376936667730558,1.3358392945522313,1.434530059351603,0.35863251483790076
2,4,ldak-kvik,/Users/au507860/REPOS/mixmogam/benchmarks/results/20261003-hapnest-kvik-n50000/rho0.8_fst0.05_rep01/confounded-pc_mixed,20262486,,4,,,50000,12000,confounded-pc,mixed,0.8,0.05,12000,2000,10,0.229,-0.5,,,,3.2644585034867903,0.9654054323901633,,,,,,,,0.9,0.9,0.04,0.013,0.0005,19.881397999997716,,681803776.0,26.102924,0.679885,1.3419617905452186,[],3,18.199526374053676,21.909055417054333,,,681426944.0,682999808.0,23.743184,26.621019,0.6536029999999999,0.7741669999999999,1.2504047061141295,1.3458071208072528,1.2619939838245933,0.3154984959561483
1,8,mixmogam-he,/Users/au507860/REPOS/mixmogam/benchmarks/results/20261003-hapnest-kvik-n50000/rho0.8_fst0_rep01/unstructured_mixed,20262486,8,1,8,,50000,12000,unstructured,mixed,0.8,0,12000,2000,10,0.5125993284953004,-1.0,interior,none,151.31321848004015,3.722339948612155,0.9363828557660628,1.0,,True,True,9,9,"[0.01, 0.5]",0.9,0.9,0.045,0.0095,0.001,19.681661166949198,16.32255012501264,3061628928.0,21.571694,3.440085,1.2708164614682782,"[{""user_api"": ""openmp"", ""internal_api"": ""openmp"", ""num_threads"": 8}]",3,15.133851375023369,20.46477679198142,12.402888000011444,17.40895820799051,2831187968.0,3073507328.0,18.213624,22.081941,2.597945,3.590671,1.2544779872731928,1.3751667360991155,1.199836223155855,0.14997952789448188
1,8,ldak-kvik,/Users/au507860/REPOS/mixmogam/benchmarks/results/20261003-hapnest-kvik-n50000/rho0.8_fst0_rep01/unstructured_mixed,20262486,,8,,,50000,12000,unstructured,mixed,0.8,0,12000,2000,10,0.2361,0.0,,,,3.7209975707549052,0.963178973222567,,,,,,,,0.9,0.9,0.046,0.011,0.001,17.59906645899173,,680869888.0,22.14721,0.746293,1.3114257530228275,[],3,16.933637292007916,18.45126187603455,,,678936576.0,681017344.0,21.914848999999997,23.451166999999998,0.692425,0.754508,1.3013030011202122,1.335051271629034,1.1388115887108876,0.14235144858886095
2,8,ldak-kvik,/Users/au507860/REPOS/mixmogam/benchmarks/results/20261003-hapnest-kvik-n50000/rho0.8_fst0.05_rep01/confounded-pc_mixed,20262486,,8,,,50000,12000,confounded-pc,mixed,0.8,0.05,12000,2000,10,0.229,-0.5,,,,3.2644585034867903,0.9654054323901633,,,,,,,,0.9,0.9,0.04,0.013,0.0005,19.783183457970154,,681738240.0,25.864363,0.795115,1.3475828122727922,[],3,16.620880707981996,20.100831541931257,,,681295872.0,682901504.0,21.043217,26.326428,0.630261,0.811408,1.303990948541707,1.3500852411697113,1.2682592121396516,0.15853240151745646
2,8,mixmogam-he,/Users/au507860/REPOS/mixmogam/benchmarks/results/20261003-hapnest-kvik-n50000/rho0.8_fst0.05_rep01/confounded-pc_mixed,20262486,8,1,8,,50000,12000,confounded-pc,mixed,0.8,0.05,12000,2000,10,0.5208717459055843,-1.0,interior,none,179.17205044368703,3.4894045422094835,1.0592584311873126,1.0,,True,True,10,9,"[0.01, 0.5]",0.9,0.9,0.0525,0.0105,0.0005,20.01891883299686,16.93668849999085,3098116096.0,23.245028,3.646408,1.3419718729124943,"[{""user_api"": ""openmp"", ""internal_api"": ""openmp"", ""num_threads"": 8}]",3,19.772234125004616,26.32430249999743,16.871095666021574,18.397404792020097,3095822336.0,3182297088.0,23.072272,24.458319,3.619798,4.154635,1.086940632140312,1.351323266307609,1.2909927774115695,0.16137409717644619
