case_index,rep,threads,thread_order,order,method,schedule_index,case,seed,kvik_threads,blas_threads,numba_pool_ceiling,cache_bytes,storage,n,m,cell,trait,rho,fst,n_tested,n_null,n_causal,h2,alpha,he_status,he_boundary,he_curvature_se_ratio,lambda_gc_all,lambda_gc_null,calibration_lambda,converged,cv_converged,loco_converged,cv_iterations,loco_iterations,cv_best,power_bonferroni,power_5e-8,null_rejection_0.05,null_rejection_0.01,null_rejection_0.001,wall_seconds,fit_seconds,peak_rss_bytes,user_seconds,system_seconds,cpu_wall_ratio,reported_threadpools
1,1,1,1,1,mixmogam-he,1,/Users/au507860/REPOS/mixmogam/benchmarks/results/20261003-hapnest-kvik-n50000-m20000/rho0.8_fst0_rep01/unstructured_mixed,20262486,1,1,8,,int8,50000,20000,unstructured,mixed,0.8,0,20000,3300,10,0.5224038468548765,0.0,interior,none,192.14659595040467,2.7343249686287763,0.9514273584678159,1.0,,True,True,15,8,"[0.01, 0.5]",1.0,1.0,0.04878787878787879,0.008484848484848486,0.0009090909090909091,32.623134374967776,29.02907791698817,1506131968,28.644237,3.427139,0.9830868987441271,[]
1,1,4,2,1,mixmogam-he,2,/Users/au507860/REPOS/mixmogam/benchmarks/results/20261003-hapnest-kvik-n50000-m20000/rho0.8_fst0_rep01/unstructured_mixed,20262486,4,1,8,,int8,50000,20000,unstructured,mixed,0.8,0,20000,3300,10,0.5224038468548765,0.0,interior,none,192.14659595040467,2.73432504423933,0.9514278760611691,1.0,,True,True,15,8,"[0.01, 0.5]",1.0,1.0,0.04878787878787879,0.008484848484848486,0.0009090909090909091,20.384369042003527,16.772313916007988,1540341760,27.693993,2.27013,1.4699558734566014,"[{""user_api"": ""openmp"", ""internal_api"": ""openmp"", ""num_threads"": 8}]"
2,1,4,1,1,mixmogam-he,3,/Users/au507860/REPOS/mixmogam/benchmarks/results/20261003-hapnest-kvik-n50000-m20000/rho0.8_fst0.05_rep01/confounded-pc_mixed,20262486,4,1,8,,int8,50000,20000,confounded-pc,mixed,0.8,0.05,20000,3300,10,0.5048847238554967,-1.0,interior,none,201.98224045588785,2.623499324751363,0.977602767975031,1.0,,True,True,10,8,"[0.01, 0.5]",1.0,1.0,0.055757575757575756,0.014242424242424242,0.0027272727272727275,19.151876667048782,15.485319832980167,1548124160,25.066133,2.238718,1.4257010670384374,"[{""user_api"": ""openmp"", ""internal_api"": ""openmp"", ""num_threads"": 8}]"
2,1,1,2,1,mixmogam-he,4,/Users/au507860/REPOS/mixmogam/benchmarks/results/20261003-hapnest-kvik-n50000-m20000/rho0.8_fst0.05_rep01/confounded-pc_mixed,20262486,1,1,8,,int8,50000,20000,confounded-pc,mixed,0.8,0.05,20000,3300,10,0.5048847238554967,-1.0,interior,none,201.98224045588785,2.6235167434688074,0.9775945007815477,1.0,,True,True,10,8,"[0.01, 0.5]",1.0,1.0,0.055757575757575756,0.014242424242424242,0.0027272727272727275,29.133116415992845,25.633881541958544,1528791040,25.589068,3.046273,0.9829137601043056,[]
1,2,4,1,1,mixmogam-he,5,/Users/au507860/REPOS/mixmogam/benchmarks/results/20261003-hapnest-kvik-n50000-m20000/rho0.8_fst0_rep01/unstructured_mixed,20262486,4,1,8,,int8,50000,20000,unstructured,mixed,0.8,0,20000,3300,10,0.5224038468548765,0.0,interior,none,192.14659595040467,2.73432504423933,0.9514278760611691,1.0,,True,True,15,8,"[0.01, 0.5]",1.0,1.0,0.04878787878787879,0.008484848484848486,0.0009090909090909091,20.360146040969994,16.69885437504854,1530822656,27.71494,2.293969,1.473904408132149,"[{""user_api"": ""openmp"", ""internal_api"": ""openmp"", ""num_threads"": 8}]"
1,2,1,2,1,mixmogam-he,6,/Users/au507860/REPOS/mixmogam/benchmarks/results/20261003-hapnest-kvik-n50000-m20000/rho0.8_fst0_rep01/unstructured_mixed,20262486,1,1,8,,int8,50000,20000,unstructured,mixed,0.8,0,20000,3300,10,0.5224038468548765,0.0,interior,none,192.14659595040467,2.7343249686287763,0.9514273584678159,1.0,,True,True,15,8,"[0.01, 0.5]",1.0,1.0,0.04878787878787879,0.008484848484848486,0.0009090909090909091,32.71058700000867,29.072676291980315,1532870656,28.783007,3.383737,0.9833740984223692,[]
2,2,1,1,1,mixmogam-he,7,/Users/au507860/REPOS/mixmogam/benchmarks/results/20261003-hapnest-kvik-n50000-m20000/rho0.8_fst0.05_rep01/confounded-pc_mixed,20262486,1,1,8,,int8,50000,20000,confounded-pc,mixed,0.8,0.05,20000,3300,10,0.5048847238554967,-1.0,interior,none,201.98224045588785,2.6235167434688074,0.9775945007815477,1.0,,True,True,10,8,"[0.01, 0.5]",1.0,1.0,0.055757575757575756,0.014242424242424242,0.0027272727272727275,29.31197720899945,25.641478916979395,1523728384,25.591311,3.171736,0.981272835841626,[]
2,2,4,2,1,mixmogam-he,8,/Users/au507860/REPOS/mixmogam/benchmarks/results/20261003-hapnest-kvik-n50000-m20000/rho0.8_fst0.05_rep01/confounded-pc_mixed,20262486,4,1,8,,int8,50000,20000,confounded-pc,mixed,0.8,0.05,20000,3300,10,0.5048847238554967,-1.0,interior,none,201.98224045588785,2.623499324751363,0.977602767975031,1.0,,True,True,10,8,"[0.01, 0.5]",1.0,1.0,0.055757575757575756,0.014242424242424242,0.0027272727272727275,18.929753625008743,15.296515292022377,1564491776,24.885812,2.194642,1.4305761467609959,"[{""user_api"": ""openmp"", ""internal_api"": ""openmp"", ""num_threads"": 8}]"
1,3,1,1,1,mixmogam-he,9,/Users/au507860/REPOS/mixmogam/benchmarks/results/20261003-hapnest-kvik-n50000-m20000/rho0.8_fst0_rep01/unstructured_mixed,20262486,1,1,8,,int8,50000,20000,unstructured,mixed,0.8,0,20000,3300,10,0.5224038468548765,0.0,interior,none,192.14659595040467,2.7343249686287763,0.9514273584678159,1.0,,True,True,15,8,"[0.01, 0.5]",1.0,1.0,0.04878787878787879,0.008484848484848486,0.0009090909090909091,32.69270758301718,28.98338029201841,1525612544,28.669739,3.442482,0.9822441570021956,[]
1,3,4,2,1,mixmogam-he,10,/Users/au507860/REPOS/mixmogam/benchmarks/results/20261003-hapnest-kvik-n50000-m20000/rho0.8_fst0_rep01/unstructured_mixed,20262486,4,1,8,,int8,50000,20000,unstructured,mixed,0.8,0,20000,3300,10,0.5224038468548765,0.0,interior,none,192.14659595040467,2.73432504423933,0.9514278760611691,1.0,,True,True,15,8,"[0.01, 0.5]",1.0,1.0,0.04878787878787879,0.008484848484848486,0.0009090909090909091,20.185437167005148,16.71229008299997,1520861184,27.749869,2.247712,1.4861001400075524,"[{""user_api"": ""openmp"", ""internal_api"": ""openmp"", ""num_threads"": 8}]"
2,3,4,1,1,mixmogam-he,11,/Users/au507860/REPOS/mixmogam/benchmarks/results/20261003-hapnest-kvik-n50000-m20000/rho0.8_fst0.05_rep01/confounded-pc_mixed,20262486,4,1,8,,int8,50000,20000,confounded-pc,mixed,0.8,0.05,20000,3300,10,0.5048847238554967,-1.0,interior,none,201.98224045588785,2.623499324751363,0.977602767975031,1.0,,True,True,10,8,"[0.01, 0.5]",1.0,1.0,0.055757575757575756,0.014242424242424242,0.0027272727272727275,19.007968417019583,15.388668166997377,1537703936,24.795466,2.252191,1.4229641172899754,"[{""user_api"": ""openmp"", ""internal_api"": ""openmp"", ""num_threads"": 8}]"
2,3,1,2,1,mixmogam-he,12,/Users/au507860/REPOS/mixmogam/benchmarks/results/20261003-hapnest-kvik-n50000-m20000/rho0.8_fst0.05_rep01/confounded-pc_mixed,20262486,1,1,8,,int8,50000,20000,confounded-pc,mixed,0.8,0.05,20000,3300,10,0.5048847238554967,-1.0,interior,none,201.98224045588785,2.6235167434688074,0.9775945007815477,1.0,,True,True,10,8,"[0.01, 0.5]",1.0,1.0,0.055757575757575756,0.014242424242424242,0.0027272727272727275,29.238642083015293,25.590560832992196,1536819200,25.58744,3.09313,0.9809132010498026,[]
