rep,method,corr_exact,corr_reference,mean_chi2_qtl,lambda_all,fpr01_all,lambda_q1,fpr01_q1,lambda_q2,fpr01_q2,lambda_q3,fpr01_q3,lambda_q4,fpr01_q4,lambda_q5,fpr01_q5
1,ldak-kvik (reference),0.9797501355788346,0.9999999999999999,15.813543173,1.0974798557045238,0.01385419032477856,1.3455721258860545,0.015355086372360844,1.1816645418577663,0.016419703644373247,1.0392523789543546,0.01731123388581952,1.083854391386907,0.012568482114083145,0.9573516273185442,0.008540925266903915
1,exact,1.0,0.9797501355788346,13.960288965014646,1.0093340407235374,0.00885759709289121,1.096753244122339,0.0067178502879078695,0.9941398695382755,0.00841009211053264,0.9725921971426651,0.009576427255985266,0.9660645690191382,0.009023525620367387,1.0467693193099652,0.0099644128113879
1,bolt-inf,0.9886105139185712,0.9881527872839189,14.705139108354444,0.9974614512804999,0.0099174805057158,1.2449135446364057,0.01055662188099808,1.0690925312597863,0.013616339607529036,0.9915058682677892,0.010681399631675874,0.9529649143762899,0.008701256848211408,0.8403805603514284,0.006761565836298933
1,bolt-inf-spectral,0.9990399809657993,0.9796493106979064,14.003969132982878,1.0166211454167569,0.009084714967067909,1.0833328614218753,0.0067178502879078695,1.0049157132993807,0.00881057268722467,0.9702840816283709,0.009576427255985266,0.9646471836280189,0.009668063164679342,1.0329938448934548,0.0099644128113879
1,kvik (mixmogam),0.9466278576549122,0.9741744047005207,14.682390188210295,1.0100292569342277,0.009690362631539102,1.2934569391141924,0.014395393474088292,1.1310273637094521,0.010812975570684821,0.9503615176215837,0.012154696132596685,1.0094856742933027,0.00837898807605543,0.8427483942499774,0.004270462633451958
2,ldak-kvik (reference),0.9301287276110772,0.9999999999999999,9.831140105,1.083854391386907,0.016655310772957833,1.1606461873931322,0.014875239923224568,1.1353887351073655,0.02042450941129355,1.0041860505856384,0.023204419889502764,1.1099404979215792,0.014502094747019014,1.0073084539101722,0.010676156583629894
2,exact,0.9999999999999999,0.9301287276110772,10.311635144893566,1.055005161736103,0.013475660534484063,0.9925019046515282,0.0067178502879078695,1.0450065205135137,0.015618742490989187,0.9664424134180861,0.01841620626151013,1.0828477359258968,0.014179825974863036,1.159067316075273,0.01103202846975089
2,bolt-inf,0.9884056749453825,0.9329637405090584,10.179520728425285,1.0606419756542955,0.015065485653720947,1.1580344988479572,0.01727447216890595,1.145091921725561,0.01962354825790949,1.000317216277784,0.02136279926335175,1.0808968215167782,0.012246213341927168,0.9758140131896326,0.006405693950177936
2,bolt-inf-spectral,0.9990501102085209,0.9287833132350625,10.240194004461165,1.0533393179995751,0.014081308198955257,1.012256902143916,0.008157389635316698,1.0533393179995751,0.016419703644373247,0.958931618210324,0.01878453038674033,1.0864938413790224,0.013857557202707057,1.1552225886707874,0.012099644128113879
2,kvik (mixmogam),0.986375425444678,0.9413142585372071,9.133476067353847,0.9787674323916636,0.01188583541524718,1.0287324510630214,0.011036468330134356,1.0276815674498605,0.016019223067681217,0.9237957463248598,0.018047882136279926,1.0013835417987882,0.009668063164679342,0.9396619188810756,0.005338078291814947
3,ldak-kvik (reference),0.9618405156557159,0.9999999999999999,8.238405636,1.1284483367581875,0.018396547808312513,1.2468453088683826,0.023512476007677544,1.1240427980979575,0.021625951141369643,1.0638816006006835,0.017679558011049725,1.0949961680009717,0.017080244924266838,1.1325469094493212,0.013879003558718862
3,exact,0.9999999999999999,0.9618405156557159,8.886735368675026,1.0866360390074534,0.015595427360133243,1.161624719631566,0.016794625719769675,1.0533837929011214,0.014817781337605127,1.0161707401599749,0.013996316758747698,1.0627619152859664,0.016113438607798906,1.1595260401600083,0.016370106761565837
3,bolt-inf,0.9887807252336641,0.9633424801225986,8.400495856712874,1.0740585654691541,0.01574683927625104,1.3230627145206677,0.022552783109404992,1.1331295225122942,0.01962354825790949,1.0407117269350117,0.014732965009208104,1.029246290803398,0.015468901063486949,0.9708362747834892,0.008540925266903915
3,bolt-inf-spectral,0.999089207088437,0.9586910054245291,8.880267570214533,1.0855934678989885,0.015444015444015444,1.1628441914640655,0.016314779270633396,1.0497595669811015,0.015618742490989187,1.0096943603262591,0.013259668508287293,1.0574146771811423,0.015791169835642927,1.1522038241271508,0.016370106761565837
3,kvik (mixmogam),0.9872194300455431,0.9770835530246557,8.512144863119497,1.1118610882632392,0.017336664395487925,1.33047358175828,0.02399232245681382,1.1045703890483582,0.020024028834601523,1.0728183706642633,0.016574585635359115,1.0937547966243117,0.017402513696422817,1.053175325255393,0.010676156583629894
4,ldak-kvik (reference),0.9395508930372553,1.0,15.505127607,0.9301305160364844,0.007040654099477629,1.1889281172324109,0.010076775431861805,1.0146128921374158,0.014417300760913096,1.012523215532757,0.006261510128913444,0.8779776243482234,0.004189494038027715,0.7224589487608781,0.002135231316725979
4,exact,1.0,0.9395508930372553,14.576541809354078,0.9551383505626864,0.006510712393065334,1.0032977451792902,0.005758157389635317,0.9792242866622556,0.010812975570684821,0.9835092499879684,0.0066298342541436465,0.9667985899793412,0.005800837898807605,0.8284601409915562,0.003914590747330961
4,bolt-inf,0.9883610521596343,0.9388994355086284,14.7154985824888,0.9510703507328154,0.009160420925126807,1.1515095130940423,0.014875239923224568,1.076411411866563,0.016019223067681217,1.0182973785707128,0.00847145488029466,0.932687958774702,0.006123106670963584,0.6949177992336825,0.0028469750889679717
4,bolt-inf-spectral,0.999148194543859,0.938911277931748,14.562999777130969,0.9489587317267195,0.006662124309183132,1.0151660222918153,0.0047984644913627635,0.980906808005549,0.011213456147376852,0.9794020979154725,0.006998158379373849,0.95325941993081,0.006123106670963584,0.8221987863125608,0.004270462633451958
4,kvik (mixmogam),0.9848686913186534,0.9481738813529187,13.865530891736526,0.9080551876006179,0.006813536225300931,1.0998586679255182,0.008157389635316698,0.9978120073914751,0.014016820184221065,0.9859086654970768,0.005893186003683241,0.9161262370442309,0.004834031582339671,0.6650664502203738,0.002491103202846975
5,ldak-kvik (reference),0.9667385088868069,1.0,8.130488847999999,1.011926560733964,0.011734423499129381,1.1052600637074992,0.01727447216890595,1.0137170526765844,0.01682018422106528,1.0773813330641484,0.009576427255985266,0.9782079151816643,0.0103126007089913,0.9000644467905737,0.006761565836298933
5,exact,1.0,0.9667385088868068,8.948750477023417,0.9918415339255852,0.010068892421833599,0.9441982450071498,0.009596928982725527,0.9596275905739937,0.012815378454144974,1.0009527120017119,0.008103130755064457,1.0175645241077107,0.01160167579761521,1.042845985944653,0.008185053380782919
5,bolt-inf,0.9851975949321309,0.9747975008056876,8.750047112320885,1.001597584871287,0.01097736391854039,1.0904546091434506,0.01583493282149712,1.0439677387156125,0.016419703644373247,1.0279578700909002,0.009576427255985266,0.994628463680992,0.010634869481147276,0.8593113460500155,0.004270462633451958
5,bolt-inf-spectral,0.9992520474759395,0.9657594092175851,9.145307563509663,0.994255440520478,0.009993186463774699,0.9522306864170411,0.009117082533589251,0.9678452898962889,0.013616339607529036,0.9982851103925753,0.0077348066298342545,1.021539764376115,0.010957138253303255,1.025793199872771,0.008540925266903915
5,kvik (mixmogam),0.9840898193325006,0.9829838472973147,8.233251226063373,0.9456510562764264,0.009236126883185706,1.058983305607182,0.012955854126679463,0.9898953390302462,0.014417300760913096,1.006194303849605,0.0077348066298342545,0.9410842979743219,0.0103126007089913,0.8053269834264649,0.002135231316725979
6,ldak-kvik (reference),0.9712072478056822,0.9999999999999999,13.311296287,0.9893839823014071,0.010523128170186994,1.202552306646611,0.019193857965451054,1.1369690658161486,0.013616339607529036,1.036231737101638,0.009576427255985266,0.9235647414618361,0.008056719303899453,0.7876308683814077,0.00498220640569395
6,exact,1.0,0.9712072478056822,12.62973262775862,0.9910086077420989,0.009084714967067909,1.028063998826411,0.01199616122840691,1.0455047350829236,0.0092110532639167,0.9565993280113457,0.007366482504604052,0.963189166275177,0.008056719303899453,0.981010234290553,0.009608540925266904
6,bolt-inf,0.9882045282489211,0.97852519847355,13.187937317293446,0.976765057949409,0.009993186463774699,1.196671287301277,0.018234165067178502,1.1475456520284921,0.014817781337605127,0.990926540139623,0.00847145488029466,0.9285761494829732,0.00676764421527554,0.8007683686775018,0.004626334519572953
6,bolt-inf-spectral,0.9989673833250905,0.9703369532996947,12.62662516620576,0.9815165456506922,0.008781891134832312,1.0286519873881896,0.012955854126679463,1.051214900189697,0.0092110532639167,0.9468435432413825,0.007366482504604052,0.9403134779919502,0.007412181759587496,0.970642775631507,0.008185053380782919
6,kvik (mixmogam),0.9750654705520639,0.9694366944558798,12.922938331924318,0.9832212843181336,0.009009009009009009,1.151129379506638,0.01583493282149712,1.1475453220250826,0.012414897877452943,0.9939090722045026,0.0077348066298342545,0.9037917243968815,0.00676764421527554,0.8075685163003216,0.004626334519572953
